decision_time,lab_sample_time,lab_available_time,lab_value,lab_age_hours,lab_usable,pak_sample_time,pak_available_time,pak_value,pak_age_minutes,pak_frozen,pak_conflict,pak_usable,telemetry_missing_fraction,target_time,target_available_time,actual_sulfur,actual_target,last_lab,last_pak,last_pak_bc,ridge,catboost,catboost_no_pak,prediction,lower,upper,fallback_prediction,fallback_lower,fallback_upper,risk_score,risk_threshold,risk_model,risk_fallback_score,risk_fallback_threshold,risk_fallback_model
2026-01-01 08:00:00,2025-12-31 10:00:00,2025-12-31 14:00:00,9.0,22.0,True,2026-01-01 08:00:00,2026-01-01 08:00:00,7.821131229400635,0.0,False,False,True,0.0,2026-01-01 10:00:00,2026-01-01 14:00:00,8.899999618530273,8.899999618530273,9.0,7.821131229400635,8.883674621582031,9.143835565309077,8.860517006725152,8.797541592487685,8.883674621582031,6.17696733203588,12.611184154239977,8.797541592487685,6.384901673470541,11.998388536622816,9.0,9.899999618530275,lab_threshold,9.0,9.899999618530275,lab_threshold
2026-01-02 08:00:00,2026-01-01 10:00:00,2026-01-01 14:00:00,8.899999618530273,22.0,True,2026-01-02 08:00:00,2026-01-02 08:00:00,7.082888126373291,0.0,False,False,True,0.0,2026-01-02 10:00:00,2026-01-02 14:00:00,9.100000381469727,9.100000381469727,8.899999618530273,7.082888126373291,8.186535596847534,9.694216356262688,8.65427680845929,8.870238076501659,8.186535596847534,5.670744272498738,11.651127494134174,8.870238076501659,6.439696683155608,12.094834888550992,8.899999618530273,9.899999618530275,lab_threshold,8.899999618530273,9.899999618530275,lab_threshold
2026-01-03 08:00:00,2026-01-02 10:00:00,2026-01-02 14:00:00,9.100000381469727,22.0,True,2026-01-03 08:00:00,2026-01-03 08:00:00,7.110424518585205,0.0,False,False,True,0.0,2026-01-03 10:00:00,2026-01-03 14:00:00,10.600000381469727,10.600000381469727,9.100000381469727,7.110424518585205,8.301045417785645,9.268178182393502,8.378159335679788,8.304192821772231,8.301045417785645,5.753894849135038,11.808823322855032,8.304192821772231,6.013039800972369,11.34386322072707,9.100000381469727,9.899999618530275,lab_threshold,9.100000381469727,9.899999618530275,lab_threshold
2026-01-03 12:58:15,2026-01-02 10:00:00,2026-01-02 14:00:00,9.100000381469727,26.970833333333335,True,2026-01-03 12:50:00,2026-01-03 12:50:00,6.288338661193848,8.25,False,False,True,0.0,2026-01-03 14:58:15,2026-01-03 18:58:15,8.699999809265137,8.699999809265137,9.100000381469727,6.288338661193848,7.478959560394287,10.384743192271422,7.909592338804617,8.129307731862028,7.478959560394287,5.156942443423195,10.676697628316639,8.129307731862028,5.8812200805913735,11.111843348552396,9.100000381469727,9.899999618530275,lab_threshold,9.100000381469727,9.899999618530275,lab_threshold
2026-01-04 08:00:00,2026-01-03 14:58:15,2026-01-03 18:58:15,8.699999809265137,17.029166666666665,True,2026-01-04 08:00:00,2026-01-04 08:00:00,6.286812782287598,0.0,False,False,True,0.0,2026-01-04 10:00:00,2026-01-04 14:00:00,8.100000381469727,8.100000381469727,8.699999809265137,6.286812782287598,7.637328386306763,8.960535156779216,7.677517897600066,7.877880816468066,7.637328386306763,5.271940956982597,10.89479336055357,7.877880816468066,5.691706922548534,10.778275513804832,8.699999809265137,9.899999618530275,lab_threshold,8.699999809265137,9.899999618530275,lab_threshold
2026-01-04 16:00:00,2026-01-04 10:00:00,2026-01-04 14:00:00,8.100000381469727,6.0,True,2026-01-04 16:00:00,2026-01-04 16:00:00,6.525620460510254,0.0,False,False,True,0.0,2026-01-04 18:00:00,2026-01-04 22:00:00,6.800000190734863,6.800000190734863,8.100000381469727,6.525620460510254,8.046685576438904,8.493657352800755,8.145747069420667,8.256894013066294,8.046685576438904,5.5691930715248,11.458534713145658,8.256894013066294,5.977388301229468,11.281111938982008,8.100000381469727,9.899999618530275,lab_threshold,8.100000381469727,9.899999618530275,lab_threshold
2026-01-05 08:00:00,2026-01-04 18:00:00,2026-01-04 22:00:00,6.800000190734863,14.0,True,2026-01-05 08:00:00,2026-01-05 08:00:00,5.883740425109863,0.0,False,False,True,0.0,2026-01-05 10:00:00,2026-01-05 14:00:00,7.900000095367432,7.900000095367432,6.800000190734863,5.883740425109863,7.582309246063232,7.867666062865774,7.332831989952007,7.510977029870446,7.582309246063232,5.231989158963845,10.819024410387263,7.510977029870446,5.415153017462282,10.291504630646676,6.800000190734863,9.899999618530275,lab_threshold,6.800000190734863,9.899999618530275,lab_threshold
2026-01-05 20:00:00,2026-01-05 10:00:00,2026-01-05 14:00:00,7.900000095367432,10.0,True,2026-01-05 20:00:00,2026-01-05 20:00:00,5.985692501068115,0.0,False,False,True,0.0,2026-01-05 22:00:00,2026-01-06 02:00:00,8.600000381469727,8.600000381469727,7.900000095367432,5.985692501068115,7.763990879058838,8.80720155975646,8.040543530227358,8.184940439749136,7.763990879058838,5.363916118800537,11.069225095742318,8.184940439749136,5.923153260838366,11.18565120592506,7.900000095367432,9.899999618530275,lab_threshold,7.900000095367432,9.899999618530275,lab_threshold
2026-01-06 08:00:00,2026-01-05 22:00:00,2026-01-06 02:00:00,8.600000381469727,10.0,True,2026-01-06 08:00:00,2026-01-06 08:00:00,8.159123420715332,0.0,False,False,True,0.0,2026-01-06 10:00:00,2026-01-06 14:00:00,10.5,10.5,8.600000381469727,8.159123420715332,9.937421798706055,10.305535552966582,8.889599403800533,8.652927160492156,9.937421798706055,6.942139128558822,14.062339461247626,8.652927160492156,6.275898476008166,11.806528715734462,8.600000381469727,9.899999618530275,lab_threshold,8.600000381469727,9.899999618530275,lab_threshold
2026-01-06 14:00:00,2026-01-06 10:00:00,2026-01-06 14:00:00,10.5,4.0,True,2026-01-06 14:00:00,2026-01-06 14:00:00,6.384472370147705,0.0,False,False,True,0.0,2026-01-06 16:00:00,2026-01-06 20:00:00,8.899999618530273,8.899999618530273,10.5,6.384472370147705,8.405340671539307,8.493492224985097,8.064581156261932,8.3476763660193,8.405340671539307,5.829628182913747,11.952452282690928,8.3476763660193,6.045815543299897,11.401552794967431,10.5,9.899999618530275,lab_threshold,10.5,9.899999618530275,lab_threshold
2026-01-07 08:00:00,2026-01-06 16:00:00,2026-01-06 20:00:00,8.899999618530273,16.0,True,2026-01-07 08:00:00,2026-01-07 08:00:00,5.182806015014648,0.0,False,False,True,0.0,2026-01-07 10:00:00,2026-01-07 14:00:00,7.099999904632568,7.099999904632568,8.899999618530273,5.182806015014648,7.533179044723511,8.0917619543387,7.574814730822143,7.815616437096815,7.533179044723511,5.196313576396447,10.75136534191594,7.815616437096815,5.644775116740338,10.695669424571207,8.899999618530273,9.899999618530275,lab_threshold,8.899999618530273,9.899999618530275,lab_threshold
2026-01-08 08:00:00,2026-01-07 10:00:00,2026-01-07 14:00:00,7.099999904632568,22.0,True,2026-01-08 08:00:00,2026-01-08 08:00:00,6.976531028747559,0.0,False,False,True,0.0,2026-01-08 10:00:00,2026-01-08 14:00:00,8.199999809265137,8.199999809265137,7.099999904632568,6.976531028747559,9.326904058456421,9.051827947815179,7.979192796989111,8.170909966938057,9.326904058456421,6.498815562662373,13.221572265834016,8.170909966938057,5.9125777852291,11.167036991815394,7.099999904632568,9.899999618530275,lab_threshold,7.099999904632568,9.899999618530275,lab_threshold
2026-01-09 16:00:00,2026-01-08 10:00:00,2026-01-08 14:00:00,8.199999809265137,30.0,True,2026-01-09 16:00:00,2026-01-09 16:00:00,7.2710347175598145,0.0,False,False,True,0.0,2026-01-09 18:00:00,2026-01-09 22:00:00,13.0,13.0,8.199999809265137,7.2710347175598145,9.621407747268677,13.547734382509242,7.714262696646863,8.264143084918054,9.621407747268677,6.712667539249528,13.627144494382852,8.264143084918054,5.982852292613818,11.290729275287198,8.199999809265137,9.899999618530275,lab_threshold,8.199999809265137,9.899999618530275,lab_threshold
2026-01-09 19:00:00,2026-01-08 10:00:00,2026-01-08 14:00:00,8.199999809265137,33.0,True,2026-01-09 19:00:00,2026-01-09 19:00:00,4.182561874389648,0.0,True,False,False,0.0,2026-01-09 21:00:00,2026-01-10 01:00:00,2.0,2.0,8.199999809265137,,,6.907970704411797,6.33110388072582,6.461983175001811,,,,6.461983175001811,4.624473396339823,8.899805542727812,8.199999809265137,9.899999618530275,lab_threshold,8.199999809265137,9.899999618530275,lab_threshold
2026-01-10 08:00:00,2026-01-09 21:00:00,2026-01-10 01:00:00,2.0,11.0,True,2026-01-10 08:00:00,2026-01-10 08:00:00,3.748413324356079,0.0,False,False,True,0.0,2026-01-10 10:00:00,2026-01-10 14:00:00,6.599999904632568,6.599999904632568,2.0,3.748413324356079,6.220653295516968,5.70331446307692,6.033967163105277,6.996451190407912,6.220653295516968,4.243231369102633,8.943836223077703,6.996451190407912,5.027328919241137,9.608883719030022,2.0,9.899999618530275,lab_threshold,2.0,9.899999618530275,lab_threshold
2026-01-11 08:00:00,2026-01-10 10:00:00,2026-01-10 14:00:00,6.599999904632568,22.0,True,2026-01-11 08:00:00,2026-01-11 08:00:00,7.303842067718506,0.0,False,False,True,0.0,2026-01-11 10:00:00,2026-01-11 14:00:00,8.800000190734863,8.800000190734863,6.599999904632568,7.303842067718506,9.654215097427368,8.592519787215357,8.03551576777567,8.292635108710869,9.654215097427368,6.736490387466876,13.672324743806232,8.292635108710869,6.004328169210194,11.328529614480216,6.599999904632568,9.899999618530275,lab_threshold,6.599999904632568,9.899999618530275,lab_threshold
2026-01-12 08:00:00,2026-01-11 10:00:00,2026-01-11 14:00:00,8.800000190734863,22.0,True,2026-01-12 08:00:00,2026-01-12 08:00:00,7.984516143798828,0.0,False,False,True,0.0,2026-01-12 10:00:00,2026-01-12 14:00:00,12.0,12.0,8.800000190734863,7.984516143798828,10.051433086395264,9.688900576246184,8.74513127479555,8.982544439915918,10.051433086395264,7.024927698453874,14.219348740874384,8.982544439915918,6.524347658432435,12.243831627479155,8.800000190734863,9.899999618530275,lab_threshold,8.800000190734863,9.899999618530275,lab_threshold
2026-01-12 14:00:00,2026-01-12 10:00:00,2026-01-12 14:00:00,12.0,4.0,True,2026-01-12 14:00:00,2026-01-12 14:00:00,6.309702396392822,0.0,False,False,True,0.0,2026-01-12 16:00:00,2026-01-12 20:00:00,9.800000190734863,9.800000190734863,12.0,6.309702396392822,8.660075426101685,8.937957139367596,8.021895327537832,8.5804995300803,8.660075426101685,6.014602201365979,12.303257199645861,8.5804995300803,6.221306114854613,11.710439051608708,12.0,9.899999618530275,lab_threshold,12.0,9.899999618530275,lab_threshold
2026-01-13 08:00:00,2026-01-12 16:00:00,2026-01-12 20:00:00,9.800000190734863,16.0,True,2026-01-13 08:00:00,2026-01-13 08:00:00,4.815057754516602,0.0,False,False,True,0.0,2026-01-13 10:00:00,2026-01-13 14:00:00,9.0,9.0,9.800000190734863,4.815057754516602,7.28729772567749,8.570451952682305,7.546642724548245,7.980575830647754,7.28729772567749,5.0177684237163085,10.412752827667964,7.980575830647754,5.769113338730953,10.914520885409592,9.800000190734863,9.899999618530275,lab_threshold,9.800000190734863,9.899999618530275,lab_threshold
2026-01-13 20:00:00,2026-01-13 10:00:00,2026-01-13 14:00:00,9.0,10.0,True,2026-01-13 20:00:00,2026-01-13 20:00:00,5.988650321960449,0.0,False,False,True,0.0,2026-01-13 22:00:00,2026-01-14 02:00:00,11.100000381469727,11.100000381469727,9.0,5.988650321960449,8.460890293121338,8.81273190639109,7.567696821194002,7.85514135548057,8.460890293121338,5.869965186575386,12.02895177888037,7.85514135548057,5.674567042925146,10.74810709387636,9.0,9.899999618530275,lab_threshold,9.0,9.899999618530275,lab_threshold
2026-01-14 08:00:00,2026-01-13 22:00:00,2026-01-14 02:00:00,11.100000381469727,10.0,True,2026-01-14 08:00:00,2026-01-14 08:00:00,7.904892921447754,0.0,False,False,True,0.0,2026-01-14 10:00:00,2026-01-14 14:00:00,8.899999618530273,8.899999618530273,11.100000381469727,7.904892921447754,10.377132892608643,10.094314806796795,8.488806637645332,8.630164652540586,10.377132892608643,7.261432536860796,14.667882328948028,8.630164652540586,6.258741224724555,11.776329719422025,11.100000381469727,9.899999618530275,lab_threshold,11.100000381469727,9.899999618530275,lab_threshold
2026-01-15 08:00:00,2026-01-14 10:00:00,2026-01-14 14:00:00,8.899999618530273,22.0,True,2026-01-15 08:00:00,2026-01-15 08:00:00,6.543121814727783,0.0,False,False,True,0.0,2026-01-15 10:00:00,2026-01-15 14:00:00,9.5,9.5,8.899999618530273,6.543121814727783,9.099260568618774,5.9223253667050875,8.208046094523796,8.716286430678245,9.099260568618774,6.333513693421567,12.908075759693663,8.716286430678245,6.32365555629307,11.890587395506449,8.899999618530273,9.899999618530275,lab_threshold,8.899999618530273,9.899999618530275,lab_threshold
2026-01-16 08:00:00,2026-01-15 10:00:00,2026-01-15 14:00:00,9.5,22.0,True,2026-01-16 08:00:00,2026-01-16 08:00:00,7.712596893310547,0.0,False,False,True,0.0,2026-01-16 10:00:00,2026-01-16 14:00:00,9.399999618530273,9.399999618530273,9.5,7.712596893310547,10.33268404006958,6.3543078473495545,8.7588276540618,8.915754442999493,10.33268404006958,7.229156285888029,14.606670123921289,8.915754442999493,6.474004666229433,12.155221406018581,9.5,9.899999618530275,lab_threshold,9.5,9.899999618530275,lab_threshold
2026-01-17 08:00:00,2026-01-16 10:00:00,2026-01-16 14:00:00,9.399999618530273,22.0,True,2026-01-17 08:00:00,2026-01-17 08:00:00,7.33000373840332,0.0,False,False,True,0.0,2026-01-17 10:00:00,2026-01-17 14:00:00,9.899999618530273,9.899999618530273,9.399999618530273,7.33000373840332,9.950090885162354,6.2444409756502735,8.086208514108272,8.790392799368306,9.950090885162354,6.951338704941583,14.07978654195647,8.790392799368306,6.379513267228807,11.988904240010605,9.399999618530273,9.899999618530275,lab_threshold,9.399999618530273,9.899999618530275,lab_threshold
2026-01-18 08:00:00,2026-01-17 10:00:00,2026-01-17 14:00:00,9.899999618530273,22.0,True,2026-01-18 08:00:00,2026-01-18 08:00:00,7.073659896850586,0.0,False,False,True,0.0,2026-01-18 10:00:00,2026-01-18 14:00:00,9.199999809265137,9.199999809265137,9.899999618530273,7.073659896850586,9.629798650741577,6.11394767003062,8.085014983156642,8.90967234139002,9.629798650741577,6.718760540326251,13.638699926624694,8.90967234139002,6.469420279224794,12.147152287955356,9.899999618530273,9.899999618530275,lab_threshold,9.899999618530273,9.899999618530275,lab_threshold
2026-01-18 12:30:00,2026-01-17 10:00:00,2026-01-17 14:00:00,9.899999618530273,26.5,True,2026-01-18 12:30:00,2026-01-18 12:30:00,7.63847017288208,0.0,False,False,True,0.010416666666666666,2026-01-18 14:30:00,2026-01-18 18:30:00,9.600000381469727,9.600000381469727,9.899999618530273,7.63847017288208,10.194608926773071,6.12523625814354,7.189240311804672,7.520120632376523,10.194608926773071,7.128893922401039,14.416521635008818,7.520120632376523,5.422045012235793,10.303635438857745,9.899999618530273,9.899999618530275,lab_threshold,9.899999618530273,9.899999618530275,lab_threshold
2026-01-18 20:00:00,2026-01-18 14:30:00,2026-01-18 18:30:00,9.600000381469727,5.5,True,2026-01-18 20:00:00,2026-01-18 20:00:00,6.880423069000244,0.0,False,False,True,0.010416666666666666,2026-01-18 22:00:00,2026-01-19 02:00:00,7.099999904632568,7.099999904632568,9.600000381469727,6.880423069000244,9.410279989242554,5.215797685119033,6.355233095027264,6.073293731613628,9.410279989242554,6.5593584633992625,13.336392430541094,6.073293731613628,4.3314985420009915,8.384131650706044,9.600000381469727,9.899999618530275,lab_threshold,9.600000381469727,9.899999618530275,lab_threshold
2026-01-19 08:00:00,2026-01-18 22:00:00,2026-01-19 02:00:00,7.099999904632568,10.0,True,2026-01-19 08:00:00,2026-01-19 08:00:00,7.100451469421387,0.0,False,False,True,0.010416666666666666,2026-01-19 10:00:00,2026-01-19 14:00:00,7.599999904632568,7.599999904632568,7.099999904632568,7.100451469421387,9.630308389663696,5.553360510896427,6.759197965238393,6.747346457549742,9.630308389663696,6.719130683995682,13.63940190747748,6.747346457549742,4.839566107398189,9.278396721507619,7.099999904632568,9.899999618530275,lab_threshold,7.099999904632568,9.899999618530275,lab_threshold
2026-01-19 15:44:10,2026-01-19 10:00:00,2026-01-19 14:00:00,7.599999904632568,5.736111111111111,True,2026-01-19 15:40:00,2026-01-19 15:40:00,5.336433410644531,4.166666666666667,False,False,True,0.0,2026-01-19 17:44:10,2026-01-19 21:44:10,7.0,7.0,7.599999904632568,5.336433410644531,7.866290330886841,5.7673732413520264,7.1703951318868615,7.759971692280894,7.866290330886841,5.43820021373134,11.210105560854787,7.759971692280894,5.60283286365248,10.621845597817243,7.599999904632568,9.899999618530275,lab_threshold,7.599999904632568,9.899999618530275,lab_threshold
2026-01-19 20:00:00,2026-01-19 10:00:00,2026-01-19 14:00:00,7.599999904632568,10.0,True,2026-01-19 20:00:00,2026-01-19 20:00:00,6.612706661224365,0.0,False,False,True,0.0,2026-01-19 22:00:00,2026-01-20 02:00:00,9.899999618530273,9.899999618530273,7.599999904632568,6.612706661224365,9.142563581466675,5.785887680016067,7.96424987782275,8.991472037572079,9.142563581466675,6.364957900205698,12.967709985310432,8.991472037572079,6.531076839446742,12.255675862273973,7.599999904632568,9.899999618530275,lab_threshold,7.599999904632568,9.899999618530275,lab_threshold
2026-01-20 03:30:00,2026-01-19 22:00:00,2026-01-20 02:00:00,9.899999618530273,5.5,True,2026-01-20 03:30:00,2026-01-20 03:30:00,5.269309997558594,0.0,False,False,True,0.0,2026-01-20 05:30:00,2026-01-20 09:30:00,7.099999904632568,7.099999904632568,9.899999618530273,5.269309997558594,7.600558519363403,4.565460464795722,6.9289258089938155,7.821430093355605,7.600558519363403,5.245240752457494,10.844156178588863,7.821430093355605,5.649157162933175,10.703382396458775,9.899999618530273,9.899999618530275,lab_threshold,9.899999618530273,9.899999618530275,lab_threshold
2026-01-20 08:00:00,2026-01-19 22:00:00,2026-01-20 02:00:00,9.899999618530273,10.0,True,2026-01-20 08:00:00,2026-01-20 08:00:00,5.987261772155762,0.0,False,False,True,0.0,2026-01-20 10:00:00,2026-01-20 14:00:00,8.0,8.0,9.899999618530273,5.987261772155762,8.318510293960571,4.822503888149008,7.104293895634747,8.07350021932681,8.318510293960571,5.766576857655615,11.832874867948275,8.07350021932681,5.839155141257043,11.037803578029614,9.899999618530273,9.899999618530275,lab_threshold,9.899999618530273,9.899999618530275,lab_threshold
2026-01-21 08:00:00,2026-01-20 10:00:00,2026-01-20 14:00:00,8.0,22.0,True,2026-01-21 08:00:00,2026-01-21 08:00:00,7.587837219238281,0.0,False,False,True,0.0,2026-01-21 10:00:00,2026-01-21 14:00:00,9.899999618530273,9.899999618530273,8.0,7.587837219238281,9.91908574104309,6.127548899282726,8.109332012254905,8.562098301164601,9.91908574104309,6.928824517153256,14.03708817899999,8.562098301164601,6.20743617973562,11.686026159788888,8.0,9.899999618530275,lab_threshold,8.0,9.899999618530275,lab_threshold
2026-01-22 08:00:00,2026-01-21 10:00:00,2026-01-21 14:00:00,9.899999618530273,22.0,True,2026-01-22 08:00:00,2026-01-22 08:00:00,6.77510929107666,0.0,False,False,True,0.0,2026-01-22 10:00:00,2026-01-22 14:00:00,9.199999809265137,9.199999809265137,9.899999618530273,6.77510929107666,9.10635781288147,5.415335584362712,7.981497795936257,8.719171189244863,9.10635781288147,6.3386673121080435,12.917849644644935,8.719171189244863,6.32582994444596,11.89441460178358,9.899999618530273,9.899999618530275,lab_threshold,9.899999618530273,9.899999618530275,lab_threshold
2026-01-23 08:00:00,2026-01-22 10:00:00,2026-01-22 14:00:00,9.199999809265137,22.0,True,2026-01-23 08:00:00,2026-01-23 08:00:00,7.685756683349609,0.0,False,False,True,0.0,2026-01-23 10:00:00,2026-01-23 14:00:00,8.5,8.5,9.199999809265137,7.685756683349609,10.017005205154419,5.199039208375373,8.153604723151838,8.554282415243335,10.017005205154419,6.999928111919814,14.171936796476077,8.554282415243335,6.201544951974579,11.675656831830084,9.199999809265137,9.899999618530275,lab_threshold,9.199999809265137,9.899999618530275,lab_threshold
2026-01-24 08:00:00,2026-01-23 10:00:00,2026-01-23 14:00:00,8.5,22.0,True,2026-01-24 08:00:00,2026-01-24 08:00:00,6.5706353187561035,0.0,False,False,True,0.0,2026-01-24 10:00:00,2026-01-24 14:00:00,9.600000381469727,9.600000381469727,8.5,6.5706353187561035,8.901883840560913,5.469965789433847,7.671625253512521,8.640651551771963,8.901883840560913,6.190189840339416,12.636260762112643,8.640651551771963,6.2666457300489,11.790242678042008,8.5,9.899999618530275,lab_threshold,8.5,9.899999618530275,lab_threshold
2026-01-25 08:00:00,2026-01-24 10:00:00,2026-01-24 14:00:00,9.600000381469727,22.0,True,2026-01-25 08:00:00,2026-01-25 08:00:00,7.484043121337891,0.0,False,False,True,0.0,2026-01-25 10:00:00,2026-01-25 14:00:00,7.400000095367432,7.400000095367432,9.600000381469727,7.484043121337891,9.990687847137451,5.317042660395093,8.092904811906545,8.833483118423693,9.990687847137451,6.9808179301316695,14.135694162017039,8.833483118423693,6.411992615879546,12.046072122786263,9.600000381469727,9.899999618530275,lab_threshold,9.600000381469727,9.899999618530275,lab_threshold
2026-01-26 08:00:00,2026-01-25 10:00:00,2026-01-25 14:00:00,7.400000095367432,22.0,True,2026-01-26 08:00:00,2026-01-26 08:00:00,6.999420166015625,0.0,False,False,True,0.0,2026-01-26 10:00:00,2026-01-26 14:00:00,8.199999809265137,8.199999809265137,7.400000095367432,6.999420166015625,9.330668687820435,5.850873117269029,8.082783639721692,8.878589936535183,9.330668687820435,6.501549224280872,13.226756680083568,8.878589936535183,6.445991901660776,12.105915292823274,7.400000095367432,9.899999618530275,lab_threshold,7.400000095367432,9.899999618530275,lab_threshold
2026-01-27 08:00:00,2026-01-26 10:00:00,2026-01-26 14:00:00,8.199999809265137,22.0,True,2026-01-27 08:00:00,2026-01-27 08:00:00,7.792901515960693,0.0,False,False,True,0.0,2026-01-27 10:00:00,2026-01-27 14:00:00,8.0,8.0,8.199999809265137,7.792901515960693,9.970130443572998,6.076235796862533,8.374803600351516,8.964777804832337,9.970130443572998,6.965890302557674,14.107383779860411,8.964777804832337,6.5109560487187,12.220260650655556,8.199999809265137,9.899999618530275,lab_threshold,8.199999809265137,9.899999618530275,lab_threshold
2026-01-28 08:00:00,2026-01-27 10:00:00,2026-01-27 14:00:00,8.0,22.0,True,2026-01-28 08:00:00,2026-01-28 08:00:00,7.217800617218018,0.0,False,False,True,0.0,2026-01-28 10:00:00,2026-01-28 14:00:00,7.699999809265137,7.699999809265137,8.0,7.217800617218018,9.338979959487915,5.693509076010606,7.826164836613946,8.492162935357364,9.338979959487915,6.50758440122963,13.238202448338118,8.492162935357364,6.154722364222895,11.59324298059725,8.0,9.899999618530275,lab_threshold,8.0,9.899999618530275,lab_threshold
2026-01-29 08:00:00,2026-01-28 10:00:00,2026-01-28 14:00:00,7.699999809265137,22.0,True,2026-01-29 08:00:00,2026-01-29 08:00:00,7.071901798248291,0.0,False,False,True,0.0,2026-01-29 10:00:00,2026-01-29 14:00:00,9.0,9.0,7.699999809265137,7.071901798248291,9.099764108657837,5.763838560784221,7.950137109828623,8.610414681883789,9.099764108657837,6.3338793358115755,12.908769203828873,8.610414681883789,6.243854674871455,11.750127453296326,7.699999809265137,9.899999618530275,lab_threshold,7.699999809265137,9.899999618530275,lab_threshold
2026-01-30 08:00:00,2026-01-29 10:00:00,2026-01-29 14:00:00,9.0,22.0,True,2026-01-30 08:00:00,2026-01-30 08:00:00,7.21457576751709,0.0,False,False,True,0.0,2026-01-30 10:00:00,2026-01-30 14:00:00,8.5,8.5,9.0,7.21457576751709,9.211392641067505,6.238295477511011,8.63572943433087,9.118550270763187,9.211392641067505,6.41493768314708,13.06249710055443,9.118550270763187,6.6268621186512995,12.424270425917584,9.0,9.899999618530275,lab_threshold,9.0,9.899999618530275,lab_threshold
2026-01-31 08:00:00,2026-01-30 10:00:00,2026-01-30 14:00:00,8.5,22.0,True,2026-01-31 08:00:00,2026-01-31 08:00:00,7.830029487609863,0.0,False,False,True,0.0,2026-01-31 10:00:00,2026-01-31 14:00:00,8.699999809265137,8.699999809265137,8.5,7.830029487609863,9.70057988166809,6.42942481236695,8.330930636975795,8.564891146015047,9.70057988166809,6.77015788003345,13.736175451233816,8.564891146015047,6.209541287880872,11.689731424231596,8.5,9.899999618530275,lab_threshold,8.5,9.899999618530275,lab_threshold
2026-02-01 08:00:00,2026-01-31 10:00:00,2026-01-31 14:00:00,8.699999809265137,22.0,True,2026-02-01 08:00:00,2026-02-01 08:00:00,8.777886390686035,0.0,False,False,True,0.0,2026-02-01 10:00:00,2026-02-01 14:00:00,9.0,9.0,8.699999809265137,8.777886390686035,10.513844013214111,5.7690970223634945,8.493802946038272,8.899742003420464,10.513844013214111,7.360704445748706,14.856152411658991,8.899742003420464,6.461935282218428,12.133977718599379,8.699999809265137,9.899999618530275,lab_threshold,8.699999809265137,9.899999618530275,lab_threshold
2026-02-02 08:00:00,2026-02-01 10:00:00,2026-02-01 14:00:00,9.0,22.0,True,2026-02-02 08:00:00,2026-02-02 08:00:00,6.401257514953613,0.0,False,False,True,0.0,2026-02-02 10:00:00,2026-02-02 14:00:00,9.199999809265137,9.199999809265137,9.0,6.401257514953613,8.13721513748169,5.843926719785945,8.063238380603075,8.862741187107062,8.13721513748169,5.6349305352783,11.583206414100406,8.862741187107062,6.434045899179511,12.084888772961978,9.0,9.899999618530275,lab_threshold,9.0,9.899999618530275,lab_threshold
2026-02-03 08:00:00,2026-02-02 10:00:00,2026-02-02 14:00:00,9.199999809265137,22.0,True,2026-02-03 08:00:00,2026-02-03 08:00:00,6.139310836791992,0.0,False,False,True,0.0,2026-02-03 10:00:00,2026-02-03 14:00:00,8.399999618530273,8.399999618530273,9.199999809265137,6.139310836791992,7.875268459320068,5.134737449951785,7.982566582260178,8.829514561715376,7.875268459320068,5.4447196244702765,11.222469682919089,8.829514561715376,6.409001314357643,12.04080704260902,9.199999809265137,9.899999618530275,lab_threshold,9.199999809265137,9.899999618530275,lab_threshold
2026-02-04 08:00:00,2026-02-03 10:00:00,2026-02-03 14:00:00,8.399999618530273,22.0,True,2026-02-04 08:00:00,2026-02-04 08:00:00,6.4226202964782715,0.0,False,False,True,0.0,2026-02-04 10:00:00,2026-02-04 14:00:00,9.800000190734863,9.800000190734863,8.399999618530273,6.4226202964782715,8.158577919006348,5.464814068204409,7.758369026116959,8.535882340792453,8.158577919006348,5.650442982924958,11.612625912871035,8.535882340792453,6.187675887033993,11.651245471637571,8.399999618530273,9.899999618530275,lab_threshold,8.399999618530273,9.899999618530275,lab_threshold
2026-02-05 08:00:00,2026-02-04 10:00:00,2026-02-04 14:00:00,9.800000190734863,22.0,True,2026-02-05 08:00:00,2026-02-05 08:00:00,7.4144721031188965,0.0,False,False,True,0.0,2026-02-05 10:00:00,2026-02-05 14:00:00,8.899999618530273,8.899999618530273,9.800000190734863,7.4144721031188965,9.150429725646973,5.659218861541922,8.387914062107493,8.834720416752369,9.150429725646973,6.370669850666694,12.97854275157613,8.834720416752369,6.412925230088096,12.04771364522942,9.800000190734863,9.899999618530275,lab_threshold,9.800000190734863,9.899999618530275,lab_threshold
2026-02-06 08:00:00,2026-02-05 10:00:00,2026-02-05 14:00:00,8.899999618530273,22.0,True,2026-02-06 08:00:00,2026-02-06 08:00:00,6.0998616218566895,0.0,False,False,True,0.0,2026-02-06 10:00:00,2026-02-06 14:00:00,6.400000095367432,6.400000095367432,8.899999618530273,6.0998616218566895,7.863519191741943,4.789052067755785,7.323006250184059,7.9157465697336145,7.863519191741943,5.436187968703359,11.206289319764062,7.9157465697336145,5.720248252229888,10.828511970423182,8.899999618530273,9.899999618530275,lab_threshold,8.899999618530273,9.899999618530275,lab_threshold
2026-02-07 08:00:00,2026-02-06 10:00:00,2026-02-06 14:00:00,6.400000095367432,22.0,True,2026-02-07 08:00:00,2026-02-07 08:00:00,8.820381164550781,0.0,False,False,True,0.0,2026-02-07 10:00:00,2026-02-07 14:00:00,7.0,7.0,6.400000095367432,8.820381164550781,10.584038734436035,6.945992384298656,8.488386413311513,8.207889862241204,10.584038734436035,7.411675895172086,14.952820231451526,8.207889862241204,5.940451399046506,11.216098181569617,6.400000095367432,9.899999618530275,lab_threshold,6.400000095367432,9.899999618530275,lab_threshold
2026-02-08 08:00:00,2026-02-07 10:00:00,2026-02-07 14:00:00,7.0,22.0,True,2026-02-08 08:00:00,2026-02-08 08:00:00,8.66306209564209,0.0,False,False,True,0.0,2026-02-08 10:00:00,2026-02-08 14:00:00,9.899999618530273,9.899999618530273,7.0,8.66306209564209,10.36656379699707,6.5552858235758595,8.773569180358667,8.83857639556638,10.36656379699707,7.253757855445466,14.653327225484912,8.83857639556638,6.415831675968182,12.052829368427975,7.0,9.899999618530275,lab_threshold,7.0,9.899999618530275,lab_threshold
2026-02-09 08:00:00,2026-02-08 10:00:00,2026-02-08 14:00:00,9.899999618530273,22.0,True,2026-02-09 08:00:00,2026-02-09 08:00:00,10.026093482971191,0.0,False,False,True,0.0,2026-02-09 10:00:00,2026-02-09 14:00:00,10.300000190734863,10.300000190734863,9.899999618530273,10.026093482971191,11.600602626800537,7.763365945543775,9.11113185322291,9.240547554409241,11.600602626800537,8.149847286457675,16.35276902309937,9.240547554409241,6.718817629699847,12.586124098930812,9.899999618530273,9.899999618530275,lab_threshold,9.899999618530273,9.899999618530275,lab_threshold
2026-02-10 08:00:00,2026-02-09 10:00:00,2026-02-09 14:00:00,10.300000190734863,22.0,True,2026-02-10 08:00:00,2026-02-10 08:00:00,9.077730178833008,0.0,False,False,True,0.0,2026-02-10 10:00:00,2026-02-10 14:00:00,9.100000381469727,9.100000381469727,10.300000190734863,9.077730178833008,10.475743293762207,7.315574575826311,8.968409949491344,9.2551880956821,10.475743293762207,7.333037851156826,14.803682462098282,9.2551880956821,6.729852944704721,12.605547690252639,10.300000190734863,9.899999618530275,lab_threshold,10.300000190734863,9.899999618530275,lab_threshold
2026-02-11 08:00:00,2026-02-10 10:00:00,2026-02-10 14:00:00,9.100000381469727,22.0,True,2026-02-11 08:00:00,2026-02-11 08:00:00,9.006011962890625,0.0,False,False,True,0.0,2026-02-11 10:00:00,2026-02-11 14:00:00,8.699999809265137,8.699999809265137,9.100000381469727,9.006011962890625,10.229482173919678,6.297917087395183,8.993919514802979,8.96777646833885,10.229482173919678,7.154216908548992,14.464546909731268,8.96777646833885,6.513216292774658,12.22423897450142,9.100000381469727,9.899999618530275,lab_threshold,9.100000381469727,9.899999618530275,lab_threshold
2026-02-12 08:00:00,2026-02-11 10:00:00,2026-02-11 14:00:00,8.699999809265137,22.0,True,2026-02-12 08:00:00,2026-02-12 08:00:00,8.195745468139648,0.0,False,False,True,0.0,2026-02-12 10:00:00,2026-02-12 14:00:00,7.699999809265137,7.699999809265137,8.699999809265137,8.195745468139648,9.289705753326416,6.717016231490653,8.81844490749394,8.89484962801328,9.289705753326416,6.471804250478725,13.170345065350856,8.89484962801328,6.458247651909264,12.127487009087277,8.699999809265137,9.899999618530275,lab_threshold,8.699999809265137,9.899999618530275,lab_threshold
2026-02-13 08:00:00,2026-02-12 10:00:00,2026-02-12 14:00:00,7.699999809265137,22.0,True,2026-02-13 08:00:00,2026-02-13 08:00:00,9.237190246582031,0.0,False,False,True,0.0,2026-02-13 10:00:00,2026-02-13 14:00:00,8.899999618530273,8.899999618530273,7.699999809265137,9.237190246582031,10.242886781692505,6.346831223521359,8.911363262591504,8.965566285900021,10.242886781692505,7.163950579047845,14.48300690481376,8.965566285900021,6.51155036670156,12.221306727691797,7.699999809265137,9.899999618530275,lab_threshold,7.699999809265137,9.899999618530275,lab_threshold
2026-02-14 08:00:00,2026-02-13 10:00:00,2026-02-13 14:00:00,8.899999618530273,22.0,True,2026-02-14 08:00:00,2026-02-14 08:00:00,8.964049339294434,0.0,False,False,True,0.0,2026-02-14 10:00:00,2026-02-14 14:00:00,7.699999809265137,7.699999809265137,8.899999618530273,8.964049339294434,9.778868675231934,6.504761355390748,8.549699697876449,8.550246444677258,9.778868675231934,6.827006788499668,13.84398992583053,8.550246444677258,6.198502837225063,11.670302313755828,8.899999618530273,9.899999618530275,lab_threshold,8.899999618530273,9.899999618530275,lab_threshold
2026-02-15 08:00:00,2026-02-14 10:00:00,2026-02-14 14:00:00,7.699999809265137,22.0,True,2026-02-15 08:00:00,2026-02-15 08:00:00,9.797204971313477,0.0,False,False,True,0.0,2026-02-15 10:00:00,2026-02-15 14:00:00,8.199999809265137,8.199999809265137,7.699999809265137,9.797204971313477,10.45169973373413,7.5841921697537975,8.686577550865524,8.544926727187551,10.45169973373413,7.3155787732860755,14.77057116131233,8.544926727187551,6.194493097616277,11.663244649934397,7.699999809265137,9.899999618530275,lab_threshold,7.699999809265137,9.899999618530275,lab_threshold
2026-02-16 08:00:00,2026-02-15 10:00:00,2026-02-15 14:00:00,8.199999809265137,22.0,True,2026-02-16 08:00:00,2026-02-16 08:00:00,7.147434711456299,0.0,False,False,True,0.0,2026-02-16 10:00:00,2026-02-16 14:00:00,7.800000190734863,7.800000190734863,8.199999809265137,7.147434711456299,7.801929473876953,6.297794037387344,8.16699754194229,8.382871092895357,7.801929473876953,5.391464987622907,11.121471777304949,8.382871092895357,6.072343585559357,11.4482456035722,8.199999809265137,9.899999618530275,lab_threshold,8.199999809265137,9.899999618530275,lab_threshold
2026-02-17 08:00:00,2026-02-16 10:00:00,2026-02-16 14:00:00,7.800000190734863,22.0,True,2026-02-17 08:00:00,2026-02-17 08:00:00,8.520620346069336,0.0,False,False,True,0.0,2026-02-17 10:00:00,2026-02-17 14:00:00,8.0,8.0,7.800000190734863,8.520620346069336,9.124282836914062,6.997059903267764,8.691186952795688,8.391946511710726,9.124282836914062,6.351683454062673,12.942534876850381,8.391946511710726,6.079184186843301,11.460285952549663,7.800000190734863,9.899999618530275,lab_threshold,7.800000190734863,9.899999618530275,lab_threshold
2026-02-18 08:00:00,2026-02-17 10:00:00,2026-02-17 14:00:00,8.0,22.0,True,2026-02-18 08:00:00,2026-02-18 08:00:00,10.306863784790039,0.0,False,False,True,0.0,2026-02-18 10:00:00,2026-02-18 14:00:00,8.800000190734863,8.800000190734863,8.0,10.306863784790039,10.799604892730713,7.499472474283855,9.425173721232065,8.426553269831777,10.799604892730713,7.5682078870888505,15.24968458507604,8.426553269831777,6.10526904737173,11.50619870360093,8.0,9.899999618530275,lab_threshold,8.0,9.899999618530275,lab_threshold
2026-02-19 08:00:00,2026-02-18 10:00:00,2026-02-18 14:00:00,8.800000190734863,22.0,True,2026-02-19 08:00:00,2026-02-19 08:00:00,8.91064167022705,0.0,False,False,True,0.0,2026-02-19 10:00:00,2026-02-19 14:00:00,9.5,9.5,8.800000190734863,8.91064167022705,9.136962175369263,7.014513697554528,9.117815645070396,8.896169430418555,9.136962175369263,6.360890474869094,12.959996075976747,8.896169430418555,6.459242453605114,12.12923798960554,8.800000190734863,9.899999618530275,lab_threshold,8.800000190734863,9.899999618530275,lab_threshold
2026-02-20 08:00:00,2026-02-19 10:00:00,2026-02-19 14:00:00,9.5,22.0,True,2026-02-20 08:00:00,2026-02-20 08:00:00,9.119378089904785,0.0,False,False,True,0.0,2026-02-20 10:00:00,2026-02-20 14:00:00,7.400000095367432,7.400000095367432,9.5,9.119378089904785,9.183498620986938,6.702183192437797,8.644340440952394,8.581607475869731,9.183498620986938,6.394682618250444,13.024083184814062,8.581607475869731,6.222141229524682,11.711908962168678,9.5,9.899999618530275,lab_threshold,9.5,9.899999618530275,lab_threshold
2026-02-21 08:00:00,2026-02-20 10:00:00,2026-02-20 14:00:00,7.400000095367432,22.0,True,2026-02-21 08:00:00,2026-02-21 08:00:00,8.24433422088623,0.0,False,False,True,0.0,2026-02-21 10:00:00,2026-02-21 14:00:00,7.400000095367432,7.400000095367432,7.400000095367432,8.24433422088623,8.273895740509033,5.938490890499453,8.53440029673389,8.602862652007921,8.273895740509033,5.734180284021362,11.771434469894086,8.602862652007921,6.23816232873116,11.740108182886495,7.400000095367432,9.899999618530275,lab_threshold,7.400000095367432,9.899999618530275,lab_threshold
2026-02-22 08:00:00,2026-02-21 10:00:00,2026-02-21 14:00:00,7.400000095367432,22.0,True,2026-02-22 08:00:00,2026-02-22 08:00:00,8.99151611328125,0.0,False,False,True,0.0,2026-02-22 10:00:00,2026-02-22 14:00:00,7.800000190734863,7.800000190734863,7.400000095367432,8.99151611328125,8.873281478881836,8.598095364655062,9.550644203146618,9.009307213752704,8.873281478881836,6.169420417705695,12.596871362221835,9.009307213752704,6.544520112045241,12.279337772501805,7.400000095367432,9.899999618530275,lab_threshold,7.400000095367432,9.899999618530275,lab_threshold
2026-02-23 08:00:00,2026-02-22 10:00:00,2026-02-22 14:00:00,7.800000190734863,22.0,True,2026-02-23 08:00:00,2026-02-23 08:00:00,8.375041961669922,0.0,False,False,True,0.0,2026-02-23 10:00:00,2026-02-23 14:00:00,10.399999618530273,10.399999618530273,7.800000190734863,8.375041961669922,8.06766939163208,7.672961338876153,8.723041723356381,8.873376856534724,8.06766939163208,5.584430335185227,11.487432322970776,8.873376856534724,6.442062540110644,12.098999104851137,7.800000190734863,9.899999618530275,lab_threshold,7.800000190734863,9.899999618530275,lab_threshold
2026-02-24 08:00:00,2026-02-23 10:00:00,2026-02-23 14:00:00,10.399999618530273,22.0,True,2026-02-24 08:00:00,2026-02-24 08:00:00,9.407330513000488,0.0,False,False,True,0.0,2026-02-24 10:00:00,2026-02-24 14:00:00,8.0,8.0,10.399999618530273,9.407330513000488,9.099957942962646,6.5638090955380655,9.22591858980109,9.019238740104965,9.099957942962646,6.3340200873565955,12.9090361404207,9.019238740104965,6.552006004795639,12.292513918483913,10.399999618530273,9.899999618530275,lab_threshold,10.399999618530273,9.899999618530275,lab_threshold
2026-02-25 08:00:00,2026-02-24 10:00:00,2026-02-24 14:00:00,8.0,22.0,True,2026-02-25 08:00:00,2026-02-25 08:00:00,9.189886093139648,0.0,False,False,True,0.0,2026-02-25 10:00:00,2026-02-25 14:00:00,9.100000381469727,9.100000381469727,8.0,9.189886093139648,8.744415760040283,7.318921597910769,8.998473637000366,8.839041901664078,8.744415760040283,6.0758453973053275,12.419405480606228,8.839041901664078,6.4161825514125415,12.053446954897696,8.0,9.899999618530275,lab_threshold,8.0,9.899999618530275,lab_threshold
2026-02-26 08:00:00,2026-02-25 10:00:00,2026-02-25 14:00:00,9.100000381469727,22.0,True,2026-02-26 08:00:00,2026-02-26 08:00:00,9.292885780334473,0.0,False,False,True,0.0,2026-02-26 10:00:00,2026-02-26 14:00:00,8.699999809265137,8.699999809265137,9.100000381469727,9.292885780334473,8.740938186645508,7.188767350987317,8.8872922064642,8.698293981667536,8.740938186645508,6.073320179549314,12.414616382047393,8.698293981667536,6.310093739223479,11.866716831573767,9.100000381469727,9.899999618530275,lab_threshold,9.100000381469727,9.899999618530275,lab_threshold
2026-02-27 08:00:00,2026-02-26 10:00:00,2026-02-26 14:00:00,8.699999809265137,22.0,True,2026-02-27 08:00:00,2026-02-27 08:00:00,9.932827949523926,0.0,False,False,True,0.0,2026-02-27 10:00:00,2026-02-27 14:00:00,8.899999618530273,8.899999618530273,8.699999809265137,9.932827949523926,9.34641981124878,6.97929219403361,8.88182253832501,8.860768412538688,9.34641981124878,6.512986802167264,13.248448151102982,8.860768412538688,6.432558919402611,12.08227149493434,8.699999809265137,9.899999618530275,lab_threshold,8.699999809265137,9.899999618530275,lab_threshold
2026-02-28 08:00:00,2026-02-27 10:00:00,2026-02-27 14:00:00,8.899999618530273,22.0,True,2026-02-28 08:00:00,2026-02-28 08:00:00,8.658267974853516,0.0,False,False,True,0.0,2026-02-28 10:00:00,2026-02-28 14:00:00,8.600000381469727,8.600000381469727,8.899999618530273,8.658267974853516,8.07185983657837,6.929796682271769,8.764007167011492,8.65347892369954,8.07185983657837,5.5874732000748235,11.493203144050579,8.65347892369954,6.276314367790313,11.807260739424494,8.899999618530273,9.899999618530275,lab_threshold,8.899999618530273,9.899999618530275,lab_threshold
2026-03-01 08:00:00,2026-02-28 10:00:00,2026-02-28 14:00:00,8.600000381469727,22.0,True,2026-03-01 08:00:00,2026-03-01 08:00:00,10.058353424072266,0.0,False,False,True,0.0,2026-03-01 10:00:00,2026-03-01 14:00:00,9.899999618530273,9.899999618530273,8.600000381469727,10.058353424072266,9.47194528579712,8.320611454049468,8.611539234834849,8.39631927120717,9.47194528579712,6.604136325463442,13.421314055287548,8.39631927120717,6.082480156410578,11.466087288157727,8.600000381469727,9.899999618530275,lab_threshold,8.600000381469727,9.899999618530275,lab_threshold
2026-03-02 08:00:00,2026-03-01 10:00:00,2026-03-01 14:00:00,9.899999618530273,22.0,True,2026-03-02 08:00:00,2026-03-02 08:00:00,8.842738151550293,0.0,False,False,True,0.0,2026-03-02 10:00:00,2026-03-02 14:00:00,8.199999809265137,8.199999809265137,9.899999618530273,8.842738151550293,8.256330013275146,5.621427491320776,7.999952491418658,8.065284867895729,8.256330013275146,5.721425043147106,11.747244038972626,8.065284867895729,5.832962816176428,11.026904279582341,9.899999618530273,9.899999618530275,lab_threshold,9.899999618530273,9.899999618530275,lab_threshold
2026-03-03 08:00:00,2026-03-02 10:00:00,2026-03-02 14:00:00,8.199999809265137,22.0,True,2026-03-03 08:00:00,2026-03-03 08:00:00,8.816034317016602,0.0,False,False,True,0.0,2026-03-03 10:00:00,2026-03-03 14:00:00,10.199999809265137,10.199999809265137,8.199999809265137,8.816034317016602,8.264086723327637,6.667765592538367,7.992305922964197,8.139315078416397,8.264086723327637,5.727057528713683,11.757926099339622,8.139315078416397,5.888763122855467,11.125120085120074,8.199999809265137,9.899999618530275,lab_threshold,8.199999809265137,9.899999618530275,lab_threshold
2026-03-04 11:30:00,2026-03-03 10:00:00,2026-03-03 14:00:00,10.199999809265137,25.5,True,2026-03-04 11:30:00,2026-03-04 11:30:00,5.436872482299805,0.0,False,False,True,0.0,2026-03-04 13:30:00,2026-03-04 17:30:00,2.700000047683716,2.700000047683716,10.199999809265137,5.436872482299805,4.850464344024658,2.9437842047702554,6.782459986023258,6.287327272948993,4.850464344024658,3.2482773949902435,7.056896915692693,6.287327272948993,4.492826426416231,8.668089733852087,10.199999809265137,9.899999618530275,lab_threshold,10.199999809265137,9.899999618530275,lab_threshold
2026-03-04 14:30:00,2026-03-03 10:00:00,2026-03-03 14:00:00,10.199999809265137,28.5,True,2026-03-04 14:30:00,2026-03-04 14:30:00,2.1073031425476074,0.0,False,False,True,0.0,2026-03-04 16:30:00,2026-03-04 20:30:00,8.100000381469727,8.100000381469727,10.199999809265137,2.1073031425476074,1.520895004272461,4.272184410251912,5.880070690264894,6.2811550696541305,1.520895004272461,0.8305318402175345,2.4716203689801173,6.2811550696541305,4.488174125223025,8.659901077973844,10.199999809265137,9.899999618530275,lab_threshold,10.199999809265137,9.899999618530275,lab_threshold
2026-03-05 08:00:00,2026-03-04 16:30:00,2026-03-04 20:30:00,8.100000381469727,15.5,True,2026-03-05 08:00:00,2026-03-05 08:00:00,8.67107105255127,0.0,False,False,True,0.0,2026-03-05 10:00:00,2026-03-05 14:00:00,6.0,6.0,8.100000381469727,8.67107105255127,8.119123458862305,6.0116976224706375,7.986090066276579,8.048167642351288,8.119123458862305,5.621793378157658,11.558291675526347,8.048167642351288,5.820060699214227,11.004194873738507,8.100000381469727,9.899999618530275,lab_threshold,8.100000381469727,9.899999618530275,lab_threshold
2026-03-06 08:00:00,2026-03-05 10:00:00,2026-03-05 14:00:00,6.0,22.0,True,2026-03-06 08:00:00,2026-03-06 08:00:00,9.826196670532227,0.0,False,False,True,0.0,2026-03-06 10:00:00,2026-03-06 14:00:00,8.5,8.5,6.0,9.826196670532227,9.274249076843262,6.271438791834791,8.24610058450591,8.386756168009152,9.274249076843262,6.460580483364902,13.149059088416193,8.386756168009152,6.075271962789357,11.453399928802297,6.0,9.899999618530275,lab_threshold,6.0,9.899999618530275,lab_threshold
2026-03-07 08:00:00,2026-03-06 10:00:00,2026-03-06 14:00:00,8.5,22.0,True,2026-03-07 08:00:00,2026-03-07 08:00:00,11.805904388427734,0.0,False,False,True,0.0,2026-03-07 10:00:00,2026-03-07 14:00:00,8.899999618530273,8.899999618530273,8.5,11.805904388427734,11.36043405532837,7.461222818588044,8.47753468039888,8.662550525506743,11.36043405532837,7.975450409017615,16.022023750766117,8.662550525506743,6.283152092002522,11.819296024381076,8.5,9.899999618530275,lab_threshold,8.5,9.899999618530275,lab_threshold
2026-03-08 08:00:00,2026-03-07 10:00:00,2026-03-07 14:00:00,8.899999618530273,22.0,True,2026-03-08 08:00:00,2026-03-08 08:00:00,7.278308391571045,0.0,False,False,True,0.0,2026-03-08 10:00:00,2026-03-08 14:00:00,7.599999904632568,7.599999904632568,8.899999618530273,7.278308391571045,6.83283805847168,6.779065560259543,7.659792996631133,7.922021001219788,6.83283805847168,4.687765432911466,9.786899138848051,7.922021001219788,5.724977607971317,10.836836252339603,8.899999618530273,9.899999618530275,lab_threshold,8.899999618530273,9.899999618530275,lab_threshold
2026-03-09 08:00:00,2026-03-08 10:00:00,2026-03-08 14:00:00,7.599999904632568,22.0,True,2026-03-09 08:00:00,2026-03-09 08:00:00,9.499966621398926,0.0,False,False,True,0.0,2026-03-09 10:00:00,2026-03-09 14:00:00,8.399999618530273,8.399999618530273,7.599999904632568,9.499966621398926,9.114914417266846,6.787293485806334,8.222183789897981,8.569395509876198,9.114914417266846,6.344880635846251,12.929633269914227,8.569395509876198,6.212936454301154,11.695707359217415,7.599999904632568,9.899999618530275,lab_threshold,7.599999904632568,9.899999618530275,lab_threshold
2026-03-10 08:00:00,2026-03-09 10:00:00,2026-03-09 14:00:00,8.399999618530273,22.0,True,2026-03-10 08:00:00,2026-03-10 08:00:00,8.376310348510742,0.0,False,False,True,0.0,2026-03-10 10:00:00,2026-03-10 14:00:00,8.100000381469727,8.100000381469727,8.399999618530273,8.376310348510742,8.151585578918457,6.538346856266133,8.267129094954152,8.520249973266163,8.151585578918457,5.645365539736399,11.602996495447927,8.520249973266163,6.175892982514993,11.630506025426918,8.399999618530273,9.899999618530275,lab_threshold,8.399999618530273,9.899999618530275,lab_threshold
2026-03-10 20:00:00,2026-03-10 10:00:00,2026-03-10 14:00:00,8.100000381469727,10.0,True,2026-03-10 20:00:00,2026-03-10 20:00:00,6.006805419921875,0.0,False,False,True,0.0,2026-03-10 22:00:00,2026-03-11 02:00:00,7.300000190734863,7.300000190734863,8.100000381469727,6.006805419921875,5.833859920501709,5.452338760193446,6.623753703531565,7.260900555716434,5.833859920501709,3.9623638250951916,8.411168358286137,7.260900555716434,5.226657755151622,9.9597284249284,8.100000381469727,9.899999618530275,lab_threshold,8.100000381469727,9.899999618530275,lab_threshold
2026-03-11 12:30:00,2026-03-10 22:00:00,2026-03-11 02:00:00,7.300000190734863,14.5,True,2026-03-11 12:30:00,2026-03-11 12:30:00,8.400328636169434,0.0,False,False,True,0.0,2026-03-11 14:30:00,2026-03-11 18:30:00,7.199999809265137,7.199999809265137,7.300000190734863,8.400328636169434,8.227383136749268,6.42479267320393,7.434745047956609,7.655607182935216,8.227383136749268,5.7004054532531745,11.707380194585898,7.655607182935216,5.524168064688137,10.483385308661719,7.300000190734863,9.899999618530275,lab_threshold,7.300000190734863,9.899999618530275,lab_threshold
2026-03-12 08:00:00,2026-03-11 14:30:00,2026-03-11 18:30:00,7.199999809265137,17.5,True,2026-03-12 08:00:00,2026-03-12 08:00:00,8.029419898986816,0.0,False,False,True,0.010416666666666666,2026-03-12 10:00:00,2026-03-12 14:00:00,8.300000190734863,8.300000190734863,7.199999809265137,8.029419898986816,7.982150554656982,5.860942457481312,7.6838371839113515,8.066259305581811,7.982150554656982,5.522331376777211,11.369661080665534,8.066259305581811,5.833697299049576,11.028197065076421,7.199999809265137,9.899999618530275,lab_threshold,7.199999809265137,9.899999618530275,lab_threshold
2026-03-13 08:00:00,2026-03-12 10:00:00,2026-03-12 14:00:00,8.300000190734863,22.0,True,2026-03-13 08:00:00,2026-03-13 08:00:00,9.236367225646973,0.0,False,False,True,0.0,2026-03-13 10:00:00,2026-03-13 14:00:00,8.800000190734863,8.800000190734863,8.300000190734863,9.236367225646973,9.326086521148682,5.387946522012573,8.264453663899522,8.184136929765474,9.326086521148682,6.498221913157001,13.220446404120166,8.184136929765474,5.92254761480288,11.184585190041167,8.300000190734863,9.899999618530275,lab_threshold,8.300000190734863,9.899999618530275,lab_threshold
2026-03-14 08:00:00,2026-03-13 10:00:00,2026-03-13 14:00:00,8.800000190734863,22.0,True,2026-03-14 08:00:00,2026-03-14 08:00:00,9.822381973266602,0.0,False,False,True,0.0,2026-03-14 10:00:00,2026-03-14 14:00:00,9.0,9.0,8.800000190734863,9.822381973266602,10.010795593261719,6.757002027479281,8.774391124323795,8.7773487149801,10.010795593261719,6.995419041821407,14.16338530381429,8.7773487149801,6.369681282366278,11.971598666425452,8.800000190734863,9.899999618530275,lab_threshold,8.800000190734863,9.899999618530275,lab_threshold
2026-03-15 08:00:00,2026-03-14 10:00:00,2026-03-14 14:00:00,9.0,22.0,True,2026-03-15 08:00:00,2026-03-15 08:00:00,8.420056343078613,0.0,False,False,True,0.010416666666666666,2026-03-15 10:00:00,2026-03-15 14:00:00,8.800000190734863,8.800000190734863,9.0,8.420056343078613,8.60846996307373,5.433809991177047,7.110980448864396,7.140458968490299,8.60846996307373,5.9771292232999595,12.232189354180317,7.140458968490299,5.135874851025578,9.799938692784448,9.0,9.899999618530275,lab_threshold,9.0,9.899999618530275,lab_threshold
2026-03-15 13:00:00,2026-03-14 10:00:00,2026-03-14 14:00:00,9.0,27.0,True,2026-03-15 13:00:00,2026-03-15 13:00:00,8.368584632873535,0.0,False,False,True,0.010416666666666666,2026-03-15 15:00:00,2026-03-15 19:00:00,9.100000381469727,9.100000381469727,9.0,8.368584632873535,8.556998252868652,5.438562841548443,6.818023214374129,6.98191970574039,8.556998252868652,5.939753368993788,12.161305704813191,6.98191970574039,5.016375805704831,9.589604812996363,9.0,9.899999618530275,lab_threshold,9.0,9.899999618530275,lab_threshold
2026-03-15 20:00:00,2026-03-15 15:00:00,2026-03-15 19:00:00,9.100000381469727,5.0,True,2026-03-15 20:00:00,2026-03-15 20:00:00,8.39605712890625,0.0,False,False,True,0.010416666666666666,2026-03-15 22:00:00,2026-03-16 02:00:00,8.5,8.5,9.100000381469727,8.39605712890625,8.673077821731567,6.389892804030557,6.871776434533599,6.7902952745170415,8.673077821731567,6.024043808080763,12.321163293091933,6.7902952745170415,4.871938798782176,9.335376873605906,9.100000381469727,9.899999618530275,lab_threshold,9.100000381469727,9.899999618530275,lab_threshold
2026-03-16 08:00:00,2026-03-15 22:00:00,2026-03-16 02:00:00,8.5,10.0,True,2026-03-16 08:00:00,2026-03-16 08:00:00,8.468886375427246,0.0,False,False,True,0.010416666666666666,2026-03-16 10:00:00,2026-03-16 14:00:00,7.599999904632568,7.599999904632568,8.5,8.468886375427246,8.745907068252563,5.888253375443477,6.9875285279639145,6.906648495643037,8.745907068252563,6.0769283012586985,12.42145921785328,6.906648495643037,4.95964009499978,9.489742574573476,8.5,9.899999618530275,lab_threshold,8.5,9.899999618530275,lab_threshold
2026-03-16 20:00:00,2026-03-16 10:00:00,2026-03-16 14:00:00,7.599999904632568,10.0,True,2026-03-16 20:00:00,2026-03-16 20:00:00,11.054309844970703,0.0,False,False,True,0.0,2026-03-16 22:00:00,2026-03-17 02:00:00,8.100000381469727,8.100000381469727,7.599999904632568,11.054309844970703,11.33133053779602,7.583082805117831,8.682817962129802,8.513479292153615,11.33133053779602,7.954317075255199,15.981944190093007,8.513479292153615,6.170789578379724,11.621523369632332,7.599999904632568,9.899999618530275,lab_threshold,7.599999904632568,9.899999618530275,lab_threshold
2026-03-17 08:00:00,2026-03-16 22:00:00,2026-03-17 02:00:00,8.100000381469727,10.0,True,2026-03-17 08:00:00,2026-03-17 08:00:00,10.157259941101074,0.0,False,False,True,0.0,2026-03-17 10:00:00,2026-03-17 14:00:00,12.800000190734863,12.800000190734863,8.100000381469727,10.157259941101074,10.434280633926392,8.947063563887117,8.68520601773309,8.548199845988178,10.434280633926392,7.302930004982774,14.746582656595015,8.548199845988178,6.19696021248178,11.6675870933418,8.100000381469727,9.899999618530275,lab_threshold,8.100000381469727,9.899999618530275,lab_threshold
2026-03-17 14:00:00,2026-03-17 10:00:00,2026-03-17 14:00:00,12.800000190734863,4.0,True,2026-03-17 14:00:00,2026-03-17 14:00:00,11.43147087097168,0.0,False,False,True,0.0,2026-03-17 16:00:00,2026-03-17 20:00:00,9.600000381469727,9.600000381469727,12.800000190734863,11.43147087097168,11.761795282363892,6.712824806301481,8.512616975282066,8.786098448432474,11.761795282363892,8.266896305920147,16.574753558526396,8.786098448432474,6.37627639815169,11.983206928960723,12.800000190734863,9.899999618530275,lab_threshold,12.800000190734863,9.899999618530275,lab_threshold
2026-03-17 20:00:00,2026-03-17 16:00:00,2026-03-17 20:00:00,9.600000381469727,4.0,True,2026-03-17 20:00:00,2026-03-17 20:00:00,8.856471061706543,0.0,False,False,True,0.0,2026-03-17 22:00:00,2026-03-18 02:00:00,8.699999809265137,8.699999809265137,9.600000381469727,8.856471061706543,9.186795473098755,6.84605417077193,8.46985624244899,8.322747794175877,9.186795473098755,6.397076606398676,13.02862340522209,8.322747794175877,6.027025620319128,11.36848008387709,9.600000381469727,9.899999618530275,lab_threshold,9.600000381469727,9.899999618530275,lab_threshold
2026-03-19 08:00:00,2026-03-17 22:00:00,2026-03-18 02:00:00,8.699999809265137,34.0,True,2026-03-19 08:00:00,2026-03-19 08:00:00,10.800500869750977,0.0,False,False,True,0.0,2026-03-19 10:00:00,2026-03-19 14:00:00,8.5,8.5,8.699999809265137,10.800500869750977,11.077521562576294,7.103630228890929,8.319936433919587,8.215477267826516,11.077521562576294,7.770015305572103,15.632414199074175,8.215477267826516,5.946170409644761,11.226164384897446,8.699999809265137,9.899999618530275,lab_threshold,8.699999809265137,9.899999618530275,lab_threshold
2026-03-20 08:00:00,2026-03-19 10:00:00,2026-03-19 14:00:00,8.5,22.0,True,2026-03-20 08:00:00,2026-03-20 08:00:00,9.307632446289062,0.0,False,False,True,0.0,2026-03-20 10:00:00,2026-03-20 14:00:00,7.400000095367432,7.400000095367432,8.5,9.307632446289062,9.5006422996521,6.829801309663066,8.415176360888262,8.377681197763142,9.5006422996521,6.624974479171421,13.460833804288995,8.377681197763142,6.0684316996147825,11.44136017494135,8.5,9.899999618530275,lab_threshold,8.5,9.899999618530275,lab_threshold
2026-03-21 08:00:00,2026-03-20 10:00:00,2026-03-20 14:00:00,7.400000095367432,22.0,True,2026-03-21 08:00:00,2026-03-21 08:00:00,7.413708686828613,0.0,False,False,True,0.0,2026-03-21 10:00:00,2026-03-21 14:00:00,6.800000190734863,6.800000190734863,7.400000095367432,7.413708686828613,7.60671854019165,5.530200999993598,7.538820921932875,8.011045599929902,7.60671854019165,5.249713812320519,10.852639377510057,8.011045599929902,5.792079941938286,10.954945097546064,7.400000095367432,9.899999618530275,lab_threshold,7.400000095367432,9.899999618530275,lab_threshold
2026-03-22 08:00:00,2026-03-21 10:00:00,2026-03-21 14:00:00,6.800000190734863,22.0,True,2026-03-22 08:00:00,2026-03-22 08:00:00,8.345983505249023,0.0,False,False,True,0.0,2026-03-22 10:00:00,2026-03-22 14:00:00,8.199999809265137,8.199999809265137,6.800000190734863,8.345983505249023,8.457355976104736,6.659039302446363,8.120882198140698,8.600441929063717,8.457355976104736,5.867398764800044,12.024084536522208,8.600441929063717,6.236337707651176,11.736896612201006,6.800000190734863,9.899999618530275,lab_threshold,6.800000190734863,9.899999618530275,lab_threshold
2026-03-23 08:00:00,2026-03-22 10:00:00,2026-03-22 14:00:00,8.199999809265137,22.0,True,2026-03-23 08:00:00,2026-03-23 08:00:00,8.9014892578125,0.0,False,False,True,0.0,2026-03-23 10:00:00,2026-03-23 14:00:00,7.699999809265137,7.699999809265137,8.199999809265137,8.9014892578125,8.968111515045166,6.949875889118477,8.222071680897354,8.452298114075186,8.968111515045166,6.23828064405854,12.727465410993316,8.452298114075186,6.12467423606541,11.540354362460013,8.199999809265137,9.899999618530275,lab_threshold,8.199999809265137,9.899999618530275,lab_threshold
2026-03-24 08:00:00,2026-03-23 10:00:00,2026-03-23 14:00:00,7.699999809265137,22.0,True,2026-03-24 08:00:00,2026-03-24 08:00:00,10.115668296813965,0.0,False,False,True,0.0,2026-03-24 10:00:00,2026-03-24 14:00:00,9.199999809265137,9.199999809265137,7.699999809265137,10.115668296813965,10.028624057769775,6.961578459949978,9.33532693919347,8.73572786894518,10.028624057769775,7.008365067692725,14.187937560226757,8.73572786894518,6.3383095497093604,11.916380332022088,7.699999809265137,9.899999618530275,lab_threshold,7.699999809265137,9.899999618530275,lab_threshold
2026-03-25 08:00:00,2026-03-24 10:00:00,2026-03-24 14:00:00,9.199999809265137,22.0,True,2026-03-25 08:00:00,2026-03-25 08:00:00,8.877071380615234,0.0,False,False,True,0.0,2026-03-25 10:00:00,2026-03-25 14:00:00,8.300000190734863,8.300000190734863,9.199999809265137,8.877071380615234,8.761938571929932,4.835913253618663,8.133940524549846,8.377527539605556,8.761938571929932,6.088569475475889,12.443536811175253,8.377527539605556,6.0683158797048184,11.441156316818851,9.199999809265137,9.899999618530275,lab_threshold,9.199999809265137,9.899999618530275,lab_threshold
2026-03-26 08:00:00,2026-03-25 10:00:00,2026-03-25 14:00:00,8.300000190734863,22.0,True,2026-03-26 08:00:00,2026-03-26 08:00:00,8.527634620666504,0.0,False,False,True,0.0,2026-03-26 10:00:00,2026-03-26 14:00:00,7.5,7.5,8.300000190734863,8.527634620666504,8.282724142074585,3.8700884910621074,8.339187812948218,8.408420461197668,8.282724142074585,5.740590971549633,11.783592397395454,8.408420461197668,6.091601434168698,11.482141924697629,8.300000190734863,9.899999618530275,lab_threshold,8.300000190734863,9.899999618530275,lab_threshold
2026-03-27 08:00:00,2026-03-26 10:00:00,2026-03-26 14:00:00,7.5,22.0,True,2026-03-27 08:00:00,2026-03-27 08:00:00,7.934812545776367,0.0,False,False,True,0.0,2026-03-27 10:00:00,2026-03-27 14:00:00,7.199999809265137,7.199999809265137,7.5,7.934812545776367,7.6573097705841064,3.797459721163871,8.022132660336629,8.44271567304815,7.6573097705841064,5.286450311822569,10.922310484646435,8.44271567304815,6.117451466546294,11.527641347626354,7.5,9.899999618530275,lab_threshold,7.5,9.899999618530275,lab_threshold
2026-03-28 08:00:00,2026-03-27 10:00:00,2026-03-27 14:00:00,7.199999809265137,22.0,True,2026-03-28 08:00:00,2026-03-28 08:00:00,9.250160217285156,0.0,False,False,True,0.0,2026-03-28 10:00:00,2026-03-28 14:00:00,7.800000190734863,7.800000190734863,7.199999809265137,9.250160217285156,8.787732601165771,4.15627870612482,9.07342083775624,8.777887130525405,8.787732601165771,6.107299645405094,12.479058749669894,8.777887130525405,6.370087113341733,11.972312981785686,7.199999809265137,9.899999618530275,lab_threshold,7.199999809265137,9.899999618530275,lab_threshold
2026-03-29 08:00:00,2026-03-28 10:00:00,2026-03-28 14:00:00,7.800000190734863,22.0,True,2026-03-29 08:00:00,2026-03-29 08:00:00,9.067811965942383,0.0,False,False,True,0.0,2026-03-29 10:00:00,2026-03-29 14:00:00,9.0,9.0,7.800000190734863,9.067811965942383,8.605384349822998,3.8244237908737873,8.65333573959808,8.732934233586134,8.605384349822998,5.974888624904354,12.227940038840375,8.732934233586134,6.336203845717872,11.91267401881242,7.800000190734863,9.899999618530275,lab_threshold,7.800000190734863,9.899999618530275,lab_threshold
2026-03-30 08:00:00,2026-03-29 10:00:00,2026-03-29 14:00:00,9.0,22.0,True,2026-03-30 08:00:00,2026-03-30 08:00:00,8.44295883178711,0.0,False,False,True,0.0,2026-03-30 10:00:00,2026-03-30 14:00:00,7.099999904632568,7.099999904632568,9.0,8.44295883178711,7.973208904266357,4.095390911395804,8.897676185724302,8.757302844783588,7.973208904266357,5.515838454336414,11.357347193900802,8.757302844783588,6.354571698093228,11.94500383067923,9.0,9.899999618530275,lab_threshold,9.0,9.899999618530275,lab_threshold
2026-03-31 08:00:00,2026-03-30 10:00:00,2026-03-30 14:00:00,7.099999904632568,22.0,True,2026-03-31 08:00:00,2026-03-31 08:00:00,8.603930473327637,0.0,False,False,True,0.0,2026-03-31 10:00:00,2026-03-31 14:00:00,7.800000190734863,7.800000190734863,7.099999904632568,8.603930473327637,8.236243963241577,4.100672132173167,8.867892108945771,8.318731206012366,8.236243963241577,5.706839685935348,11.719582775686884,8.318731206012366,6.023998115064841,11.363151280416746,7.099999904632568,9.899999618530275,lab_threshold,7.099999904632568,9.899999618530275,lab_threshold
2026-04-01 08:00:00,2026-03-31 10:00:00,2026-03-31 14:00:00,7.800000190734863,22.0,True,2026-04-01 08:00:00,2026-04-01 08:00:00,11.334278106689453,0.0,False,False,True,0.0,2026-04-01 10:00:00,2026-04-01 14:00:00,9.899999618530273,9.899999618530273,7.800000190734863,11.334278106689453,10.961239576339722,4.738734722558493,9.199789712717386,8.522576426837006,10.961239576339722,7.685577882399369,15.472277854133123,8.522576426837006,6.1776465480096014,11.633592529029968,7.800000190734863,9.899999618530275,lab_threshold,7.800000190734863,9.899999618530275,lab_threshold
2026-04-02 08:00:00,2026-04-01 10:00:00,2026-04-01 14:00:00,9.899999618530273,22.0,True,2026-04-02 08:00:00,2026-04-02 08:00:00,13.35413646697998,0.0,False,False,True,0.0,2026-04-02 10:00:00,2026-04-02 14:00:00,7.099999904632568,7.099999904632568,9.899999618530273,13.35413646697998,12.926327466964722,8.996890283810892,9.08538941446344,9.305984411512638,12.926327466964722,9.112513929524873,18.178475111999003,9.305984411512638,6.768140692119919,12.67293911116792,9.899999618530273,9.899999618530275,lab_threshold,9.899999618530273,9.899999618530275,lab_threshold
2026-04-03 08:00:00,2026-04-02 10:00:00,2026-04-02 14:00:00,7.099999904632568,22.0,True,2026-04-03 08:00:00,2026-04-03 08:00:00,9.961221694946289,0.0,False,False,True,0.0,2026-04-03 10:00:00,2026-04-03 14:00:00,9.100000381469727,9.100000381469727,7.099999904632568,9.961221694946289,9.431349277496338,7.671547182532782,9.275497566602764,8.30441751179812,9.431349277496338,6.574657792777881,13.36540774856814,8.30441751179812,6.013209161187126,11.34416131675751,7.099999904632568,9.899999618530275,lab_threshold,7.099999904632568,9.899999618530275,lab_threshold
2026-04-04 08:00:00,2026-04-03 10:00:00,2026-04-03 14:00:00,9.100000381469727,22.0,True,2026-04-04 08:00:00,2026-04-04 08:00:00,10.026093482971191,0.0,False,False,True,0.0,2026-04-04 10:00:00,2026-04-04 14:00:00,8.800000190734863,8.800000190734863,9.100000381469727,10.026093482971191,9.598284482955933,7.395516630872196,9.018100393497493,8.841023009131757,9.598284482955933,6.695876728246884,13.595300567821297,8.841023009131757,6.417675812116289,12.056075288174428,9.100000381469727,9.899999618530275,lab_threshold,9.100000381469727,9.899999618530275,lab_threshold
2026-04-04 14:00:00,2026-04-04 10:00:00,2026-04-04 14:00:00,8.800000190734863,4.0,True,2026-04-04 14:00:00,2026-04-04 14:00:00,12.118441581726074,0.0,False,False,True,0.0,2026-04-04 16:00:00,2026-04-04 20:00:00,5.5,5.5,8.800000190734863,12.118441581726074,11.741162538528442,7.803927428796624,9.144629824446962,8.835315481877103,11.741162538528442,8.251913970488552,16.546339422417716,8.835315481877103,6.413373760711211,12.048503117529474,8.800000190734863,9.899999618530275,lab_threshold,8.800000190734863,9.899999618530275,lab_threshold
2026-04-05 08:00:00,2026-04-04 16:00:00,2026-04-04 20:00:00,5.5,16.0,True,2026-04-05 08:00:00,2026-04-05 08:00:00,9.733115196228027,0.0,False,False,True,0.0,2026-04-05 10:00:00,2026-04-05 14:00:00,10.0,10.0,5.5,9.733115196228027,9.305306196212769,7.316926460515008,8.957156132408004,8.71669561790833,9.305306196212769,6.483132412649923,13.191829028466168,8.71669561790833,6.32396398136396,11.89113026379138,5.5,9.899999618530275,lab_threshold,5.5,9.899999618530275,lab_threshold
2026-04-06 08:00:00,2026-04-05 10:00:00,2026-04-05 14:00:00,10.0,22.0,True,2026-04-06 08:00:00,2026-04-06 08:00:00,7.12324857711792,0.0,False,False,True,0.0,2026-04-06 10:00:00,2026-04-06 14:00:00,9.699999809265137,9.699999809265137,10.0,7.12324857711792,6.695439577102661,6.081490436376636,8.141550476423816,8.581269665233046,6.695439577102661,4.5879944013860525,9.597682465492278,8.581269665233046,6.2218866045952925,11.711460789138128,10.0,9.899999618530275,lab_threshold,10.0,9.899999618530275,lab_threshold
2026-04-07 08:00:00,2026-04-06 10:00:00,2026-04-06 14:00:00,9.699999809265137,22.0,True,2026-04-07 08:00:00,2026-04-07 08:00:00,8.86867904663086,0.0,False,False,True,0.0,2026-04-07 10:00:00,2026-04-07 14:00:00,8.300000190734863,8.300000190734863,9.699999809265137,8.86867904663086,8.491400003433228,6.986640987963674,9.485743712322005,9.187466117596358,8.491400003433228,5.892119618262176,12.070967861101533,9.187466117596358,6.67880747124844,12.5157010103159,9.699999809265137,9.899999618530275,lab_threshold,9.699999809265137,9.899999618530275,lab_threshold
2026-04-08 08:00:00,2026-04-07 10:00:00,2026-04-07 14:00:00,8.300000190734863,22.0,True,2026-04-08 08:00:00,2026-04-08 08:00:00,7.508144378662109,0.0,False,False,True,0.0,2026-04-08 10:00:00,2026-04-08 14:00:00,9.399999618530273,9.399999618530273,8.300000190734863,7.508144378662109,7.080335378646851,6.147547599626949,7.914102795619472,8.461957000340696,7.080335378646851,4.867484034511818,10.127737109700425,8.461957000340696,6.131954626219684,11.553168797114358,8.300000190734863,9.899999618530275,lab_threshold,8.300000190734863,9.899999618530275,lab_threshold
2026-04-09 01:00:00,2026-04-08 10:00:00,2026-04-08 14:00:00,9.399999618530273,15.0,True,2026-04-09 01:00:00,2026-04-09 01:00:00,8.203375816345215,0.0,False,False,True,0.0,2026-04-09 03:00:00,2026-04-09 07:00:00,8.199999809265137,8.199999809265137,9.399999618530273,8.203375816345215,7.775566816329956,7.0836415409785625,8.694805815065488,8.597928392060165,7.775566816329956,5.372321911869755,11.08516675914057,8.597928392060165,6.234443127929453,11.73356190519671,9.399999618530273,9.899999618530275,lab_threshold,9.399999618530273,9.899999618530275,lab_threshold
2026-04-09 08:00:00,2026-04-09 03:00:00,2026-04-09 07:00:00,8.199999809265137,5.0,True,2026-04-09 08:00:00,2026-04-09 08:00:00,7.844019889831543,0.0,False,False,True,0.0,2026-04-09 10:00:00,2026-04-09 14:00:00,7.699999809265137,7.699999809265137,8.199999809265137,7.844019889831543,7.466740846633911,6.028414282602516,8.557455321355958,8.983639377522968,7.466740846633911,5.1480699023030905,10.659870772973052,8.983639377522968,6.525172968178795,12.245284280096696,8.199999809265137,9.899999618530275,lab_threshold,8.199999809265137,9.899999618530275,lab_threshold
2026-04-10 00:00:00,2026-04-09 10:00:00,2026-04-09 14:00:00,7.699999809265137,14.0,True,2026-04-10 00:00:00,2026-04-10 00:00:00,6.6614274978637695,0.0,False,False,True,0.0,2026-04-10 02:00:00,2026-04-10 06:00:00,5.699999809265137,5.699999809265137,7.699999809265137,6.6614274978637695,6.336974620819092,5.493782812403724,7.839039370698006,8.802946505220755,6.336974620819092,4.327697358087084,9.10402674334182,8.802946505220755,6.3889756290348645,12.005559228887583,7.699999809265137,9.899999618530275,lab_threshold,7.699999809265137,9.899999618530275,lab_threshold
2026-04-10 08:00:00,2026-04-10 02:00:00,2026-04-10 06:00:00,5.699999809265137,6.0,True,2026-04-10 08:00:00,2026-04-10 08:00:00,7.4953460693359375,0.0,False,False,True,0.0,2026-04-10 10:00:00,2026-04-10 14:00:00,7.900000095367432,7.900000095367432,5.699999809265137,7.4953460693359375,7.167296409606934,6.403768114905089,8.202594816087919,8.606811923421976,7.167296409606934,4.930630232890087,10.247494452182707,8.606811923421976,6.241139093953264,11.745347677283316,5.699999809265137,9.899999618530275,lab_threshold,5.699999809265137,9.899999618530275,lab_threshold
2026-04-11 08:00:00,2026-04-10 10:00:00,2026-04-10 14:00:00,7.900000095367432,22.0,True,2026-04-11 08:00:00,2026-04-11 08:00:00,8.07007884979248,0.0,False,False,True,0.0,2026-04-11 10:00:00,2026-04-11 14:00:00,8.199999809265137,8.199999809265137,7.900000095367432,8.07007884979248,7.692799806594849,6.158501764602334,8.68852488271579,9.060251828228466,7.692799806594849,5.312221175273059,10.971185162767462,9.060251828228466,6.58291963963539,12.346925941079947,7.900000095367432,9.899999618530275,lab_threshold,7.900000095367432,9.899999618530275,lab_threshold
2026-04-12 08:00:00,2026-04-11 10:00:00,2026-04-11 14:00:00,8.199999809265137,22.0,True,2026-04-12 08:00:00,2026-04-12 08:00:00,10.409863471984863,0.0,False,False,True,0.0,2026-04-12 10:00:00,2026-04-12 14:00:00,9.199999809265137,9.199999809265137,8.199999809265137,10.409863471984863,10.032584428787231,6.606812465027949,8.82854223548485,8.782913389764921,10.032584428787231,7.011240865865298,14.193391537750466,8.782913389764921,6.373875658653718,11.97898131484294,8.199999809265137,9.899999618530275,lab_threshold,8.199999809265137,9.899999618530275,lab_threshold
2026-04-13 08:00:00,2026-04-12 10:00:00,2026-04-12 14:00:00,9.199999809265137,22.0,True,2026-04-13 08:00:00,2026-04-13 08:00:00,8.415327072143555,0.0,False,False,True,0.0,2026-04-13 10:00:00,2026-04-13 14:00:00,7.400000095367432,7.400000095367432,9.199999809265137,8.415327072143555,8.08727741241455,5.838761312450796,8.255777570215644,8.383264136481909,8.08727741241455,5.598668574503058,11.514435273997469,8.383264136481909,6.072639842351193,11.44876705410156,9.199999809265137,9.899999618530275,lab_threshold,9.199999809265137,9.899999618530275,lab_threshold
2026-04-14 08:00:00,2026-04-13 10:00:00,2026-04-13 14:00:00,7.400000095367432,22.0,True,2026-04-14 08:00:00,2026-04-14 08:00:00,8.080538749694824,0.0,False,False,True,0.0,2026-04-14 10:00:00,2026-04-14 14:00:00,7.199999809265137,7.199999809265137,7.400000095367432,8.080538749694824,7.75248908996582,4.96373672380276,7.624414703490947,8.068224760154182,7.75248908996582,5.355564167958256,11.053385544619658,8.068224760154182,5.835178761375979,11.030804631672755,7.400000095367432,9.899999618530275,lab_threshold,7.400000095367432,9.899999618530275,lab_threshold
2026-04-27 13:30:00,2026-04-14 10:00:00,2026-04-14 14:00:00,7.199999809265137,315.5,False,2026-04-27 13:30:00,2026-04-27 13:30:00,11.62703800201416,0.0,False,False,True,0.010416666666666666,2026-04-27 15:30:00,2026-04-27 19:30:00,14.300000190734863,14.300000190734863,,11.62703800201416,11.298988342285156,9.864851643392008,5.846463883569043,6.730319502828934,11.298988342285156,7.930831996120671,15.937404522822947,6.730319502828934,4.826732032112586,9.255807077874335,,9.899999618530275,lab_threshold,,9.899999618530275,lab_threshold
2026-04-27 15:30:00,2026-04-14 10:00:00,2026-04-14 14:00:00,7.199999809265137,317.5,False,2026-04-27 15:30:00,2026-04-27 15:30:00,11.65532398223877,0.0,False,False,True,0.010416666666666666,2026-04-27 17:30:00,2026-04-27 21:30:00,5.900000095367432,5.900000095367432,,11.65532398223877,11.327274322509766,8.290419414446509,5.9922920919478715,6.07679782859705,11.327274322509766,7.951371680377712,15.976358221782203,6.07679782859705,4.334139756782536,8.388780532635309,,9.899999618530275,lab_threshold,,9.899999618530275,lab_threshold
2026-04-27 20:00:00,2026-04-27 15:30:00,2026-04-27 19:30:00,14.300000190734863,4.5,True,2026-04-27 20:00:00,2026-04-27 20:00:00,11.66722583770752,0.0,False,False,True,0.010416666666666666,2026-04-27 22:00:00,2026-04-28 02:00:00,1.2000000476837158,1.2000000476837158,14.300000190734863,11.66722583770752,11.339176177978516,6.8596762706779035,6.604400171251849,6.230872982665409,11.339176177978516,7.960014136868876,15.992748719523659,6.230872982665409,4.450273978043929,8.593191883943698,14.300000190734863,9.899999618530275,lab_threshold,14.300000190734863,9.899999618530275,lab_threshold
2026-04-28 04:00:00,2026-04-27 22:00:00,2026-04-28 02:00:00,1.2000000476837158,6.0,True,2026-04-28 04:00:00,2026-04-28 04:00:00,1.1418546438217163,0.0,False,True,False,0.0,2026-04-28 06:00:00,2026-04-28 10:00:00,0.5,0.5,1.2000000476837158,,,5.6489360801183155,6.034174515194969,6.803776557091197,,,,6.803776557091197,4.882100321987012,9.35326247758285,1.2000000476837158,9.899999618530275,lab_threshold,1.2000000476837158,9.899999618530275,lab_threshold
2026-04-28 08:00:00,2026-04-27 22:00:00,2026-04-28 02:00:00,1.2000000476837158,10.0,True,2026-04-28 08:00:00,2026-04-28 08:00:00,1.226844072341919,0.0,False,True,False,0.0,2026-04-28 10:00:00,2026-04-28 14:00:00,0.8999999761581421,0.8999999761581421,1.2000000476837158,,,5.9942946978626415,6.593707771731773,6.998534472235462,,,,6.998534472235462,5.028899193917631,9.611647606926812,1.2000000476837158,9.899999618530275,lab_threshold,1.2000000476837158,9.899999618530275,lab_threshold
2026-04-28 20:00:00,2026-04-28 10:00:00,2026-04-28 14:00:00,0.8999999761581421,10.0,True,2026-04-28 20:00:00,2026-04-28 20:00:00,1.5144810676574707,0.0,False,False,True,0.010416666666666666,2026-04-28 22:00:00,2026-04-29 02:00:00,3.4000000953674316,3.4000000953674316,0.8999999761581421,1.5144810676574707,1.1864314079284668,6.878405103231798,6.211544213178868,6.710338893367761,1.1864314079284668,0.5876632314640167,2.0110178322690495,6.710338893367761,4.811671638150093,9.229298823479787,0.8999999761581421,9.899999618530275,lab_threshold,0.8999999761581421,9.899999618530275,lab_threshold
2026-04-29 04:00:00,2026-04-28 22:00:00,2026-04-29 02:00:00,3.4000000953674316,6.0,True,2026-04-29 04:00:00,2026-04-29 04:00:00,2.3255105018615723,0.0,False,False,True,0.010416666666666666,2026-04-29 06:00:00,2026-04-29 10:00:00,7.199999809265137,7.199999809265137,3.4000000953674316,2.3255105018615723,2.011601448059082,9.743769613554589,6.6446592711855645,7.036983687175468,2.011601448059082,1.1868551968146748,3.1473908721356345,7.036983687175468,5.05788030811589,9.66265814155945,3.4000000953674316,9.899999618530275,lab_threshold,3.4000000953674316,9.899999618530275,lab_threshold
2026-04-29 08:00:00,2026-04-28 22:00:00,2026-04-29 02:00:00,3.4000000953674316,10.0,True,2026-04-29 08:00:00,2026-04-29 08:00:00,7.303079128265381,0.0,False,False,True,0.010416666666666666,2026-04-29 10:00:00,2026-04-29 14:00:00,8.100000381469727,8.100000381469727,3.4000000953674316,7.303079128265381,6.989170074462891,12.000655550671231,7.25397717690266,7.224582307118601,6.989170074462891,4.801284929928318,10.002189902691441,7.224582307118601,5.19928285785562,9.911545041189946,3.4000000953674316,9.899999618530275,lab_threshold,3.4000000953674316,9.899999618530275,lab_threshold
2026-04-29 18:00:00,2026-04-29 10:00:00,2026-04-29 14:00:00,8.100000381469727,8.0,True,2026-04-29 18:00:00,2026-04-29 18:00:00,10.901769638061523,0.0,False,False,True,0.0,2026-04-29 20:00:00,2026-04-30 00:00:00,11.5,11.5,8.100000381469727,10.901769638061523,10.650704443454742,15.23914326432915,8.66636234761816,8.622399992924805,10.650704443454742,7.460084774876557,15.04462811434614,8.622399992924805,6.252888608815837,11.766028353350976,8.100000381469727,9.899999618530275,lab_threshold,8.100000381469727,9.899999618530275,lab_threshold
2026-04-30 08:00:00,2026-04-29 20:00:00,2026-04-30 00:00:00,11.5,12.0,True,2026-04-30 08:00:00,2026-04-30 08:00:00,6.6082258224487305,0.0,False,False,True,0.0,2026-04-30 10:00:00,2026-04-30 14:00:00,7.0,7.0,11.5,6.6082258224487305,6.29431676864624,10.735945791656906,7.264571633614898,7.884378286666791,6.29431676864624,4.296721630615153,9.04528099302329,7.884378286666791,5.6966043938265,10.786895700955956,11.5,9.899999618530275,lab_threshold,11.5,9.899999618530275,lab_threshold
2026-04-30 14:00:00,2026-04-30 10:00:00,2026-04-30 14:00:00,7.0,4.0,True,2026-04-30 14:00:00,2026-04-30 14:00:00,9.342647552490234,0.0,False,False,True,0.0,2026-04-30 16:00:00,2026-04-30 20:00:00,11.5,11.5,7.0,9.342647552490234,9.028738498687744,10.379362330092718,7.875355322405793,8.340798450306982,9.028738498687744,6.282304541819453,12.810957135546179,8.340798450306982,6.0406313110336285,11.39242787113762,7.0,9.899999618530275,lab_threshold,7.0,9.899999618530275,lab_threshold
2026-04-30 18:00:00,2026-04-30 10:00:00,2026-04-30 14:00:00,7.0,8.0,True,2026-04-30 18:00:00,2026-04-30 18:00:00,10.259483337402344,0.0,False,False,True,0.0,2026-04-30 20:00:00,2026-05-01 00:00:00,5.099999904632568,5.099999904632568,7.0,10.259483337402344,9.945574283599854,12.72855831836445,8.674411279400697,8.521807001347574,9.945574283599854,6.948059003503912,14.073566558198175,8.521807001347574,6.177066593177986,11.632571733010149,7.0,9.899999618530275,lab_threshold,7.0,9.899999618530275,lab_threshold
2026-05-01 08:00:00,2026-04-30 20:00:00,2026-05-01 00:00:00,5.099999904632568,12.0,True,2026-05-01 08:00:00,2026-05-01 08:00:00,9.094515800476074,0.0,False,False,True,0.0,2026-05-01 10:00:00,2026-05-01 14:00:00,7.900000095367432,7.900000095367432,5.099999904632568,9.094515800476074,8.843450605869293,9.44035972030156,7.724421229856713,8.002634907390771,8.843450605869293,6.147758919397198,12.555790132658808,8.002634907390771,5.785740378403805,10.943786640248007,5.099999904632568,9.899999618530275,lab_threshold,5.099999904632568,9.899999618530275,lab_threshold
2026-05-02 08:00:00,2026-05-01 10:00:00,2026-05-01 14:00:00,7.900000095367432,22.0,True,2026-05-02 08:00:00,2026-05-02 08:00:00,6.371364116668701,0.0,False,False,True,0.0,2026-05-02 10:00:00,2026-05-02 14:00:00,7.599999904632568,7.599999904632568,7.900000095367432,6.371364116668701,6.12029892206192,8.684667432027858,7.294336896231268,7.526322606028641,6.12029892206192,4.170359680435232,8.805634399355446,7.526322606028641,5.426719752850057,10.311863591038893,7.900000095367432,9.899999618530275,lab_threshold,7.900000095367432,9.899999618530275,lab_threshold
2026-05-03 08:00:00,2026-05-02 10:00:00,2026-05-02 14:00:00,7.599999904632568,22.0,True,2026-05-03 08:00:00,2026-05-03 08:00:00,8.819313049316406,0.0,False,False,True,0.0,2026-05-03 10:00:00,2026-05-03 14:00:00,7.699999809265137,7.699999809265137,7.599999904632568,8.819313049316406,8.518753290176392,10.871750695685535,8.339252747607556,8.438397268752112,8.518753290176392,5.911982033092265,12.10863711240124,8.438397268752112,6.114196467237388,11.521912125007779,7.599999904632568,9.899999618530275,lab_threshold,7.599999904632568,9.899999618530275,lab_threshold
2026-05-04 08:00:00,2026-05-03 10:00:00,2026-05-03 14:00:00,7.699999809265137,22.0,True,2026-05-04 08:00:00,2026-05-04 08:00:00,8.125553131103516,0.0,False,False,True,0.0,2026-05-04 10:00:00,2026-05-04 14:00:00,13.899999618530273,13.899999618530273,7.699999809265137,8.125553131103516,7.824993371963501,10.014903402988907,7.8883269103822276,8.3900195408256,7.824993371963501,5.408212690218772,11.153233948378967,8.3900195408256,6.077731731614612,11.457729442222332,7.699999809265137,9.899999618530275,lab_threshold,7.699999809265137,9.899999618530275,lab_threshold
2026-05-04 12:00:00,2026-05-03 10:00:00,2026-05-03 14:00:00,7.699999809265137,26.0,True,2026-05-04 12:00:00,2026-05-04 12:00:00,11.86635971069336,0.0,False,False,True,0.0,2026-05-04 14:00:00,2026-05-04 18:00:00,20.299999237060547,20.299999237060547,7.699999809265137,11.86635971069336,11.565799951553345,12.524592284878292,8.430567255106435,8.099027883672312,11.565799951553345,8.124575545644687,16.304840935623147,8.099027883672312,5.858396630498532,11.071671104537462,7.699999809265137,9.899999618530275,lab_threshold,7.699999809265137,9.899999618530275,lab_threshold
2026-05-04 14:30:00,2026-05-04 10:00:00,2026-05-04 14:00:00,13.899999618530273,4.5,True,2026-05-04 14:30:00,2026-05-04 14:30:00,7.253608226776123,0.0,False,False,True,0.010416666666666666,2026-05-04 16:30:00,2026-05-04 20:30:00,9.5,9.5,13.899999618530273,7.253608226776123,7.002543032169342,11.954620024368001,7.4820227048509835,7.420368975081811,7.002543032169342,4.8109956179331945,10.02060631126401,7.420368975081811,5.346857152716828,10.171295015859908,13.899999618530273,9.899999618530275,lab_threshold,13.899999618530273,9.899999618530275,lab_threshold
2026-05-04 22:01:00,2026-05-04 16:30:00,2026-05-04 20:30:00,9.5,5.516666666666667,True,2026-05-04 22:00:00,2026-05-04 22:00:00,6.053493976593018,1.0,False,False,True,0.0,2026-05-05 00:01:00,2026-05-05 04:01:00,9.699999809265137,9.699999809265137,9.5,6.053493976593018,6.0111706256866455,7.97205023675335,6.853811968323347,7.206516835060609,6.0111706256866455,4.09111686356064,8.655349672745885,7.206516835060609,5.185665999629124,9.887577597654179,9.5,9.899999618530275,lab_threshold,9.5,9.899999618530275,lab_threshold
2026-05-05 08:00:00,2026-05-05 00:01:00,2026-05-05 04:01:00,9.699999809265137,7.983333333333333,True,2026-05-05 08:00:00,2026-05-05 08:00:00,4.860072612762451,0.0,False,False,True,0.0,2026-05-05 10:00:00,2026-05-05 14:00:00,4.900000095367432,4.900000095367432,9.699999809265137,4.860072612762451,4.884793758392334,7.218431575554406,6.36045783958158,7.221358041096583,4.884793758392334,3.273205480431941,7.104173257615695,7.221358041096583,5.196852565795419,9.907267410714589,9.699999809265137,9.899999618530275,lab_threshold,9.699999809265137,9.899999618530275,lab_threshold
2026-05-07 07:30:00,2026-05-05 10:00:00,2026-05-05 14:00:00,4.900000095367432,45.5,True,2026-05-07 07:30:00,2026-05-07 07:30:00,8.056926727294922,0.0,False,False,True,0.0,2026-05-07 09:30:00,2026-05-07 13:30:00,7.800000190734863,7.800000190734863,4.900000095367432,8.056926727294922,8.053638935089111,11.006861010202845,7.968397746183941,8.299575072206949,8.053638935089111,5.574242208590837,11.46811044774864,8.299575072206949,6.009559170023227,11.337736857042083,4.900000095367432,9.899999618530275,lab_threshold,4.900000095367432,9.899999618530275,lab_threshold
2026-05-08 08:00:00,2026-05-07 09:30:00,2026-05-07 13:30:00,7.800000190734863,22.5,True,2026-05-08 08:00:00,2026-05-08 08:00:00,10.300381660461426,0.0,False,False,True,0.0,2026-05-08 10:00:00,2026-05-08 14:00:00,4.0,4.0,7.800000190734863,10.300381660461426,10.23004937171936,10.786689215945561,8.04603171948743,7.989097898959288,10.23004937171936,7.1546287756161515,14.465328019389263,7.989097898959288,5.775536851807287,10.925827104832422,7.800000190734863,9.899999618530275,lab_threshold,7.800000190734863,9.899999618530275,lab_threshold
2026-05-08 21:50:00,2026-05-08 10:00:00,2026-05-08 14:00:00,4.0,11.833333333333334,True,2026-05-08 21:50:00,2026-05-08 21:50:00,11.283455848693848,0.0,False,False,True,0.0,2026-05-08 23:50:00,2026-05-09 03:50:00,8.399999618530273,8.399999618530273,4.0,11.283455848693848,11.213123559951782,14.048900234284176,8.412240228202876,8.32788785103442,11.213123559951782,7.868481831695655,15.819156866010038,8.32788785103442,6.030899940641023,11.37529939212059,4.0,9.899999618530275,lab_threshold,4.0,9.899999618530275,lab_threshold
2026-05-09 08:00:00,2026-05-08 23:50:00,2026-05-09 03:50:00,8.399999618530273,8.166666666666666,True,2026-05-09 08:00:00,2026-05-09 08:00:00,12.690817832946777,0.0,False,True,False,0.0,2026-05-09 10:00:00,2026-05-09 14:00:00,4.099999904632568,4.099999904632568,8.399999618530273,,,9.318177685233907,8.097762049955687,8.832941428883736,,,,8.832941428883736,6.4115843171290505,12.045353463820632,8.399999618530273,9.899999618530275,lab_threshold,8.399999618530273,9.899999618530275,lab_threshold
2026-05-09 16:30:00,2026-05-09 10:00:00,2026-05-09 14:00:00,4.099999904632568,6.5,True,2026-05-09 16:30:00,2026-05-09 16:30:00,13.145848274230957,0.0,False,False,True,0.0,2026-05-09 18:30:00,2026-05-09 22:30:00,3.9000000953674316,3.9000000953674316,4.099999904632568,13.145848274230957,13.075515985488892,11.503275920799247,8.432774365731673,8.325782127228818,13.075515985488892,9.220846221385715,18.383928293844612,8.325782127228818,6.02931275031281,11.372505730474181,4.099999904632568,9.899999618530275,lab_threshold,4.099999904632568,9.899999618530275,lab_threshold
2026-05-09 20:00:00,2026-05-09 10:00:00,2026-05-09 14:00:00,4.099999904632568,10.0,True,2026-05-09 20:00:00,2026-05-09 20:00:00,6.590472221374512,0.0,False,False,True,0.0,2026-05-09 22:00:00,2026-05-10 02:00:00,3.200000047683716,3.200000047683716,4.099999904632568,6.590472221374512,6.520139932632446,7.412059181148399,6.85238303060204,7.091325026947661,6.520139932632446,4.460701681840934,9.356270659214605,7.091325026947661,5.098840119027028,9.734752742158157,4.099999904632568,9.899999618530275,lab_threshold,4.099999904632568,9.899999618530275,lab_threshold
2026-05-10 08:00:00,2026-05-09 22:00:00,2026-05-10 02:00:00,3.200000047683716,10.0,True,2026-05-10 08:00:00,2026-05-10 08:00:00,5.856527328491211,0.0,False,False,True,0.0,2026-05-10 10:00:00,2026-05-10 14:00:00,6.099999904632568,6.099999904632568,3.200000047683716,5.856527328491211,5.663737773895264,8.69209489774419,6.82294572986642,7.360215279558811,5.663737773895264,3.838830712624635,8.176886681194231,7.360215279558811,5.30151627587137,10.091489168756263,3.200000047683716,9.899999618530275,lab_threshold,3.200000047683716,9.899999618530275,lab_threshold
2026-05-11 08:00:00,2026-05-10 10:00:00,2026-05-10 14:00:00,6.099999904632568,22.0,True,2026-05-11 08:00:00,2026-05-11 08:00:00,7.15758752822876,0.0,False,False,True,0.0,2026-05-11 10:00:00,2026-05-11 14:00:00,9.0,9.0,6.099999904632568,7.15758752822876,6.9647979736328125,9.729788287678108,7.6134106167558855,7.8108378117094945,6.9647979736328125,4.783587284248179,9.96862615587409,7.8108378117094945,5.6411732255631915,10.689329627095585,6.099999904632568,9.899999618530275,lab_threshold,6.099999904632568,9.899999618530275,lab_threshold
2026-05-12 08:00:00,2026-05-11 10:00:00,2026-05-11 14:00:00,9.0,22.0,True,2026-05-12 08:00:00,2026-05-12 08:00:00,8.579516410827637,0.0,False,False,True,0.0,2026-05-12 10:00:00,2026-05-12 14:00:00,9.899999618530273,9.899999618530273,9.0,8.579516410827637,8.38672685623169,9.617336628883466,8.887058298416623,8.72843628856853,8.38672685623169,5.816111879564828,11.926818489828936,8.72843628856853,6.33281351750399,11.906706599699849,9.0,9.899999618530275,lab_threshold,9.0,9.899999618530275,lab_threshold
2026-05-12 16:00:00,2026-05-12 10:00:00,2026-05-12 14:00:00,9.899999618530273,6.0,True,2026-05-12 16:00:00,2026-05-12 16:00:00,7.48314094543457,0.0,False,False,True,0.0,2026-05-12 18:00:00,2026-05-12 22:00:00,9.5,9.5,9.899999618530273,7.48314094543457,7.412808656692505,9.15376768209088,8.044700904232162,8.077253272982109,7.412808656692505,5.108907386318457,10.58559870339976,8.077253272982109,5.841984007249395,11.042782750524044,9.899999618530273,9.899999618530275,lab_threshold,9.899999618530273,9.899999618530275,lab_threshold
2026-05-13 08:00:00,2026-05-12 18:00:00,2026-05-12 22:00:00,9.5,14.0,True,2026-05-13 08:00:00,2026-05-13 08:00:00,4.589662075042725,0.0,False,False,True,0.0,2026-05-13 10:00:00,2026-05-13 14:00:00,4.599999904632568,4.599999904632568,9.5,4.589662075042725,4.589969635009766,7.312129992914185,6.4973284258354,7.032056590264195,4.589969635009766,3.0591208223238695,6.698159746435361,7.032056590264195,5.054166506456369,9.656121367062937,9.5,9.899999618530275,lab_threshold,9.5,9.899999618530275,lab_threshold
2026-05-14 01:00:00,2026-05-13 10:00:00,2026-05-13 14:00:00,4.599999904632568,15.0,True,2026-05-14 01:00:00,2026-05-14 01:00:00,4.21231746673584,0.0,False,False,True,0.0,2026-05-14 03:00:00,2026-05-14 07:00:00,6.699999809265137,6.699999809265137,4.599999904632568,4.21231746673584,4.0917699337005615,7.820998252175196,6.24686110718029,6.649589323716381,4.0917699337005615,2.6973562845356085,6.012069993409728,6.649589323716381,4.765881620894633,9.148702430771769,4.599999904632568,9.899999618530275,lab_threshold,4.599999904632568,9.899999618530275,lab_threshold
2026-05-14 08:00:00,2026-05-14 03:00:00,2026-05-14 07:00:00,6.699999809265137,5.0,True,2026-05-14 08:00:00,2026-05-14 08:00:00,8.536026954650879,0.0,False,False,True,0.0,2026-05-14 10:00:00,2026-05-14 14:00:00,12.0,12.0,6.699999809265137,8.536026954650879,8.4154794216156,9.895379256402583,8.368192321956565,8.218338166125571,8.4154794216156,5.836990371661478,11.966414740953255,8.218338166125571,5.948326813109536,11.2299599357817,6.699999809265137,9.899999618530275,lab_threshold,6.699999809265137,9.899999618530275,lab_threshold
2026-05-15 08:00:00,2026-05-14 10:00:00,2026-05-14 14:00:00,12.0,22.0,True,2026-05-15 08:00:00,2026-05-15 08:00:00,9.419537544250488,0.0,False,False,True,0.0,2026-05-15 10:00:00,2026-05-15 14:00:00,11.899999618530273,11.899999618530273,12.0,9.419537544250488,9.29899001121521,10.332813753815865,8.665940933884654,8.54443079811216,9.29899001121521,6.47854595517068,13.18313076992918,8.54443079811216,6.194119290837892,11.662586701330891,12.0,9.899999618530275,lab_threshold,12.0,9.899999618530275,lab_threshold
2026-05-15 13:00:00,2026-05-14 10:00:00,2026-05-14 14:00:00,12.0,27.0,True,2026-05-15 13:00:00,2026-05-15 13:00:00,7.542649745941162,0.0,False,False,True,0.0,2026-05-15 15:00:00,2026-05-15 19:00:00,7.099999904632568,7.099999904632568,12.0,7.542649745941162,7.422102212905884,9.083698177281656,7.7699392826196565,7.840522944698219,7.422102212905884,5.115655842929544,10.598397213054444,7.840522944698219,5.663548408788105,10.728712863053943,12.0,9.899999618530275,lab_threshold,12.0,9.899999618530275,lab_threshold
2026-05-16 08:00:00,2026-05-15 15:00:00,2026-05-15 19:00:00,7.099999904632568,17.0,True,2026-05-16 08:00:00,2026-05-16 08:00:00,8.21939754486084,0.0,False,False,True,0.0,2026-05-16 10:00:00,2026-05-16 14:00:00,9.699999809265137,9.699999809265137,7.099999904632568,8.21939754486084,8.21970510482788,9.538569025415356,7.874519892694162,8.333664898008655,8.21970510482788,5.694830099310037,11.696806484865029,8.333664898008655,6.0352543925680715,11.382963794507306,7.099999904632568,9.899999618530275,lab_threshold,7.099999904632568,9.899999618530275,lab_threshold
2026-05-18 09:00:00,2026-05-16 10:00:00,2026-05-16 14:00:00,9.699999809265137,47.0,True,2026-05-18 09:00:00,2026-05-18 09:00:00,13.672292709350586,0.0,False,False,True,0.0,2026-05-18 11:00:00,2026-05-18 15:00:00,5.0,5.0,9.699999809265137,13.672292709350586,13.672600269317627,1.0126281231422671,10.110879167821036,8.194484076886306,13.672600269317627,9.654415168521385,19.20619576560549,8.194484076886306,5.930346781906888,11.19831273967722,9.699999809265137,9.899999618530275,lab_threshold,9.699999809265137,9.899999618530275,lab_threshold
2026-05-19 09:30:00,2026-05-18 11:00:00,2026-05-18 15:00:00,5.0,22.5,True,2026-05-19 09:30:00,2026-05-19 09:30:00,5.2893500328063965,0.0,False,True,False,0.0,2026-05-19 11:30:00,2026-05-19 15:30:00,9.0,9.0,5.0,,,3.9231588502347905,6.698635131000618,6.951687151898711,,,,6.951687151898711,4.993588003749503,9.54949531434521,5.0,9.899999618530275,lab_threshold,5.0,9.899999618530275,lab_threshold
2026-05-20 08:00:00,2026-05-19 11:30:00,2026-05-19 15:30:00,9.0,20.5,True,2026-05-20 08:00:00,2026-05-20 08:00:00,7.756278991699219,0.0,False,False,True,0.0,2026-05-20 10:00:00,2026-05-20 14:00:00,11.0,11.0,9.0,7.756278991699219,7.667885780334473,8.308482418558985,7.762884304490066,7.363891260615486,7.667885780334473,5.294130013895717,10.936875109832997,7.363891260615486,5.304287048355551,10.096366089111935,9.0,9.899999618530275,lab_threshold,9.0,9.899999618530275,lab_threshold
2026-05-20 14:30:00,2026-05-20 10:00:00,2026-05-20 14:00:00,11.0,4.5,True,2026-05-20 14:30:00,2026-05-20 14:30:00,8.23160457611084,0.0,False,False,True,0.0,2026-05-20 16:30:00,2026-05-20 20:30:00,6.0,6.0,11.0,8.23160457611084,8.143211364746094,7.079210873561948,7.616328551144029,7.816077329099534,8.143211364746094,5.639284657488892,11.59146404667648,7.816077329099534,5.645122514308396,10.696280889525779,11.0,9.899999618530275,lab_threshold,11.0,9.899999618530275,lab_threshold
2026-05-21 08:00:00,2026-05-20 16:30:00,2026-05-20 20:30:00,6.0,15.5,True,2026-05-21 08:00:00,2026-05-21 08:00:00,8.972896575927734,0.0,False,False,True,0.0,2026-05-21 10:00:00,2026-05-21 14:00:00,10.0,10.0,6.0,8.972896575927734,8.940603733062744,9.683585630800295,8.384510041311959,7.917101242937898,8.940603733062744,6.218306043495149,12.689583398424846,7.917101242937898,5.721269337807212,10.830309213995278,6.0,9.899999618530275,lab_threshold,6.0,9.899999618530275,lab_threshold
2026-05-22 08:00:00,2026-05-21 10:00:00,2026-05-21 14:00:00,10.0,22.0,True,2026-05-22 08:00:00,2026-05-22 08:00:00,10.61231517791748,0.0,False,False,True,0.0,2026-05-22 10:00:00,2026-05-22 14:00:00,10.899999618530273,10.899999618530273,10.0,10.61231517791748,10.805660247802734,11.433113731706019,8.45193745062128,8.242555988057543,10.805660247802734,7.5726049445800845,15.258023644804348,8.242555988057543,5.966581008003728,11.262089695682272,10.0,9.899999618530275,lab_threshold,10.0,9.899999618530275,lab_threshold
2026-05-22 10:00:00,2026-05-21 10:00:00,2026-05-21 14:00:00,10.0,24.0,True,2026-05-22 10:00:00,2026-05-22 10:00:00,10.206189155578613,0.0,False,False,True,0.0,2026-05-22 12:00:00,2026-05-22 16:00:00,9.100000381469727,9.100000381469727,10.0,10.206189155578613,10.399534225463867,9.911686916741754,8.512774693364445,8.575593251967174,10.399534225463867,7.277699121936851,14.698732056247538,8.575593251967174,6.21760800537418,11.70392989739067,10.0,9.899999618530275,lab_threshold,10.0,9.899999618530275,lab_threshold
2026-05-23 07:35:00,2026-05-22 12:00:00,2026-05-22 16:00:00,9.100000381469727,19.583333333333332,True,2026-05-23 07:30:00,2026-05-23 07:30:00,9.904985427856445,5.0,False,False,True,0.0,2026-05-23 09:35:00,2026-05-23 13:35:00,10.800000190734863,10.800000190734863,9.100000381469727,9.904985427856445,10.589516639709473,11.374792322011613,8.588913028913675,8.255564918522165,10.589516639709473,7.415653641172505,14.960364063104322,8.255564918522165,5.976386495579501,11.279348630592507,9.100000381469727,9.899999618530275,lab_threshold,9.100000381469727,9.899999618530275,lab_threshold
2026-05-24 08:00:00,2026-05-23 09:35:00,2026-05-23 13:35:00,10.800000190734863,22.416666666666668,True,2026-05-24 08:00:00,2026-05-24 08:00:00,6.4212493896484375,0.0,False,False,True,0.0,2026-05-24 10:00:00,2026-05-24 14:00:00,9.5,9.5,10.800000190734863,6.4212493896484375,7.187856197357178,8.792514304741529,7.073465498886253,7.682254997386466,7.187856197357178,4.945559591725402,10.275808117692254,7.682254997386466,5.54425386760897,10.51873893718367,10.800000190734863,9.899999618530275,lab_threshold,10.800000190734863,9.899999618530275,lab_threshold
2026-05-25 03:00:00,2026-05-24 10:00:00,2026-05-24 14:00:00,9.5,17.0,True,2026-05-25 03:00:00,2026-05-25 03:00:00,9.035004615783691,0.0,False,False,True,0.0,2026-05-25 05:00:00,2026-05-25 09:00:00,11.300000190734863,11.300000190734863,9.5,9.035004615783691,9.801611423492432,9.935202903248266,8.135701933328466,8.014399943780331,9.801611423492432,6.843521290196223,13.875309829267172,8.014399943780331,5.7946082802240255,10.959395302145015,9.5,9.899999618530275,lab_threshold,9.5,9.899999618530275,lab_threshold
2026-05-25 08:00:00,2026-05-24 10:00:00,2026-05-24 14:00:00,9.5,22.0,True,2026-05-25 08:00:00,2026-05-25 08:00:00,8.670665740966797,0.0,False,False,True,0.0,2026-05-25 10:00:00,2026-05-25 14:00:00,8.199999809265137,8.199999809265137,9.5,8.670665740966797,9.437272548675537,9.741516432255935,8.031116728679766,8.286187004610795,9.437272548675537,6.578958938392192,13.373564910545076,8.286187004610795,5.9994679076527575,11.31997492128232,9.5,9.899999618530275,lab_threshold,9.5,9.899999618530275,lab_threshold
2026-05-25 12:00:00,2026-05-25 05:00:00,2026-05-25 09:00:00,11.300000190734863,7.0,True,2026-05-25 12:00:00,2026-05-25 12:00:00,10.501067161560059,0.0,False,False,True,0.0,2026-05-25 14:00:00,2026-05-25 18:00:00,10.100000381469727,10.100000381469727,11.300000190734863,10.501067161560059,11.419670104980469,9.588941700415866,8.463472295190444,8.201084738243221,11.419670104980469,8.018464288926575,16.10359996722956,8.201084738243221,5.935322033569824,11.207069830433706,11.300000190734863,9.899999618530275,lab_threshold,11.300000190734863,9.899999618530275,lab_threshold
2026-05-26 08:00:00,2026-05-25 14:00:00,2026-05-25 18:00:00,10.100000381469727,18.0,True,2026-05-26 08:00:00,2026-05-26 08:00:00,7.694478511810303,0.0,False,False,True,0.0,2026-05-26 10:00:00,2026-05-26 14:00:00,9.399999618530273,9.399999618530273,10.100000381469727,7.694478511810303,8.485581159591675,9.645731552065914,8.434305389930813,8.55452387697242,8.485581159591675,5.887894301893521,12.062954509982188,8.55452387697242,6.201726953868662,11.675977178862217,10.100000381469727,9.899999618530275,lab_threshold,10.100000381469727,9.899999618530275,lab_threshold
2026-05-27 03:00:00,2026-05-26 10:00:00,2026-05-26 14:00:00,9.399999618530273,17.0,True,2026-05-27 03:00:00,2026-05-27 03:00:00,3.379730463027954,0.0,False,False,True,0.0,2026-05-27 05:00:00,2026-05-27 09:00:00,10.699999809265137,10.699999809265137,9.399999618530273,3.379730463027954,4.298333406448364,5.908730843523775,7.0069817473864715,6.596132910318636,4.298333406448364,2.847351033721875,6.296536406434932,6.596132910318636,4.725588823662578,9.077781861100394,9.399999618530273,9.899999618530275,lab_threshold,9.399999618530273,9.899999618530275,lab_threshold
2026-05-27 08:00:00,2026-05-26 10:00:00,2026-05-26 14:00:00,9.399999618530273,22.0,True,2026-05-27 08:00:00,2026-05-27 08:00:00,6.244184494018555,0.0,False,False,True,0.0,2026-05-27 10:00:00,2026-05-27 14:00:00,6.0,6.0,9.399999618530273,6.244184494018555,7.162787437438965,7.6729519960080115,7.354873543492506,7.607776496642452,7.162787437438965,4.927356071488629,10.241284975153738,7.607776496642452,5.488115661959118,10.419928385459333,9.399999618530273,9.899999618530275,lab_threshold,9.399999618530273,9.899999618530275,lab_threshold
2026-05-28 08:00:00,2026-05-27 10:00:00,2026-05-27 14:00:00,6.0,22.0,True,2026-05-28 08:00:00,2026-05-28 08:00:00,8.820611953735352,0.0,False,False,True,0.0,2026-05-28 10:00:00,2026-05-28 14:00:00,8.699999809265137,8.699999809265137,6.0,8.820611953735352,9.739214897155762,10.177610292357285,8.737372294021762,8.361208390576236,9.739214897155762,6.798212450286324,13.789381200182321,8.361208390576236,6.056015313298586,11.419505718281687,6.0,9.899999618530275,lab_threshold,6.0,9.899999618530275,lab_threshold
2026-05-29 08:00:00,2026-05-28 10:00:00,2026-05-28 14:00:00,8.699999809265137,22.0,True,2026-05-29 08:00:00,2026-05-29 08:00:00,10.490737915039062,0.0,False,False,True,0.0,2026-05-29 10:00:00,2026-05-29 14:00:00,8.100000381469727,8.100000381469727,8.699999809265137,10.490737915039062,11.428310632705688,10.635500200190128,8.818477375794721,8.536462118871095,11.428310632705688,8.02473855306312,16.11549916652139,8.536462118871095,6.188112895038786,11.65201466262901,8.699999809265137,9.899999618530275,lab_threshold,8.699999809265137,9.899999618530275,lab_threshold
2026-05-30 08:00:00,2026-05-29 10:00:00,2026-05-29 14:00:00,8.100000381469727,22.0,True,2026-05-30 08:00:00,2026-05-30 08:00:00,8.350180625915527,0.0,False,False,True,0.0,2026-05-30 10:00:00,2026-05-30 14:00:00,9.199999809265137,9.199999809265137,8.100000381469727,8.350180625915527,9.208553552627563,10.143568024864042,8.485060560137374,8.533568421803867,9.208553552627563,6.412876097171583,13.058587283905684,8.533568421803867,6.185931769486772,11.648175597652143,8.100000381469727,9.899999618530275,lab_threshold,8.100000381469727,9.899999618530275,lab_threshold
2026-05-31 08:00:00,2026-05-30 10:00:00,2026-05-30 14:00:00,9.199999809265137,22.0,True,2026-05-31 08:00:00,2026-05-31 08:00:00,8.768424987792969,0.0,False,False,True,0.0,2026-05-31 10:00:00,2026-05-31 14:00:00,9.100000381469727,9.100000381469727,9.199999809265137,8.768424987792969,9.56140923500061,10.1986361074106,8.33351451566292,8.492619777693347,9.56140923500061,6.669100001971602,13.544518261657846,8.492619777693347,6.155066709352709,11.593849072863053,9.199999809265137,9.899999618530275,lab_threshold,9.199999809265137,9.899999618530275,lab_threshold
2026-06-01 08:00:00,2026-05-31 10:00:00,2026-05-31 14:00:00,9.100000381469727,22.0,True,2026-06-01 08:00:00,2026-06-01 08:00:00,8.11716079711914,0.0,False,False,True,0.0,2026-06-01 10:00:00,2026-06-01 14:00:00,10.0,10.0,9.100000381469727,8.11716079711914,8.910145044326782,10.956950482717287,8.072297770139398,8.269494339130299,8.910145044326782,6.19618866080053,12.64763757995602,8.269494339130299,5.986885803042339,11.297828778846574,9.100000381469727,9.899999618530275,lab_threshold,9.100000381469727,9.899999618530275,lab_threshold
2026-06-02 08:00:00,2026-06-01 10:00:00,2026-06-01 14:00:00,10.0,22.0,True,2026-06-02 08:00:00,2026-06-02 08:00:00,7.303842067718506,0.0,False,False,True,0.0,2026-06-02 10:00:00,2026-06-02 14:00:00,8.899999618530273,8.899999618530273,10.0,7.303842067718506,8.085065603256226,9.54986978593961,7.612734735126344,8.099995560260398,8.085065603256226,5.597062483379891,11.511389307500124,8.099995560260398,5.859126017190824,11.072954920089659,10.0,9.899999618530275,lab_threshold,10.0,9.899999618530275,lab_threshold
2026-06-03 08:00:00,2026-06-02 10:00:00,2026-06-02 14:00:00,8.899999618530273,22.0,True,2026-06-03 08:00:00,2026-06-03 08:00:00,7.525101661682129,0.0,False,False,True,0.0,2026-06-03 10:00:00,2026-06-03 14:00:00,9.300000190734863,9.300000190734863,8.899999618530273,7.525101661682129,8.352744102478027,8.964389926774144,8.002062267366142,8.059195964829142,8.352744102478027,5.791435519518528,11.880019547419474,8.059195964829142,5.828373302570228,11.01882613803283,8.899999618530273,9.899999618530275,lab_threshold,8.899999618530273,9.899999618530275,lab_threshold
2026-06-03 18:00:00,2026-06-03 10:00:00,2026-06-03 14:00:00,9.300000190734863,8.0,True,2026-06-03 18:00:00,2026-06-03 18:00:00,7.409712314605713,0.0,False,False,True,0.0,2026-06-03 20:00:00,2026-06-04 00:00:00,9.0,9.0,9.300000190734863,7.409712314605713,8.237354755401611,8.237076955056239,7.951423182589708,7.759394279860555,8.237354755401611,5.7076462805826305,11.721112489809029,7.759394279860555,5.602397638763767,10.621079545342283,9.300000190734863,9.899999618530275,lab_threshold,9.300000190734863,9.899999618530275,lab_threshold
2026-06-04 08:00:00,2026-06-03 20:00:00,2026-06-04 00:00:00,9.0,12.0,True,2026-06-04 08:00:00,2026-06-04 08:00:00,8.373249053955078,0.0,False,False,True,0.0,2026-06-04 10:00:00,2026-06-04 14:00:00,8.699999809265137,8.699999809265137,9.0,8.373249053955078,9.200891494750977,9.593382261844253,8.469695695178434,8.554634007947312,9.200891494750977,6.407312342679268,13.048035572649338,8.554634007947312,6.201809965143799,11.676123289515392,9.0,9.899999618530275,lab_threshold,9.0,9.899999618530275,lab_threshold
2026-06-05 08:00:00,2026-06-04 10:00:00,2026-06-04 14:00:00,8.699999809265137,22.0,True,2026-06-05 08:00:00,2026-06-05 08:00:00,8.321040153503418,0.0,False,False,True,0.0,2026-06-05 10:00:00,2026-06-05 14:00:00,8.5,8.5,8.699999809265137,8.321040153503418,9.148682594299316,10.31473309291047,8.262457880845256,8.33642081753595,9.148682594299316,6.369401182374082,12.976136710561523,8.33642081753595,6.037331668233294,11.386620070161081,8.699999809265137,9.899999618530275,lab_threshold,8.699999809265137,9.899999618530275,lab_threshold
2026-06-06 08:00:00,2026-06-05 10:00:00,2026-06-05 14:00:00,8.5,22.0,True,2026-06-06 08:00:00,2026-06-06 08:00:00,9.22116756439209,0.0,False,False,True,0.0,2026-06-06 10:00:00,2026-06-06 14:00:00,10.5,10.5,8.5,9.22116756439209,10.00239109992981,10.427887567340472,8.318929124693067,8.464774265649744,10.00239109992981,6.989316172555184,14.151811156460848,8.464774265649744,6.1340781412973175,11.556906460154831,8.5,9.899999618530275,lab_threshold,8.5,9.899999618530275,lab_threshold
2026-06-07 08:00:00,2026-06-06 10:00:00,2026-06-06 14:00:00,10.5,22.0,True,2026-06-07 08:00:00,2026-06-07 08:00:00,8.230841636657715,0.0,False,False,True,0.0,2026-06-07 10:00:00,2026-06-07 14:00:00,9.399999618530273,9.399999618530273,10.5,8.230841636657715,9.058484077453613,9.181294915128717,8.328958704361199,8.312697748143572,9.058484077453613,6.303904104254357,12.851920903158742,8.312697748143572,6.019450393303063,11.355146697955155,10.5,9.899999618530275,lab_threshold,10.5,9.899999618530275,lab_threshold
2026-06-07 14:15:00,2026-06-07 10:00:00,2026-06-07 14:00:00,9.399999618530273,4.25,True,2026-06-07 14:10:00,2026-06-07 14:10:00,8.475605964660645,5.0,False,False,True,0.0,2026-06-07 16:15:00,2026-06-07 20:15:00,10.800000190734863,10.800000190734863,9.399999618530273,8.475605964660645,9.322218179702759,9.617137441723358,7.712411061844594,7.903996295221014,9.322218179702759,6.495412941671242,13.215119164018903,7.903996295221014,5.711391477181506,10.812922893093432,9.399999618530273,9.899999618530275,lab_threshold,9.399999618530273,9.899999618530275,lab_threshold
2026-06-08 08:00:00,2026-06-07 16:15:00,2026-06-07 20:15:00,10.800000190734863,15.75,True,2026-06-08 08:00:00,2026-06-08 08:00:00,7.975331783294678,0.0,False,False,True,0.0,2026-06-08 10:00:00,2026-06-08 14:00:00,9.699999809265137,9.699999809265137,10.800000190734863,7.975331783294678,8.756555318832397,8.672940069914771,8.15403781615584,8.54577431557268,8.756555318832397,6.084660460549728,12.4361233286331,8.54577431557268,6.195131967768005,11.664369144589001,10.800000190734863,9.899999618530275,lab_threshold,10.800000190734863,9.899999618530275,lab_threshold
2026-06-08 15:00:00,2026-06-08 10:00:00,2026-06-08 14:00:00,9.699999809265137,5.0,True,2026-06-08 15:00:00,2026-06-08 15:00:00,7.168797969818115,0.0,False,False,True,0.0,2026-06-08 17:00:00,2026-06-08 21:00:00,7.599999904632568,7.599999904632568,9.699999809265137,7.168797969818115,8.01541018486023,8.636179233983189,7.245757965283185,7.615114226102294,8.01541018486023,5.546482645266269,11.415464182136503,7.615114226102294,5.493646479058075,10.429663343723638,9.699999809265137,9.899999618530275,lab_threshold,9.699999809265137,9.899999618530275,lab_threshold
2026-06-08 20:00:00,2026-06-08 10:00:00,2026-06-08 14:00:00,9.699999809265137,10.0,True,2026-06-08 20:00:00,2026-06-08 20:00:00,6.770484447479248,0.0,False,False,True,0.0,2026-06-08 22:00:00,2026-06-09 02:00:00,6.699999809265137,6.699999809265137,9.699999809265137,6.770484447479248,7.617096662521362,7.528742597013358,7.22104613431372,7.728215985611601,7.617096662521362,5.257249819704412,10.866931484404846,7.728215985611601,5.578896984522952,10.579715333847862,9.699999809265137,9.899999618530275,lab_threshold,9.699999809265137,9.899999618530275,lab_threshold
2026-06-09 08:00:00,2026-06-08 22:00:00,2026-06-09 02:00:00,6.699999809265137,10.0,True,2026-06-09 08:00:00,2026-06-09 08:00:00,9.846796989440918,0.0,False,False,True,0.0,2026-06-09 10:00:00,2026-06-09 14:00:00,5.599999904632568,5.599999904632568,6.699999809265137,9.846796989440918,10.628020524978638,9.919966304806247,8.359069642060993,8.168033078551186,10.628020524978638,7.44361299205298,15.013389227642616,8.168033078551186,5.910409329227967,11.163220226897783,6.699999809265137,9.899999618530275,lab_threshold,6.699999809265137,9.899999618530275,lab_threshold
2026-06-09 15:00:00,2026-06-09 10:00:00,2026-06-09 14:00:00,5.599999904632568,5.0,True,2026-06-09 15:00:00,2026-06-09 15:00:00,7.182531356811523,0.0,False,False,True,0.0,2026-06-09 17:00:00,2026-06-09 21:00:00,6.800000190734863,6.800000190734863,5.599999904632568,7.182531356811523,7.963754892349243,9.113279777565603,7.659634982307094,7.5120326500352395,7.963754892349243,5.508973483838738,11.344327714595078,7.5120326500352395,5.415948691667689,10.29290512085328,5.599999904632568,9.899999618530275,lab_threshold,5.599999904632568,9.899999618530275,lab_threshold
2026-06-10 08:00:00,2026-06-09 17:00:00,2026-06-09 21:00:00,6.800000190734863,15.0,True,2026-06-10 08:00:00,2026-06-10 08:00:00,9.067436218261719,0.0,False,False,True,0.0,2026-06-10 10:00:00,2026-06-10 14:00:00,10.399999618530273,10.399999618530273,6.800000190734863,9.067436218261719,9.792793989181519,9.573802371611855,8.478195166400912,8.085560200464109,9.792793989181519,6.837118566470007,13.863167005189204,8.085560200464109,5.848245357822305,11.053803542825593,6.800000190734863,9.899999618530275,lab_threshold,6.800000190734863,9.899999618530275,lab_threshold
2026-06-10 12:30:00,2026-06-09 17:00:00,2026-06-09 21:00:00,6.800000190734863,19.5,True,2026-06-10 12:30:00,2026-06-10 12:30:00,6.822485446929932,0.0,False,False,True,0.0,2026-06-10 14:30:00,2026-06-10 18:30:00,9.800000190734863,9.800000190734863,6.800000190734863,6.822485446929932,7.5478432178497314,9.03539736098011,7.1809977009813615,7.516652290854389,7.5478432178497314,5.20696187224872,10.77155993234234,7.516652290854389,5.41943074815034,10.299033993662864,6.800000190734863,9.899999618530275,lab_threshold,6.800000190734863,9.899999618530275,lab_threshold
2026-06-11 08:00:00,2026-06-10 14:30:00,2026-06-10 18:30:00,9.800000190734863,17.5,True,2026-06-11 08:00:00,2026-06-11 08:00:00,10.921048164367676,0.0,False,False,True,0.0,2026-06-11 10:00:00,2026-06-11 14:00:00,9.699999809265137,9.699999809265137,9.800000190734863,10.921048164367676,11.646405935287476,10.352104069198468,8.571326856725623,8.428360217565036,11.646405935287476,8.183107066984254,16.415846500915958,8.428360217565036,6.106631035092144,11.508595979333883,9.800000190734863,9.899999618530275,lab_threshold,9.800000190734863,9.899999618530275,lab_threshold
2026-06-12 08:00:00,2026-06-11 10:00:00,2026-06-11 14:00:00,9.699999809265137,22.0,True,2026-06-12 08:00:00,2026-06-12 08:00:00,9.23032283782959,0.0,False,False,True,0.0,2026-06-12 10:00:00,2026-06-12 14:00:00,9.699999809265137,9.699999809265137,9.699999809265137,9.23032283782959,9.95568060874939,10.239552346834225,8.15037658773856,8.276991748353524,9.95568060874939,6.9553976470977394,14.087484362860884,8.276991748353524,5.9925369788395155,11.307775584091704,9.699999809265137,9.899999618530275,lab_threshold,9.699999809265137,9.899999618530275,lab_threshold
2026-06-13 08:00:00,2026-06-12 10:00:00,2026-06-12 14:00:00,9.699999809265137,22.0,True,2026-06-13 08:00:00,2026-06-13 08:00:00,7.181005477905273,0.0,False,False,True,0.0,2026-06-13 10:00:00,2026-06-13 14:00:00,8.600000381469727,8.600000381469727,9.699999809265137,7.181005477905273,7.8756608963012695,8.715023531376291,7.5438531039635945,7.722906679089177,7.8756608963012695,5.445004590082944,11.223010122808558,7.722906679089177,5.574895092185748,10.57267148224621,9.699999809265137,9.899999618530275,lab_threshold,9.699999809265137,9.899999618530275,lab_threshold
2026-06-14 08:00:00,2026-06-13 10:00:00,2026-06-13 14:00:00,8.600000381469727,22.0,True,2026-06-14 08:00:00,2026-06-14 08:00:00,7.92680025100708,0.0,False,False,True,0.0,2026-06-14 10:00:00,2026-06-14 14:00:00,9.399999618530273,9.399999618530273,8.600000381469727,7.92680025100708,8.621455669403076,9.595630892493858,7.8543096792604015,8.249844299159534,8.621455669403076,5.986558711185528,12.250072464155997,8.249844299159534,5.9720745759917575,11.27175909066112,8.600000381469727,9.899999618530275,lab_threshold,8.600000381469727,9.899999618530275,lab_threshold
2026-06-15 08:00:00,2026-06-14 10:00:00,2026-06-14 14:00:00,9.399999618530273,22.0,True,2026-06-15 08:00:00,2026-06-15 08:00:00,8.1072416305542,0.0,False,False,True,0.0,2026-06-15 10:00:00,2026-06-15 14:00:00,9.800000190734863,9.800000190734863,9.399999618530273,8.1072416305542,8.865362167358398,9.156117259454003,8.070944744166535,8.359094454032968,8.865362167358398,6.163669860117344,12.585965377186175,8.359094454032968,6.054421932615419,11.41670116080451,9.399999618530273,9.899999618530275,lab_threshold,9.399999618530273,9.899999618530275,lab_threshold
2026-06-16 02:00:00,2026-06-15 10:00:00,2026-06-15 14:00:00,9.800000190734863,16.0,True,2026-06-16 02:00:00,2026-06-16 02:00:00,9.620197296142578,0.0,False,False,True,0.0,2026-06-16 04:00:00,2026-06-16 08:00:00,8.300000190734863,8.300000190734863,9.800000190734863,9.620197296142578,10.378317832946777,9.8482874637003,8.388807697927817,8.37633170304144,10.378317832946777,7.262292973735016,14.669514155345764,8.37633170304144,6.067414517321188,11.439569801656868,9.800000190734863,9.899999618530275,lab_threshold,9.800000190734863,9.899999618530275,lab_threshold
2026-06-17 07:00:00,2026-06-16 04:00:00,2026-06-16 08:00:00,8.300000190734863,27.0,True,2026-06-17 07:00:00,2026-06-17 07:00:00,12.77504825592041,0.0,False,False,True,0.09375,2026-06-17 09:00:00,2026-06-17 13:00:00,2.0999999046325684,2.0999999046325684,8.300000190734863,12.77504825592041,13.53316879272461,0.0,7.695687278504844,7.099262784574699,13.53316879272461,9.553167890471531,19.014179377220845,7.099262784574699,5.104823207644734,9.745283757185936,8.300000190734863,9.899999618530275,lab_threshold,8.300000190734863,9.899999618530275,lab_threshold
2026-06-17 08:00:00,2026-06-16 04:00:00,2026-06-16 08:00:00,8.300000190734863,28.0,True,2026-06-17 08:00:00,2026-06-17 08:00:00,4.932554244995117,0.0,False,False,True,0.09375,2026-06-17 10:00:00,2026-06-17 14:00:00,0.30000001192092896,0.30000001192092896,8.300000190734863,4.932554244995117,5.690674781799316,0.0,5.39675059699728,6.798325597326548,5.690674781799316,3.858390849228892,8.213982659075342,6.798325597326548,4.877991658450555,9.346030694767789,8.300000190734863,9.899999618530275,lab_threshold,8.300000190734863,9.899999618530275,lab_threshold
2026-06-17 12:00:00,2026-06-16 04:00:00,2026-06-16 08:00:00,8.300000190734863,32.0,True,2026-06-17 12:00:00,2026-06-17 12:00:00,2.1784706115722656,0.0,False,False,True,0.17708333333333334,2026-06-17 14:00:00,2026-06-17 18:00:00,0.10000000149011612,0.10000000149011612,8.300000190734863,2.1784706115722656,2.936591148376465,0.0,5.745529493725256,5.720179848821499,2.936591148376465,1.858530572201011,4.4212293617499245,5.720179848821499,4.065338783520685,7.91565581900078,8.300000190734863,9.899999618530275,lab_threshold,8.300000190734863,9.899999618530275,lab_threshold
2026-06-17 20:00:00,2026-06-17 14:00:00,2026-06-17 18:00:00,0.10000000149011612,6.0,True,2026-06-17 20:00:00,2026-06-17 20:00:00,2.237997055053711,0.0,False,False,True,0.09375,2026-06-17 22:00:00,2026-06-18 02:00:00,2.700000047683716,2.700000047683716,0.10000000149011612,2.237997055053711,2.7768445014953613,0.0,6.137933104169401,7.032605301996331,2.7768445014953613,1.7425315627268974,4.201236179864602,7.032605301996331,5.054580098187586,9.656849342363842,0.10000000149011612,9.899999618530275,lab_threshold,0.10000000149011612,9.899999618530275,lab_threshold
2026-07-02 10:00:00,2026-06-17 22:00:00,2026-06-18 02:00:00,2.700000047683716,348.0,False,2026-07-02 10:00:00,2026-07-02 10:00:00,7.884457111358643,0.0,True,False,False,0.03125,2026-07-02 12:00:00,2026-07-02 16:00:00,4.099999904632568,4.099999904632568,,,,0.0,5.532247395026546,7.782436289600589,,,,7.782436289600589,5.61976556465446,10.651649356395218,,9.899999618530275,lab_threshold,,9.899999618530275,lab_threshold
2026-07-02 18:00:00,2026-07-02 12:00:00,2026-07-02 16:00:00,4.099999904632568,6.0,True,2026-07-02 18:00:00,2026-07-02 18:00:00,7.884457111358643,0.0,True,False,False,0.020833333333333332,2026-07-02 20:00:00,2026-07-03 00:00:00,1.100000023841858,1.100000023841858,4.099999904632568,,,0.0,7.371164963401432,7.1572893041762295,,,,7.1572893041762295,5.148560724619358,9.822267482142713,4.099999904632568,9.899999618530275,lab_threshold,4.099999904632568,9.899999618530275,lab_threshold
2026-07-03 11:00:00,2026-07-02 20:00:00,2026-07-03 00:00:00,1.100000023841858,15.0,True,2026-07-03 11:00:00,2026-07-03 11:00:00,7.884457111358643,0.0,True,True,False,0.010416666666666666,2026-07-03 13:00:00,2026-07-03 17:00:00,2.299999952316284,2.299999952316284,1.100000023841858,,,0.0,5.987041270208874,7.942551970219086,,,,7.942551970219086,5.740452835699582,10.864074668177597,1.100000023841858,9.899999618530275,lab_threshold,1.100000023841858,9.899999618530275,lab_threshold
2026-07-03 16:00:00,2026-07-02 20:00:00,2026-07-03 00:00:00,1.100000023841858,20.0,True,2026-07-03 16:00:00,2026-07-03 16:00:00,7.884457111358643,0.0,True,True,False,0.010416666666666666,2026-07-03 18:00:00,2026-07-03 22:00:00,16.100000381469727,16.100000381469727,1.100000023841858,,,0.0,5.913345851988034,6.595856478582506,,,,6.595856478582506,4.725380463108915,9.077415119395228,1.100000023841858,9.899999618530275,lab_threshold,1.100000023841858,9.899999618530275,lab_threshold
2026-07-03 19:00:00,2026-07-03 13:00:00,2026-07-03 17:00:00,2.299999952316284,6.0,True,2026-07-03 19:00:00,2026-07-03 19:00:00,7.884457111358643,0.0,True,True,False,0.010416666666666666,2026-07-03 21:00:00,2026-07-04 01:00:00,13.800000190734863,13.800000190734863,2.299999952316284,,,0.0,6.921212510989097,7.584403054519052,,,,7.584403054519052,5.470497918750535,10.388918863398088,2.299999952316284,9.899999618530275,lab_threshold,2.299999952316284,9.899999618530275,lab_threshold
2026-07-03 22:00:00,2026-07-03 18:00:00,2026-07-03 22:00:00,16.100000381469727,4.0,True,2026-07-03 22:00:00,2026-07-03 22:00:00,7.884457111358643,0.0,True,True,False,0.010416666666666666,2026-07-04 00:00:00,2026-07-04 04:00:00,7.099999904632568,7.099999904632568,16.100000381469727,,,0.0,6.710508851232503,7.740605379424904,,,,7.740605379424904,5.588235496050713,10.596152330108437,16.100000381469727,9.899999618530275,lab_threshold,16.100000381469727,9.899999618530275,lab_threshold
2026-07-04 02:00:00,2026-07-03 21:00:00,2026-07-04 01:00:00,13.800000190734863,5.0,True,2026-07-04 02:00:00,2026-07-04 02:00:00,7.884457111358643,0.0,True,True,False,0.010416666666666666,2026-07-04 04:00:00,2026-07-04 08:00:00,3.700000047683716,3.700000047683716,13.800000190734863,,,0.0,7.302111698951209,7.363110414972469,,,,7.363110414972469,5.303698485577694,10.095330141985887,13.800000190734863,9.899999618530275,lab_threshold,13.800000190734863,9.899999618530275,lab_threshold
2026-07-04 08:00:00,2026-07-04 04:00:00,2026-07-04 08:00:00,3.700000047683716,4.0,True,2026-07-04 08:00:00,2026-07-04 08:00:00,7.884457111358643,0.0,True,False,False,0.010416666666666666,2026-07-04 10:00:00,2026-07-04 14:00:00,3.200000047683716,3.200000047683716,3.700000047683716,,,0.0,6.0324509621729705,6.666000377340811,,,,6.666000377340811,4.778251460433503,9.17047495904246,3.700000047683716,9.899999618530275,lab_threshold,3.700000047683716,9.899999618530275,lab_threshold
2026-07-05 08:00:00,2026-07-04 10:00:00,2026-07-04 14:00:00,3.200000047683716,22.0,True,2026-07-05 08:00:00,2026-07-05 08:00:00,7.884457111358643,0.0,True,False,False,0.010416666666666666,2026-07-05 10:00:00,2026-07-05 14:00:00,4.800000190734863,4.800000190734863,3.200000047683716,,,0.0,6.474849426474028,6.863569927799019,,,,6.863569927799019,4.927169603830246,9.432590282118074,3.200000047683716,9.899999618530275,lab_threshold,3.200000047683716,9.899999618530275,lab_threshold
2026-07-06 08:00:00,2026-07-05 10:00:00,2026-07-05 14:00:00,4.800000190734863,22.0,True,2026-07-06 08:00:00,2026-07-06 08:00:00,7.884457111358643,0.0,True,False,False,0.010416666666666666,2026-07-06 10:00:00,2026-07-06 14:00:00,6.5,6.5,4.800000190734863,,,0.0,6.826917558866548,7.383712459770462,,,,7.383712459770462,5.319227286723307,10.122662854014234,4.800000190734863,9.899999618530275,lab_threshold,4.800000190734863,9.899999618530275,lab_threshold
2026-07-07 08:00:00,2026-07-06 10:00:00,2026-07-06 14:00:00,6.5,22.0,True,2026-07-07 08:00:00,2026-07-07 08:00:00,5.38499116897583,0.0,False,False,True,0.010416666666666666,2026-07-07 10:00:00,2026-07-07 14:00:00,5.699999809265137,5.699999809265137,6.5,5.38499116897583,4.89351487159729,0.0,6.305422912570523,6.935152124236896,4.89351487159729,3.279538261200976,7.116183434235983,6.935152124236896,4.9811247187205066,9.527558309844318,6.5,9.899999618530275,lab_threshold,6.5,9.899999618530275,lab_threshold
2026-07-08 08:00:00,2026-07-07 10:00:00,2026-07-07 14:00:00,5.699999809265137,22.0,True,2026-07-08 08:00:00,2026-07-08 08:00:00,5.4933319091796875,0.0,False,False,True,0.010416666666666666,2026-07-08 10:00:00,2026-07-08 14:00:00,5.300000190734863,5.300000190734863,5.699999809265137,5.4933319091796875,5.0018556118011475,6.922981435951836,7.155889874131159,7.245729585668527,5.0018556118011475,3.3582091991812484,7.265383587294578,7.245729585668527,5.215222629203204,9.939601114286376,5.699999809265137,9.899999618530275,lab_threshold,5.699999809265137,9.899999618530275,lab_threshold
2026-07-09 08:00:00,2026-07-08 10:00:00,2026-07-08 14:00:00,5.300000190734863,22.0,True,2026-07-09 08:00:00,2026-07-09 08:00:00,8.725241661071777,0.0,False,False,True,0.010416666666666666,2026-07-09 10:00:00,2026-07-09 14:00:00,9.600000381469727,9.600000381469727,5.300000190734863,8.725241661071777,8.233765363693237,9.19736986308081,8.231295426171567,8.140888473095552,8.233765363693237,5.705039866670883,11.716169401998581,8.140888473095552,5.889949069849357,11.127207506252002,5.300000190734863,9.899999618530275,lab_threshold,5.300000190734863,9.899999618530275,lab_threshold
2026-07-10 08:00:00,2026-07-09 10:00:00,2026-07-09 14:00:00,9.600000381469727,22.0,True,2026-07-10 08:00:00,2026-07-10 08:00:00,7.22465705871582,0.0,False,False,True,0.010416666666666666,2026-07-10 10:00:00,2026-07-10 14:00:00,8.0,8.0,9.600000381469727,7.22465705871582,6.73318076133728,14.700052794624167,8.59323591367907,8.14176858094309,6.73318076133728,4.615399921771432,9.649657285433719,8.14176858094309,5.89061245156147,11.128375144444547,9.600000381469727,9.899999618530275,lab_threshold,9.600000381469727,9.899999618530275,lab_threshold
2026-07-11 08:00:00,2026-07-10 10:00:00,2026-07-10 14:00:00,8.0,22.0,True,2026-07-11 08:00:00,2026-07-11 08:00:00,6.994842529296875,0.0,False,False,True,0.010416666666666666,2026-07-11 10:00:00,2026-07-11 14:00:00,8.100000381469727,8.100000381469727,8.0,6.994842529296875,6.503366231918335,8.050894107815553,7.715178498275149,7.957843884109986,6.503366231918335,4.448521565975966,9.333170958130829,7.957843884109986,5.75197912312765,10.884362434893985,8.0,9.899999618530275,lab_threshold,8.0,9.899999618530275,lab_threshold
2026-07-12 08:00:00,2026-07-11 10:00:00,2026-07-11 14:00:00,8.100000381469727,22.0,True,2026-07-12 08:00:00,2026-07-12 08:00:00,6.795709133148193,0.0,False,False,True,0.010416666666666666,2026-07-12 10:00:00,2026-07-12 14:00:00,11.600000381469727,11.600000381469727,8.100000381469727,6.795709133148193,6.304232835769653,8.264495142634143,7.421580641111871,7.853969912020937,6.304232835769653,4.303922119555938,9.058936786123548,7.853969912020937,5.673684066855715,10.746552941021458,8.100000381469727,9.899999618530275,lab_threshold,8.100000381469727,9.899999618530275,lab_threshold
2026-07-12 12:00:00,2026-07-11 10:00:00,2026-07-11 14:00:00,8.100000381469727,26.0,True,2026-07-12 12:00:00,2026-07-12 12:00:00,7.172276020050049,0.0,False,False,True,0.010416666666666666,2026-07-12 14:00:00,2026-07-12 18:00:00,6.800000190734863,6.800000190734863,8.100000381469727,7.172276020050049,6.680799722671509,6.559211969136406,7.426822761007541,7.914071245527567,6.680799722671509,4.577363764399207,9.577521365265593,7.914071245527567,5.7189854758062255,10.826289319490861,8.100000381469727,9.899999618530275,lab_threshold,8.100000381469727,9.899999618530275,lab_threshold
2026-07-13 08:00:00,2026-07-12 14:00:00,2026-07-12 18:00:00,6.800000190734863,18.0,True,2026-07-13 08:00:00,2026-07-13 08:00:00,9.58494758605957,0.0,False,False,True,0.010416666666666666,2026-07-13 10:00:00,2026-07-13 14:00:00,7.900000095367432,7.900000095367432,6.800000190734863,9.58494758605957,9.09347128868103,9.7605914761342,8.73060954042454,8.227197082567764,9.09347128868103,6.329309844693232,12.900103122150432,8.227197082567764,5.955004225625882,11.241713051279305,6.800000190734863,9.899999618530275,lab_threshold,6.800000190734863,9.899999618530275,lab_threshold
2026-07-14 08:00:00,2026-07-13 10:00:00,2026-07-13 14:00:00,7.900000095367432,22.0,True,2026-07-14 08:00:00,2026-07-14 08:00:00,8.381908416748047,0.0,False,False,True,0.010416666666666666,2026-07-14 10:00:00,2026-07-14 14:00:00,8.899999618530273,8.899999618530273,7.900000095367432,8.381908416748047,8.185485124588013,23.137188637611022,8.422694115610184,8.190709631731353,8.185485124588013,5.66998147876276,11.649680848840728,8.190709631731353,5.927501792061415,11.193305187101801,7.900000095367432,9.899999618530275,lab_threshold,7.900000095367432,9.899999618530275,lab_threshold
2026-07-15 08:00:00,2026-07-14 10:00:00,2026-07-14 14:00:00,8.899999618530273,22.0,True,2026-07-15 08:00:00,2026-07-15 08:00:00,8.68032455444336,0.0,False,False,True,0.010416666666666666,2026-07-15 10:00:00,2026-07-15 14:00:00,10.300000190734863,10.300000190734863,8.899999618530273,8.68032455444336,8.491413593292236,8.401138379568412,8.481700139335777,8.012395720864049,8.491413593292236,5.89212948645168,12.070986576213139,8.012395720864049,5.79309759623981,10.956736301625964,8.899999618530273,9.899999618530275,lab_threshold,8.899999618530273,9.899999618530275,lab_threshold
2026-07-16 08:00:00,2026-07-15 10:00:00,2026-07-15 14:00:00,10.300000190734863,22.0,True,2026-07-16 08:00:00,2026-07-16 08:00:00,8.3597412109375,0.0,False,False,True,0.010416666666666666,2026-07-16 10:00:00,2026-07-16 14:00:00,11.0,11.0,10.300000190734863,8.3597412109375,8.258421421051025,7.490474727812334,8.397165595737782,8.02996171774531,8.258421421051025,5.7229437055737975,11.750124196147866,8.02996171774531,5.806337974812336,10.980041091949163,10.300000190734863,9.899999618530275,lab_threshold,10.300000190734863,9.899999618530275,lab_threshold
2026-07-17 08:00:00,2026-07-16 10:00:00,2026-07-16 14:00:00,11.0,22.0,True,2026-07-17 08:00:00,2026-07-17 08:00:00,9.263566970825195,0.0,False,False,True,0.010416666666666666,2026-07-17 10:00:00,2026-07-17 14:00:00,9.100000381469727,9.100000381469727,11.0,9.263566970825195,9.247265815734863,15.699407283979752,8.661228746691348,8.566202592524037,9.247265815734863,6.440986760291106,13.11189941348857,8.566202592524037,6.210529791315891,11.691471318990699,11.0,9.899999618530275,lab_threshold,11.0,9.899999618530275,lab_threshold
2026-07-18 03:00:00,2026-07-17 10:00:00,2026-07-17 14:00:00,9.100000381469727,17.0,True,2026-07-18 03:00:00,2026-07-18 03:00:00,7.4179205894470215,0.0,False,False,True,0.010416666666666666,2026-07-18 05:00:00,2026-07-18 09:00:00,10.300000190734863,10.300000190734863,9.100000381469727,7.4179205894470215,7.435690402984619,6.014185692475222,8.26958621744362,8.235047319626819,7.435690402984619,5.1255228205497545,10.61711002631123,8.235047319626819,5.960921345573501,11.252127952857924,9.100000381469727,9.899999618530275,lab_threshold,9.100000381469727,9.899999618530275,lab_threshold
2026-07-18 08:00:00,2026-07-17 10:00:00,2026-07-17 14:00:00,9.100000381469727,22.0,True,2026-07-18 08:00:00,2026-07-18 08:00:00,9.511856079101562,0.0,False,False,True,0.010416666666666666,2026-07-18 10:00:00,2026-07-18 14:00:00,12.399999618530273,12.399999618530273,9.100000381469727,9.511856079101562,9.52962589263916,5.237555558533002,8.872731586627244,8.558562397073757,9.52962589263916,6.646020730489623,13.50074821231058,8.558562397073757,6.204770990331604,11.681335079402329,9.100000381469727,9.899999618530275,lab_threshold,9.100000381469727,9.899999618530275,lab_threshold
2026-07-18 20:00:00,2026-07-18 10:00:00,2026-07-18 14:00:00,12.399999618530273,10.0,True,2026-07-18 20:00:00,2026-07-18 20:00:00,9.00937557220459,0.0,False,False,True,0.010416666666666666,2026-07-18 22:00:00,2026-07-19 02:00:00,10.399999618530273,10.399999618530273,12.399999618530273,9.00937557220459,9.156422138214111,7.81174426286811,8.464915090023677,8.50757504346477,9.156422138214111,6.37502120285918,12.986795130787545,8.50757504346477,6.166339248099292,11.613690208859298,12.399999618530273,9.899999618530275,lab_threshold,12.399999618530273,9.899999618530275,lab_threshold
2026-07-19 08:00:00,2026-07-18 22:00:00,2026-07-19 02:00:00,10.399999618530273,10.0,True,2026-07-19 08:00:00,2026-07-19 08:00:00,8.997275352478027,0.0,False,False,True,0.010416666666666666,2026-07-19 10:00:00,2026-07-19 14:00:00,9.100000381469727,9.100000381469727,10.399999618530273,8.997275352478027,9.144321918487549,7.741805346900766,8.787302327056013,8.604944444661422,9.144321918487549,6.366234705426499,12.970131458083735,8.604944444661422,6.239731480942,11.74287009509758,10.399999618530273,9.899999618530275,lab_threshold,10.399999618530273,9.899999618530275,lab_threshold
2026-07-20 08:00:00,2026-07-19 10:00:00,2026-07-19 14:00:00,9.100000381469727,22.0,True,2026-07-20 08:00:00,2026-07-20 08:00:00,10.395075798034668,0.0,False,False,True,0.010416666666666666,2026-07-20 10:00:00,2026-07-20 14:00:00,10.199999809265137,10.199999809265137,9.100000381469727,10.395075798034668,10.54212236404419,8.453904406012503,8.201705503274518,8.349913968730407,10.54212236404419,7.381238589969537,14.895095603888928,8.349913968730407,6.047502137416372,11.404521420224592,9.100000381469727,9.899999618530275,lab_threshold,9.100000381469727,9.899999618530275,lab_threshold
2026-07-21 08:00:00,2026-07-20 10:00:00,2026-07-20 14:00:00,10.199999809265137,22.0,True,2026-07-21 08:00:00,2026-07-21 08:00:00,8.597826957702637,0.0,True,False,False,0.010416666666666666,2026-07-21 10:00:00,2026-07-21 14:00:00,8.100000381469727,8.100000381469727,10.199999809265137,,,8.40008871734744,7.638169853087836,8.374739306225543,,,,8.374739306225543,6.066214247457617,11.437457170409312,10.199999809265137,9.899999618530275,lab_threshold,10.199999809265137,9.899999618530275,lab_threshold
2026-07-23 08:00:00,2026-07-21 10:00:00,2026-07-21 14:00:00,8.100000381469727,46.0,True,2026-07-23 08:00:00,2026-07-23 08:00:00,10.56169319152832,0.0,False,False,True,0.010416666666666666,2026-07-23 10:00:00,2026-07-23 14:00:00,6.400000095367432,6.400000095367432,8.100000381469727,10.56169319152832,10.857726097106934,7.333003284307784,8.430508764073371,8.419479961278912,10.857726097106934,7.61041222920629,15.329725505717384,8.419479961278912,6.099937537658204,11.496814552286885,8.100000381469727,9.899999618530275,lab_threshold,8.100000381469727,9.899999618530275,lab_threshold
2026-07-24 08:00:00,2026-07-23 10:00:00,2026-07-23 14:00:00,6.400000095367432,22.0,True,2026-07-24 08:00:00,2026-07-24 08:00:00,9.897915840148926,0.0,False,False,True,0.010416666666666666,2026-07-24 10:00:00,2026-07-24 14:00:00,8.800000190734863,8.800000190734863,6.400000095367432,9.897915840148926,10.193948745727539,9.135593252932209,8.386898326612311,8.049895204955899,10.193948745727539,7.128414536142547,14.415612474587226,8.049895204955899,5.821362850355855,11.00648682930145,6.400000095367432,9.899999618530275,lab_threshold,6.400000095367432,9.899999618530275,lab_threshold
2026-07-25 08:00:00,2026-07-24 10:00:00,2026-07-24 14:00:00,8.800000190734863,22.0,True,2026-07-25 08:00:00,2026-07-25 08:00:00,6.9925537109375,0.0,False,False,True,0.010416666666666666,2026-07-25 10:00:00,2026-07-25 14:00:00,7.400000095367432,7.400000095367432,8.800000190734863,6.9925537109375,7.409368991851807,8.215319594726665,7.709261229712207,7.981720717855243,7.409368991851807,5.106409695617375,10.580861810152244,7.981720717855243,5.769976298012596,10.916039806111595,8.800000190734863,9.899999618530275,lab_threshold,8.800000190734863,9.899999618530275,lab_threshold
2026-07-26 08:00:00,2026-07-25 10:00:00,2026-07-25 14:00:00,7.400000095367432,22.0,True,2026-07-26 08:00:00,2026-07-26 08:00:00,5.307837009429932,0.0,False,False,True,0.010416666666666666,2026-07-26 10:00:00,2026-07-26 14:00:00,9.899999618530273,9.899999618530273,7.400000095367432,5.307837009429932,5.724652290344238,7.462897560938157,7.127469306965882,7.170662685595963,5.724652290344238,3.883063400500298,8.260774378108392,7.170662685595963,5.158640917277308,9.840009933767051,7.400000095367432,9.899999618530275,lab_threshold,7.400000095367432,9.899999618530275,lab_threshold
2026-07-27 08:00:00,2026-07-26 10:00:00,2026-07-26 14:00:00,9.899999618530273,22.0,True,2026-07-27 08:00:00,2026-07-27 08:00:00,8.189221382141113,0.0,False,False,True,0.010416666666666666,2026-07-27 10:00:00,2026-07-27 14:00:00,10.800000190734863,10.800000190734863,9.899999618530273,8.189221382141113,8.60603666305542,8.703352542600614,8.353382790435202,8.553655853632337,8.60603666305542,5.975362298000504,12.228838364197358,8.553655853632337,6.2010726808598395,11.67482557317351,9.899999618530273,9.899999618530275,lab_threshold,9.899999618530273,9.899999618530275,lab_threshold
2026-07-28 08:00:00,2026-07-27 10:00:00,2026-07-27 14:00:00,10.800000190734863,22.0,True,2026-07-28 08:00:00,2026-07-28 08:00:00,5.108487129211426,0.0,False,False,True,0.010416666666666666,2026-07-28 10:00:00,2026-07-28 14:00:00,9.300000190734863,9.300000190734863,10.800000190734863,5.108487129211426,5.611100196838379,6.084399055293185,7.009272254222083,7.33017666248857,5.611100196838379,3.8006082715347733,8.104397472252671,7.33017666248857,5.278874653850509,10.051636965823928,10.800000190734863,9.899999618530275,lab_threshold,10.800000190734863,9.899999618530275,lab_threshold
2026-07-29 08:00:00,2026-07-28 10:00:00,2026-07-28 14:00:00,9.300000190734863,22.0,True,2026-07-29 08:00:00,2026-07-29 08:00:00,6.4172797203063965,0.0,False,False,True,0.010416666666666666,2026-07-29 10:00:00,2026-07-29 14:00:00,8.0,8.0,9.300000190734863,6.4172797203063965,6.979803562164307,7.663413521332999,7.193508653323478,7.8145119254981985,6.979803562164307,4.794483496720952,9.989290922437624,7.8145119254981985,5.643942590593244,10.694204070148723,9.300000190734863,9.899999618530275,lab_threshold,9.300000190734863,9.899999618530275,lab_threshold
2026-07-30 08:00:00,2026-07-29 10:00:00,2026-07-29 14:00:00,8.0,22.0,True,2026-07-30 08:00:00,2026-07-30 08:00:00,6.588183403015137,0.0,False,False,True,0.010416666666666666,2026-07-30 10:00:00,2026-07-30 14:00:00,8.5,8.5,8.0,6.588183403015137,7.150707244873047,7.808973589527874,7.692011287162199,7.548717659785694,7.150707244873047,4.918584116651003,10.224648882614392,7.548717659785694,5.443600035358349,10.34157508624254,8.0,9.899999618530275,lab_threshold,8.0,9.899999618530275,lab_threshold
2026-07-31 08:00:00,2026-07-30 10:00:00,2026-07-30 14:00:00,8.5,22.0,True,2026-07-31 08:00:00,2026-07-31 08:00:00,8.701589584350586,0.0,False,False,True,0.010416666666666666,2026-07-31 10:00:00,2026-07-31 14:00:00,8.600000381469727,8.600000381469727,8.5,8.701589584350586,9.482355117797852,8.732328050269105,8.552774237741763,8.295833965660476,9.482355117797852,6.61169535862284,13.435649830776075,8.295833965660476,6.006739309169881,11.332773534764865,8.5,9.899999618530275,lab_threshold,8.5,9.899999618530275,lab_threshold
2026-08-01 08:00:00,2026-07-31 10:00:00,2026-07-31 14:00:00,8.600000381469727,22.0,True,2026-08-01 08:00:00,2026-08-01 08:00:00,8.408612251281738,0.0,False,False,True,0.010416666666666666,2026-08-01 10:00:00,2026-08-01 14:00:00,8.399999618530273,8.399999618530273,8.600000381469727,8.408612251281738,8.971136093139648,8.62318159746914,8.569725177720066,8.418521398093835,8.971136093139648,6.240476922164446,12.731630672498685,8.418521398093835,6.099215020197802,11.495542827477259,8.600000381469727,9.899999618530275,lab_threshold,8.600000381469727,9.899999618530275,lab_threshold
2026-08-02 08:00:00,2026-08-01 10:00:00,2026-08-01 14:00:00,8.399999618530273,22.0,True,2026-08-02 08:00:00,2026-08-02 08:00:00,8.673360824584961,0.0,False,False,True,0.010416666666666666,2026-08-02 10:00:00,2026-08-02 14:00:00,10.600000381469727,10.600000381469727,8.399999618530273,8.673360824584961,9.274940013885498,9.569790510378871,8.8080103723419,8.752979480951344,9.274940013885498,6.461082202894378,13.150010604090367,8.752979480951344,6.351312960531528,11.93926802824898,8.399999618530273,9.899999618530275,lab_threshold,8.399999618530273,9.899999618530275,lab_threshold
2026-08-03 08:00:00,2026-08-02 10:00:00,2026-08-02 14:00:00,10.600000381469727,22.0,True,2026-08-03 08:00:00,2026-08-03 08:00:00,8.507034301757812,0.0,False,False,True,0.010416666666666666,2026-08-03 10:00:00,2026-08-03 14:00:00,9.600000381469727,9.600000381469727,10.600000381469727,8.507034301757812,9.287799835205078,9.399908454685955,8.268462325295847,8.655168451221211,9.287799835205078,6.470420280182442,13.167720353032239,8.655168451221211,6.277587849969938,11.809502233881311,10.600000381469727,9.899999618530275,lab_threshold,10.600000381469727,9.899999618530275,lab_threshold
2026-08-04 08:00:00,2026-08-03 10:00:00,2026-08-03 14:00:00,9.600000381469727,22.0,True,2026-08-04 08:00:00,2026-08-04 08:00:00,8.055941581726074,0.0,False,False,True,0.010416666666666666,2026-08-04 10:00:00,2026-08-04 14:00:00,8.0,8.0,9.600000381469727,8.055941581726074,8.657520771026611,8.828920031225802,8.130342829974806,8.577023338349335,8.657520771026611,6.01274715486552,12.29973908699963,8.577023338349335,6.218685933670491,11.7058271915497,9.600000381469727,9.899999618530275,lab_threshold,9.600000381469727,9.899999618530275,lab_threshold
2026-08-05 08:00:00,2026-08-04 10:00:00,2026-08-04 14:00:00,8.0,22.0,True,2026-08-05 08:00:00,2026-08-05 08:00:00,7.61513090133667,0.0,False,False,True,0.010416666666666666,2026-08-05 10:00:00,2026-08-05 14:00:00,7.800000190734863,7.800000190734863,8.0,7.61513090133667,8.216710090637207,9.61771712501032,8.33430841710108,8.636589122386418,8.216710090637207,5.692655288844454,11.692681936935783,8.636589122386418,6.2635836719515225,11.784853057078685,8.0,9.899999618530275,lab_threshold,8.0,9.899999618530275,lab_threshold
2026-08-06 08:00:00,2026-08-05 10:00:00,2026-08-05 14:00:00,7.800000190734863,22.0,True,2026-08-06 08:00:00,2026-08-06 08:00:00,7.4804911613464355,0.0,False,False,True,0.010416666666666666,2026-08-06 10:00:00,2026-08-06 14:00:00,9.300000190734863,9.300000190734863,7.800000190734863,7.4804911613464355,8.082070350646973,9.67474492217762,8.213151904915943,8.586521816364062,8.082070350646973,5.594887499788176,11.507264431235585,8.586521816364062,6.2258454160288155,11.718428812739717,7.800000190734863,9.899999618530275,lab_threshold,7.800000190734863,9.899999618530275,lab_threshold
