fold,decision_time,target_time,target_available_time,actual_sulfur,last_pak,last_pak_lower,last_pak_upper,catboost_no_pak,catboost_no_pak_lower,catboost_no_pak_upper,catboost_residual,catboost_residual_lower,catboost_residual_upper,last_pak_bc_n10,last_pak_bc_n10_lower,last_pak_bc_n10_upper,last_pak_bc_n10_correction,last_pak_bc_n20,last_pak_bc_n20_lower,last_pak_bc_n20_upper,last_pak_bc_n20_correction,last_pak_bc_n40,last_pak_bc_n40_lower,last_pak_bc_n40_upper,last_pak_bc_n40_correction
2023 H2,2023-07-01 07:30:00,2023-07-01 09:30:00,2023-07-01 13:30:00,9.899999618530273,8.683403015136719,6.391420288407569,11.686099598560462,8.758393916738598,6.430110182027637,11.816263756704362,8.959368167321996,6.430291599272881,12.349276130962773,8.235166072845459,6.117038141826093,10.983677857760156,-0.44823694229125977,7.830061912536621,5.691385720314195,10.652293954976004,-0.8533411026000977,7.99328088760376,5.80847962643887,10.879172085536858,-0.690122127532959
2023 H2,2023-07-02 07:40:00,2023-07-02 09:40:00,2023-07-02 13:40:00,11.300000190734863,9.351027488708496,6.901023479690854,12.56074568660707,8.737108202269885,6.413903088405968,11.788307995417357,9.750548912641285,7.020560333864015,13.40975407106167,9.351100444793701,6.977027818923832,12.431729567750601,7.295608520507812e-05,8.497686386108398,6.197308885207061,11.533302117166759,-0.8533411026000977,8.660905361175537,6.313913370056388,11.761033344980772,-0.690122127532959
2023 H2,2023-07-03 08:00:00,2023-07-03 10:00:00,2023-07-03 14:00:00,10.5,7.746032238006592,5.67591754944177,10.45806240741347,8.496992012846755,6.231076922632702,11.472949500755345,8.387288502187628,6.00348553501773,11.582475537743928,7.746105194091797,5.740145631143568,10.34906576983576,7.295608520507812e-05,7.025884628295898,5.081983379801773,9.591088472986888,-0.7201476097106934,7.055910110473633,5.098830954472379,9.641004512584612,-0.690122127532959
2023 H2,2023-07-04 08:00:00,2023-07-04 10:00:00,2023-07-04 14:00:00,11.0,9.208197593688965,6.792000259012314,12.373626109838725,8.653760503438871,6.3504415607184415,11.67884263658404,9.450205000957459,6.796485592737422,13.007180961607176,9.769818782806396,7.299711175001285,12.975064212336463,0.5616211891174316,8.759960651397705,6.396059278006811,11.879403522371792,-0.44823694229125977,8.518075466156006,6.205782150489199,11.57237017265232,-0.690122127532959
2023 H2,2023-07-05 08:00:00,2023-07-05 10:00:00,2023-07-05 14:00:00,7.699999809265137,9.839104652404785,7.273576748868429,13.200169193070165,8.066158890102862,5.903037534249001,10.90711141476263,9.92895734886753,7.153663828248411,13.64888806422921,10.983551979064941,8.23506906500954,14.550021014900004,1.1444473266601562,9.710177421569824,7.116129758838385,13.133325095817785,-0.12892723083496094,9.148982524871826,6.6834185002404904,12.405731613725026,-0.690122127532959
2023 H2,2023-07-06 08:00:00,2023-07-06 10:00:00,2023-07-06 14:00:00,9.199999809265137,8.821374893188477,6.496735345218415,11.866854750858572,8.549750816109022,6.271247848776414,11.54224069189464,8.928530494549245,6.407284828452187,12.30794212240283,9.802436590194702,7.324847937833073,13.017389525501887,0.9810616970062256,8.692447662353516,6.344898204018799,11.790312279081068,-0.12892723083496094,8.131252765655518,5.912933021420866,11.061418331687218,-0.690122127532959
2023 H2,2023-07-07 01:00:00,2023-07-07 03:00:00,2023-07-07 07:00:00,14.199999809265137,,,,7.496564547656237,5.469344371260511,10.159030184448623,7.496564547656237,5.338951539945496,10.388572488299785,,,,0.8619539737701416,,,,7.295608520507812e-05,,,,-0.690122127532959
2023 H2,2023-07-07 04:00:00,2023-07-07 06:00:00,2023-07-07 10:00:00,5.099999904632568,,,,8.00761492527097,5.85846174514834,10.830222235964287,8.00761492527097,5.720226060959316,11.073571023648265,,,,0.8619539737701416,,,,7.295608520507812e-05,,,,-0.690122127532959
2023 H2,2023-07-07 08:00:00,2023-07-07 10:00:00,2023-07-07 14:00:00,3.200000047683716,,,,8.647852111902006,6.34594286959242,11.671082803873821,8.647852111902006,6.197881762550462,11.93172817278262,,,,0.8619539737701416,,,,7.295608520507812e-05,,,,-0.690122127532959
2023 H2,2023-07-08 08:00:00,2023-07-08 10:00:00,2023-07-08 14:00:00,10.399999618530273,,,,8.110832034715452,5.937051982679889,10.96578324222537,8.110832034715452,5.797232273434017,11.211920532599565,,,,0.44251346588134766,,,,7.295608520507812e-05,,,,-0.690122127532959
2023 H2,2023-07-09 04:00:00,2023-07-09 06:00:00,2023-07-09 10:00:00,18.100000381469727,13.947721481323242,10.409717394784929,18.582814346071192,7.465707635166651,5.4458496997365895,10.11850401461388,13.556202279334967,9.85980814208036,18.51075212608011,14.809675455093384,11.183653475884196,19.514851188940515,0.8619539737701416,14.39023494720459,10.662658696854095,19.30920546393494,0.44251346588134766,13.257599353790283,9.79390001662385,17.832779534749058,-0.690122127532959
2023 H2,2023-07-09 08:00:00,2023-07-09 10:00:00,2023-07-09 14:00:00,6.800000190734863,,,,7.866355654600179,5.750905936859385,10.644698256665693,7.866355654600179,5.614838093113278,10.884230798589607,,,,0.8619539737701416,,,,0.44251346588134766,,,,-0.690122127532959
2023 H2,2023-07-10 08:00:00,2023-07-10 10:00:00,2023-07-10 14:00:00,13.699999809265137,,,,8.309296987530637,6.088164602161085,11.226438756180212,8.309296987530637,5.945299143427968,11.477937755071702,,,,1.0267736911773682,,,,0.726621150970459,,,,-0.5879368782043457
2023 H2,2023-07-11 08:00:00,2023-07-11 10:00:00,2023-07-11 14:00:00,11.199999809265137,9.598834037780762,7.090176234311296,12.88539380440122,8.6179809313281,6.323198741324482,11.631851252839315,9.696763024912958,6.980432805387006,13.337660876476267,10.62560772895813,7.959220979489126,14.085547658331993,1.0267736911773682,10.490274906158447,7.707284523157563,14.162754480798476,0.8914408683776855,9.114981174468994,6.657677338101523,12.360819428992466,-0.4838528633117676
2023 H2,2023-07-11 13:00:00,2023-07-11 15:00:00,2023-07-11 19:00:00,9.399999618530273,8.528397560119629,6.27310336374418,11.483028979936705,8.486877830893386,6.223375912921903,11.459665959969465,9.47950937189269,6.818348427560264,13.046459772560477,9.555171251296997,7.1342940447892955,12.696534638500706,1.0267736911773682,9.419838428497314,6.896112027191734,12.750189017341437,0.8914408683776855,8.044544696807861,5.8472895563078335,10.946886151060497,-0.4838528633117676
2023 H2,2023-07-11 20:23:00,2023-07-11 22:23:00,2023-07-12 02:23:00,8.899999618530273,5.990783214569092,4.336121692266002,8.158533626385063,7.895228111852964,5.772889630123304,10.68261812653497,6.441566224961661,4.551858920949333,8.974480380171663,6.860705852508545,5.057816711978373,9.200159469579326,0.8699226379394531,6.882224082946777,4.973117991173313,9.40151167038673,0.8914408683776855,5.780573844909668,4.133321137813636,7.9564203041181765,-0.21020936965942383
2023 H2,2023-07-12 08:00:00,2023-07-12 10:00:00,2023-07-12 14:00:00,7.800000190734863,6.56529426574707,4.774650650830814,8.91119303799116,8.436212365228968,6.184798868838386,11.393124070304856,6.979950832041177,4.95352643197543,9.696117000469124,8.137142181396484,6.0414964819631605,10.856480714988402,1.571847915649414,7.5920679569244385,5.511034849405414,10.338233243084124,1.0267736911773682,6.503525257110596,4.680640855989005,8.91136259296122,-0.06176900863647461
2023 H2,2023-07-13 08:00:00,2023-07-13 10:00:00,2023-07-13 14:00:00,14.399999618530273,7.299990653991699,5.33545038016176,9.87370916392382,8.109683587633205,5.936177546944652,10.964274920175423,7.918751444743416,5.653928524634422,10.954460742796009,8.871838569641113,6.607686865173868,11.809832800975395,1.571847915649414,8.326764345169067,6.067784843885834,11.30775059961943,1.0267736911773682,7.4485039710998535,5.3960492149653865,10.159579445180402,0.1485133171081543
2023 H2,2023-07-13 14:00:00,2023-07-13 16:00:00,2023-07-13 20:00:00,8.5,,,,8.123947088100502,5.947037877133991,10.983008001217499,8.123947088100502,5.807016897252896,11.229499606509476,,,,2.3668580055236816,,,,1.0267736911773682,,,,0.1485133171081543
2023 H2,2023-07-14 07:50:00,2023-07-14 09:50:00,2023-07-14 13:50:00,11.100000381469727,12.8978853225708,9.608368915208391,17.207437729887303,8.279106466806097,6.065177326042692,11.186787797235601,13.934290528187413,10.141884865426107,19.01753170797809,15.264743328094482,11.534349433457878,20.10535348748565,2.3668580055236816,13.924659013748169,10.309847110286483,18.694823856112425,1.0267736911773682,13.340398788452148,9.856584399667307,17.942148823357538,0.44251346588134766
2023 H2,2023-07-14 12:00:00,2023-07-14 14:00:00,2023-07-14 18:00:00,10.199999809265137,8.059175491333008,5.91494234188269,10.868307286626532,8.393189154949438,6.152040692084204,11.336619197135429,8.303800455187654,5.9411983975365565,11.47057034714215,10.42603349685669,7.805420017948432,13.82657740405083,2.3668580055236816,9.085949182510376,6.643092087479706,12.309583313646266,1.0267736911773682,8.501688957214355,6.193376531931074,11.550725328903763,0.44251346588134766
2023 H2,2023-07-15 08:00:00,2023-07-15 10:00:00,2023-07-15 14:00:00,7.5,7.148961067199707,5.2201682680551835,9.675847278243994,8.651326891131264,6.348588591086335,11.675646432630607,7.381534999315714,5.253132532921825,10.234389895767865,9.304660320281982,6.941238951148852,12.37146822675977,2.1556992530822754,8.738587379455566,6.379862697723841,11.851199003545506,1.5896263122558594,7.916826963424683,5.750599194187273,10.778184544583958,0.7678658962249756
2023 H2,2023-07-16 08:00:00,2023-07-16 10:00:00,2023-07-16 14:00:00,11.300000190734863,8.437604904174805,6.203800590933839,11.36408270925754,8.44324380814139,6.190152659228861,11.402358871412977,8.229139714291767,5.885496964819729,11.370497046344651,10.59330415725708,7.934326380940475,14.043630101693925,2.1556992530822754,10.087843418121338,7.402323545632235,13.631699314731156,1.6502385139465332,9.261815547943115,6.768840199881752,12.55477209347283,0.8242106437683105
2023 H2,2023-07-17 08:00:00,2023-07-17 10:00:00,2023-07-17 14:00:00,7.699999809265137,7.798242092132568,5.715769755782693,10.526461854222934,8.571227418669451,6.28760028594191,11.570447157565212,8.465577127148183,6.061893588881197,11.687411559282015,9.960422277450562,7.446598879093206,13.222393914949512,2.162180185317993,9.448480606079102,6.9178169551942625,12.787985702800661,1.6502385139465332,8.689682960510254,6.335699823878628,11.799045507502784,0.8914408683776855
2023 H2,2023-07-18 08:00:00,2023-07-18 10:00:00,2023-07-18 14:00:00,7.300000190734863,6.122776031494141,4.436872883083821,8.33145568892736,7.839335250777171,5.730332410182679,10.609210795802454,6.550390936765025,4.633048744271555,9.12034617239151,7.773014545440674,5.760883198655741,10.383983712337566,1.6502385139465332,7.578415393829346,5.500688991511657,10.320217097784282,1.455639362335205,7.014216899871826,5.067266570073521,9.58593219473673,0.8914408683776855
2023 H2,2023-07-19 08:00:00,2023-07-19 10:00:00,2023-07-19 14:00:00,13.899999618530273,8.9091157913208,6.563708686466798,11.981802953554865,8.695169751936616,6.381970855551011,11.733227800294605,9.02864323077645,6.481974990566078,12.442130610836083,10.559354305267334,7.908163084079923,13.999576309227756,1.6502385139465332,10.364755153656006,7.612166155038337,13.997116564801788,1.455639362335205,9.733326435089111,7.12580361611427,13.177588064486482,0.8242106437683105
2023 H2,2023-07-19 14:00:00,2023-07-19 16:00:00,2023-07-19 20:00:00,6.099999904632568,2.761925220489502,1.8715081211360314,3.928449012693761,7.969725579786471,5.829612529378126,10.78045996468876,2.772353194997009,1.8144038641171625,4.056363377424543,4.412163734436035,3.170859021262971,6.022897714599545,1.6502385139465332,4.412163734436035,3.1013161048385176,6.141979681543694,1.6502385139465332,3.6533660888671875,2.522890990103999,5.146604029998631,0.8914408683776855
2023 H2,2023-07-20 08:00:00,2023-07-20 10:00:00,2023-07-20 14:00:00,8.899999618530273,7.644123554229736,5.598129822166998,10.324553174106695,8.81632586539459,6.474219977681127,11.892349139222228,8.301996801381902,5.939852762603123,11.46815277684119,9.099762916564941,6.783335711952851,12.10559055215506,1.455639362335205,9.099762916564941,6.6535600800841195,12.327812142777253,1.455639362335205,8.468334197998047,6.168124880013691,11.506667222684891,0.8242106437683105
2023 H2,2023-07-21 00:00:00,2023-07-21 02:00:00,2023-07-21 06:00:00,7.300000190734863,6.272709846496582,4.551318583670181,8.527882018322087,7.739660554153791,5.654439390840475,10.478302245410417,6.794665920441016,4.815292670655921,9.447765959891349,7.336743116378784,5.424672633915375,9.8178719366333,1.0640332698822021,7.728349208831787,5.614308238877879,10.518072209504277,1.455639362335205,7.096920490264893,5.129878392973515,9.695174883211545,0.8242106437683105
2023 H2,2023-07-21 08:00:00,2023-07-21 10:00:00,2023-07-21 14:00:00,7.5,6.3371686935424805,4.600520545942913,8.612328710497799,7.788066279480477,5.691295852640128,10.541876287247081,6.850558608904857,4.856992000028672,9.52268305497915,6.880964756011963,5.0734291425300375,9.226447699961042,0.5437960624694824,7.7928080558776855,5.66315489623353,10.603133157119073,1.455639362335205,7.161379337310791,5.178677796921931,9.780318196988054,0.8242106437683105
2023 H2,2023-07-22 08:00:00,2023-07-22 10:00:00,2023-07-22 14:00:00,8.899999618530273,7.926419734954834,5.8136087931743825,10.694385707088518,8.136395420649743,5.956516125625756,10.999357117131806,8.617388995186252,6.1751544332241455,11.89089620934716,7.465699672698975,5.524052409301109,9.98520772858307,-0.4607200622558594,9.092509746551514,6.6480636567593905,12.318240741133751,1.1660900115966797,8.750630378723145,6.38184085520775,11.879550595486647,0.8242106437683105
2023 H2,2023-07-23 08:00:00,2023-07-23 10:00:00,2023-07-23 14:00:00,9.399999618530273,7.549516201019287,5.5259152599042105,10.200609318448945,8.0207874215977,5.868491377064723,10.847522438097759,7.584551229301942,5.404594931222573,10.50650753090515,7.088796138763428,5.233593439137526,9.496132545905457,-0.4607200622558594,8.787416458129883,6.416865178908432,11.915634653476337,1.2379002571105957,8.440957069396973,6.147398670675813,11.470504933757796,0.8914408683776855
2023 H2,2023-07-24 08:00:00,2023-07-24 10:00:00,2023-07-24 14:00:00,10.199999809265137,8.601641654968262,6.329011177125898,11.57898511031811,8.431926216416397,6.1815353648021985,11.387494822894768,8.655257070043922,6.203406309625182,11.941653584647499,8.140921592712402,6.04440906786328,10.861384930824336,-0.4607200622558594,9.839541912078857,7.214161654093715,13.30403659089879,1.2379002571105957,9.493082523345947,6.943923855110256,12.860251287645296,0.8914408683776855
2023 H2,2023-07-25 08:00:00,2023-07-25 10:00:00,2023-07-25 14:00:00,11.100000381469727,9.112064361572266,6.718620980968546,12.247683220189533,8.70680534321412,6.390830277087233,11.748509496037785,9.011792859302309,6.46940359331422,12.419544814434294,8.651344299316406,6.437763972658785,11.523716418853958,-0.4607200622558594,10.053797245025635,7.376523491369819,13.58677142850763,0.9417328834533691,10.003505229949951,7.330345967598183,13.534465653224844,0.8914408683776855
2023 H2,2023-07-26 08:00:00,2023-07-26 10:00:00,2023-07-26 14:00:00,9.300000190734863,10.4531888961792,7.7423122472392505,14.004672926546027,8.601272090881373,6.3104765119707205,11.609906565213352,10.086282839190936,7.271038168614405,13.859763029134838,10.385454177856445,7.774147752911073,13.773921124483099,-0.0677347183227539,11.394921779632568,8.392822317914957,15.356541274094273,0.9417328834533691,11.462152004241943,8.43463337605963,15.461183639728732,1.0089631080627441
2023 H2,2023-07-27 08:00:00,2023-07-27 10:00:00,2023-07-27 14:00:00,10.800000190734863,9.509160041809082,7.021727343757887,12.76791307551703,8.541803943252035,6.265197043548242,11.531803603635534,9.206860039558167,6.614935519275612,12.681007751598102,9.441425323486328,7.0466362701136225,12.548936366226748,-0.0677347183227539,10.416066408157349,7.651049619170588,14.064827734504837,0.9069063663482666,10.400600910186768,7.630972388859629,14.058987012994514,0.8914408683776855
2023 H2,2023-07-28 08:00:00,2023-07-28 10:00:00,2023-07-28 14:00:00,9.399999618530273,9.352396965026855,6.9020688121042815,12.562539819614383,8.87890377765127,6.521867242896651,11.974536334745235,9.46158664264064,6.804976986484866,13.022436615891651,9.284662246704102,6.925827527976365,12.345518452858274,-0.0677347183227539,9.989778757095337,7.328010536396683,13.502291585975856,0.6373817920684814,10.222319602966309,7.496002219112289,13.823496277791802,0.8699226379394531
2023 H2,2023-07-29 08:00:00,2023-07-29 10:00:00,2023-07-29 14:00:00,9.199999809265137,9.836878776550293,7.2718777197229265,13.197253102235159,7.550299695445873,5.510258693036319,10.229603665387547,9.895942341351773,7.129032633892211,13.604635613231393,9.769144058227539,7.299191201616389,12.974188680490908,-0.0677347183227539,10.306849479675293,7.5682854661102565,13.920703291421868,0.469970703125,10.604744672775269,7.785522064981079,14.328639314116396,0.7678658962249756
2023 H2,2023-07-30 08:00:00,2023-07-30 10:00:00,2023-07-30 14:00:00,9.699999809265137,10.268715858459473,7.601502477003067,13.762997213358908,7.867144824716031,5.75150681657004,10.645734719472992,11.010744735771443,7.960742710971638,15.09888753208261,10.116713523864746,7.567044007333393,13.425199574776517,-0.15200233459472656,10.553807258605957,7.7554290865996,14.24659281100525,0.2850914001464844,10.938992261886597,8.038568525899207,14.770144998176844,0.670276403427124
2023 H2,2023-07-31 08:00:00,2023-07-31 10:00:00,2023-07-31 14:00:00,9.5,7.6601457595825195,5.61035970184096,10.345543655714897,8.434002882139765,6.183116552779188,11.390222228231373,8.142210419394411,5.820642448071784,11.253979297230579,7.945237159729004,5.893605762073313,10.60746213310155,0.2850914001464844,7.945237159729004,5.7786650635431025,10.80428109276915,0.2850914001464844,8.428011655807495,6.1375981778655335,11.453405412718727,0.7678658962249756
2023 H2,2023-08-01 08:00:00,2023-08-01 10:00:00,2023-08-01 14:00:00,9.100000381469727,9.235664367675781,6.812965871017298,12.40960997108081,8.179793606888428,5.989559811728699,11.056354467940068,9.199408167209585,6.6093759713625015,12.671019457159874,9.705635070800781,7.250248293356839,12.891778549434076,0.469970703125,9.520755767822266,6.97258678467133,12.88336118698374,0.2850914001464844,10.009130477905273,7.33460463432684,13.54189601032369,0.7734661102294922
2023 H2,2023-08-02 08:00:00,2023-08-02 10:00:00,2023-08-02 14:00:00,8.300000190734863,9.828486442565918,7.265471782927542,13.186258415282262,8.540447765000671,6.26416443983086,11.530022456213235,9.589877430034896,6.900689680686426,13.19439422577335,10.298457145690918,7.707103891299499,13.66103258519431,0.469970703125,10.113577842712402,7.421824990008822,13.665658881840363,0.2850914001464844,10.698409080505371,7.856431916427158,14.452360082056538,0.8699226379394531
2023 H2,2023-08-03 08:00:00,2023-08-03 10:00:00,2023-08-03 14:00:00,11.100000381469727,6.937225818634033,5.058549030523401,9.398455699309263,8.509662039944784,6.240723970922703,11.489589780957028,7.493498264076493,5.3366639067602595,10.384462522133843,7.463926315307617,5.522685779606112,9.9829065957678,0.526700496673584,7.222317218780518,5.230839213882274,9.850304128475612,0.2850914001464844,7.807148456573486,5.667565661854937,10.633310846847461,0.8699226379394531
2023 H2,2023-08-04 08:00:00,2023-08-04 10:00:00,2023-08-04 14:00:00,7.300000190734863,7.82952356338501,5.739647157240125,10.56744330044361,8.169844340840362,5.9819843701552005,11.043287520761504,8.919051037749577,6.400212579787322,12.295236106894185,8.472505569458008,6.299942730290398,11.291652836000196,0.642982006072998,8.114614963531494,5.9070188881174275,11.027794809762769,0.2850914001464844,8.699446201324463,6.343091211627142,11.811941715148699,0.8699226379394531
2023 H2,2023-08-05 08:00:00,2023-08-05 10:00:00,2023-08-05 14:00:00,12.100000381469727,8.098849296569824,5.945225680135507,10.920283419800107,7.67993518359731,5.60896407106107,10.399861458068786,9.14526015903944,6.568978279112896,12.598440885822727,8.625549793243408,6.417885555516848,11.490245114836183,0.526700496673584,8.502036809921265,6.2006056190314744,11.539043007502338,0.40318751335144043,8.872315406799316,6.473964079740996,12.040283636833406,0.7734661102294922
2023 H2,2023-08-06 08:00:00,2023-08-06 10:00:00,2023-08-06 14:00:00,9.100000381469727,7.812738418579102,5.726834919675675,10.545453301839697,8.30044235501319,6.081422622303812,11.214809454598358,8.523915512662354,6.105417556317541,11.76560680261266,8.4557204246521,6.287007335858132,11.269872202434621,0.642982006072998,8.272655725479126,6.026781547564078,11.23634798111343,0.4599173069000244,8.586204528808594,6.257360138637873,11.662361452741433,0.7734661102294922
2023 H2,2023-08-07 08:00:00,2023-08-07 10:00:00,2023-08-07 14:00:00,9.199999809265137,4.591509819030762,3.2680449274505987,6.32536385810557,7.849514016472153,5.73808259441136,10.622579158155691,4.708368390689756,3.2587884076889186,6.65134741725965,5.349812030792236,3.8934533564538727,7.239602973474034,0.7583022117614746,5.051427125930786,3.585747354781903,6.9855620964955145,0.4599173069000244,5.379038333892822,3.8293334852297805,7.426034397858108,0.7875285148620605
2023 H2,2023-08-08 08:00:00,2023-08-08 10:00:00,2023-08-08 14:00:00,5.800000190734863,7.654928207397461,5.606377101817373,10.338708208860428,7.891295874231071,5.7698955965721,10.677453691183597,7.661999465991427,5.462376004558184,10.610317118024982,8.551759719848633,6.361019575771999,11.394494105954651,0.8968315124511719,8.181628704071045,5.95780163357865,11.116227236570637,0.526700496673584,8.442456722259521,6.1485340022738155,11.472485816446268,0.7875285148620605
2023 H2,2023-08-09 08:00:00,2023-08-09 10:00:00,2023-08-09 14:00:00,9.199999809265137,8.12326431274414,5.9638618605785325,10.95226921305932,8.379244438947177,6.141423086642374,11.318304794189391,8.234820503671758,5.889735177615786,11.378111427578608,9.020095825195312,6.721940635410248,12.00221344433612,0.8968315124511719,8.649964809417725,6.312704867402532,11.734251212311984,0.526700496673584,8.910792827606201,6.503093908878511,12.091108236763628,0.7875285148620605
2023 H2,2023-08-10 08:00:00,2023-08-10 10:00:00,2023-08-10 14:00:00,9.0,9.338664054870605,6.891586370075473,12.544548513691463,8.424994864058906,6.176257784068521,11.37839147650783,9.352277902026463,6.723426048366368,12.875922044136564,10.123210430145264,7.572050818195005,13.433630049261078,0.7845463752746582,9.981646060943604,7.321847611670178,13.491559547271583,0.642982006072998,10.138374328613281,7.432450363308893,13.71261345624202,0.7997102737426758
2023 H2,2023-08-11 08:00:00,2023-08-11 10:00:00,2023-08-11 14:00:00,9.100000381469727,9.13113784790039,6.733179928230784,12.272671145082482,8.53579809782898,6.260624150343657,11.523915779093851,9.526514273373259,6.853416929771247,13.109463910858292,9.915684223175049,7.412121703895877,13.164341203586027,0.7845463752746582,9.774119853973389,7.164585079236522,13.217704574233972,0.642982006072998,9.915684223175049,7.263859938431182,13.418463399404201,0.7845463752746582
2023 H2,2023-08-12 08:00:00,2023-08-12 10:00:00,2023-08-12 14:00:00,10.0,8.33460521697998,6.1251800918756665,11.22914416664689,8.37911696113283,6.141326024132452,11.31813737019465,8.528251561411599,6.108652511191613,11.771418728740757,8.976625919342041,6.688440752945873,11.945806299716983,0.6420207023620605,8.861305713653564,6.47285816221853,12.01314012218136,0.526700496673584,9.092907428741455,6.640966123368721,12.3316623474616,0.7583022117614746
2023 H2,2023-08-13 08:00:00,2023-08-13 10:00:00,2023-08-13 14:00:00,8.899999618530273,8.551286697387695,6.2905748284062275,11.513015739204484,8.431921729055142,6.181531948093585,11.387488929383407,8.66636259767617,6.211691705574507,11.956539142892984,9.335833072662354,6.965262089003314,12.411918416774709,0.7845463752746582,9.194268703460693,6.725176188689593,12.452523523089564,0.642982006072998,9.335833072662354,6.824876124406807,12.652541408639811,0.7845463752746582
2023 H2,2023-08-14 08:00:00,2023-08-14 10:00:00,2023-08-14 14:00:00,9.899999618530273,8.545945167541504,6.286497595225438,11.506017870838214,8.174288285944623,5.9853680214045015,11.049124011178112,8.533672228969394,6.112696657360371,11.77868444950009,9.13620638847351,6.81142070550337,12.152880099947248,0.5902612209320068,9.188927173614502,6.7211283986637165,12.445474753040882,0.642982006072998,9.304247379302979,6.800963766679755,12.610820051156782,0.7583022117614746
2023 H2,2023-08-15 08:00:00,2023-08-15 10:00:00,2023-08-15 14:00:00,9.100000381469727,10.11001968383789,7.480368396044435,13.555091431268362,8.62494128713052,6.328498405486366,11.64099269112982,10.154290422105799,7.321775942690993,13.95091861130406,10.65174388885498,7.97936269057472,14.11946229702633,0.5417242050170898,10.636720180511475,7.81826016832513,14.356006057285818,0.526700496673584,10.84865927696228,7.970180771181084,14.650824687121588,0.7386395931243896
2023 H2,2023-08-16 08:00:00,2023-08-16 10:00:00,2023-08-16 14:00:00,8.300000190734863,9.11587905883789,6.721532770420994,12.252680805168126,8.225669173828157,6.024489793028235,11.116605506267124,8.941547877752047,6.416996584402093,12.32539028175966,9.65760326385498,7.213232802854811,12.829451819538333,0.5417242050170898,9.758861064910889,7.1530220297071505,13.197568826906906,0.642982006072998,9.85451865196228,7.217553751551636,13.337670154399683,0.7386395931243896
2023 H2,2023-08-17 08:00:00,2023-08-17 10:00:00,2023-08-17 14:00:00,9.100000381469727,8.283486366271973,6.086160657318144,11.162174029141303,8.626946250561351,6.330024998830427,11.643625925693964,8.870112401870664,6.36370139464567,12.229640041677538,8.47572374343872,6.302422801226545,11.295828782590746,0.19223737716674805,8.911444664001465,6.510853258936159,12.079304300171799,0.6279582977294922,8.920868158340454,6.51072156833796,12.104416682158224,0.6373817920684814
2023 H2,2023-08-18 08:00:00,2023-08-18 10:00:00,2023-08-18 14:00:00,8.800000190734863,8.519242286682129,6.266115069058304,11.471034775988088,8.508967178514077,6.2401948985122795,11.488677179206546,8.882691806747117,6.373086392248634,12.246501146361862,8.711479663848877,6.484107013993867,11.60174889068303,0.19223737716674805,9.277544498443604,6.788282254186749,12.56241562261126,0.7583022117614746,9.15662407875061,6.689203637449954,12.415825297516456,0.6373817920684814
2023 H2,2023-08-19 08:00:00,2023-08-19 10:00:00,2023-08-19 14:00:00,8.300000190734863,10.001858711242676,7.397808245857102,13.413391156181683,8.584662565619093,6.297829901901184,11.588092313969618,9.937778606332799,7.16024502036201,13.660711846596506,10.55576467514038,7.905396752177815,13.994918356059333,0.5539059638977051,10.786405086517334,7.931690793445908,14.553532704627548,0.7845463752746582,10.639240503311157,7.8116375797010065,14.374204654762448,0.6373817920684814
2023 H2,2023-08-20 08:00:00,2023-08-20 10:00:00,2023-08-20 14:00:00,8.199999809265137,8.95333194732666,6.597459238010116,12.039729961041694,8.19262413351401,5.999329065494731,11.073205541464455,8.856282986122057,6.35338381325563,12.21110345517361,9.145569324493408,6.818636208965623,12.165029573836536,0.19223737716674805,9.711634159088135,7.117233668723141,13.135247430445412,0.7583022117614746,9.480032444000244,6.934044123735348,12.843013514221452,0.526700496673584
2023 H2,2023-08-21 08:00:00,2023-08-21 10:00:00,2023-08-21 14:00:00,9.300000190734863,8.100375175476074,5.9463903959164846,10.92228245379154,8.620318658311122,6.324978703191932,11.634921525044067,8.467238533430711,6.0631330985505505,11.68963846473009,8.126814365386963,6.033537398186892,10.843079199622455,0.026439189910888672,8.742395877838135,6.382748762617311,11.856224760229921,0.6420207023620605,8.560292482376099,6.237743088706943,11.628134382275485,0.4599173069000244
2023 H2,2023-08-22 08:00:00,2023-08-22 10:00:00,2023-08-22 14:00:00,7.400000095367432,6.987975597381592,5.097286749451402,9.464942320468175,8.468239856220455,6.209184827117078,11.435187628664421,7.681658201430204,5.477042611347794,10.636667171898765,7.632266998291016,5.6524167505668474,10.201347769355356,0.6442914009094238,7.629996299743652,5.539776796409812,10.38828410389713,0.6420207023620605,7.447892904281616,5.395586598926329,10.158772290596852,0.4599173069000244
2023 H2,2023-08-23 08:00:00,2023-08-23 10:00:00,2023-08-23 14:00:00,5.699999809265137,5.521561145782471,3.977960670404513,7.5438119330748945,8.559991579382263,6.279045238399899,11.55569047925716,5.6748517266080265,3.9798434877966504,7.946796356428276,6.1658525466918945,4.522331216486103,8.29850831251022,0.6442914009094238,6.306107521057129,4.5365391569987,8.641258843400625,0.7845463752746582,5.981478452682495,4.285418569882551,8.221794024603252,0.4599173069000244
2023 H2,2023-08-24 08:00:00,2023-08-24 10:00:00,2023-08-24 14:00:00,8.899999618530273,8.273883819580078,6.07883095531897,11.149593858353947,8.26590341584363,6.0551244296104425,11.169447465929856,8.99131417840489,6.454125257572445,12.39209572715238,8.918175220489502,6.643395991447422,11.869959873124898,0.6442914009094238,8.864145040512085,6.475009792794238,12.016886944289455,0.5902612209320068,8.677071332931519,6.326152028085392,11.78238688245161,0.40318751335144043
2023 H2,2023-08-25 08:00:00,2023-08-25 10:00:00,2023-08-25 14:00:00,9.5,6.219717025756836,4.510868732544143,8.458456817195765,8.447207860740633,6.193170916928955,11.40756509121624,6.602325864992008,4.671795344902301,9.18995838936111,6.722600936889648,4.9513867956909525,9.02095264142966,0.5028839111328125,6.761441230773926,4.881589227242364,9.242124645450893,0.5417242050170898,6.622904539108276,4.7710184856280895,9.069049987808746,0.40318751335144043
2023 H2,2023-08-26 08:00:00,2023-08-26 10:00:00,2023-08-26 14:00:00,8.699999809265137,8.49141788482666,6.244876476792153,11.434582391154256,8.462807216565489,6.205048376840521,11.428052628447453,8.572158889724012,6.141410036290111,11.830270961128189,8.725079536437988,6.494587693082604,11.619396271437092,0.23366165161132812,8.8664870262146,6.47678454022435,12.019977466883113,0.37506914138793945,8.915024042129517,6.506297204565272,12.096697223261602,0.42360615730285645
2023 H2,2023-08-27 08:00:00,2023-08-27 10:00:00,2023-08-27 14:00:00,8.600000381469727,9.246003150939941,6.820857548380795,12.423154675769036,8.631023486654394,6.333129435243624,11.648980795933129,9.453704129078414,6.799096154155086,13.01187110125454,9.47966480255127,7.076105348296089,12.598556437479198,0.23366165161132812,9.43824052810669,6.910057064924159,12.774472728617884,0.19223737716674805,9.649190664291382,7.062107542513291,13.066453617297894,0.40318751335144043
2023 H2,2023-08-28 08:00:00,2023-08-28 10:00:00,2023-08-28 14:00:00,10.399999618530273,7.667775630950928,5.616183644719537,10.355539450370198,8.301101333035945,6.081924372833496,11.21567492859147,8.265170723420772,5.912378278970058,11.418792066878032,7.682259559631348,5.6909432874001045,10.266218800981783,0.014483928680419922,7.7186055183410645,5.60692450906278,10.505214276351738,0.05082988739013672,8.070963144302368,5.867289983713189,10.981782123725214,0.40318751335144043
2023 H2,2023-08-29 07:35:00,2023-08-29 09:35:00,2023-08-29 13:35:00,11.0,7.410656929016113,5.419922848071988,10.01869160294519,8.566020619905354,6.283635792517789,11.563608767266752,8.1274843484617,5.8096559076303285,11.234240857612498,7.425140857696533,5.49279594557509,9.932578055283432,0.014483928680419922,7.602894306182861,5.519239013719154,10.352519870433731,0.19223737716674805,7.83426308631897,5.688093143038698,10.669126402572648,0.42360615730285645
2023 H2,2023-08-29 20:00:00,2023-08-29 22:00:00,2023-08-30 02:00:00,9.899999618530273,8.092384338378906,5.940290924960969,10.911813762657639,8.773471205064642,6.441590136051275,11.836065632460885,8.5669916417293,6.137554956457594,11.823344917310983,8.326045989990234,6.187074330839213,11.101604881726209,0.23366165161132812,8.284621715545654,6.035849327139543,11.25213849709153,0.19223737716674805,8.567749977111816,6.243388881561297,11.637984943422166,0.47536563873291016
2023 H2,2023-08-30 08:00:00,2023-08-30 10:00:00,2023-08-30 14:00:00,9.199999809265137,8.671833992004395,6.382589558945657,11.670943172716642,8.010368441740559,5.860558292073136,10.833838588576592,8.666415629378175,6.211731270434777,11.956610225196789,9.182773113250732,6.847307137189086,12.213305719174826,0.5109391212463379,9.046903133392334,6.613503147097284,12.258057509341556,0.37506914138793945,9.198534488677979,6.720932455407762,12.471184512682177,0.526700496673584
2023 H2,2023-08-31 08:00:00,2023-08-31 10:00:00,2023-08-31 14:00:00,8.399999618530273,6.21127986907959,4.504428582222692,8.447403408619369,7.53132961049537,5.495814736116022,10.204689154425276,6.431120600993753,4.544065853084589,8.96047933950672,6.722218990325928,4.951092450333143,9.020457022342532,0.5109391212463379,6.722218990325928,4.851866769772404,9.19036633618876,0.5109391212463379,6.737980365753174,4.8581381287260115,9.221052973669492,0.526700496673584
2023 H2,2023-09-01 08:00:00,2023-09-01 10:00:00,2023-09-01 14:00:00,8.899999618530273,9.10595989227295,6.713961389897267,12.239685834827545,8.946648535580522,6.573448580969684,12.063509447858253,9.647692817431299,6.943823459864278,13.271888456130807,9.616899013519287,7.181864260059963,12.776633427360323,0.5109391212463379,9.616899013519287,7.045443753029428,13.010233384681092,0.5109391212463379,9.668233871459961,7.076524448829209,13.091607678184381,0.5622739791870117
2023 H2,2023-09-02 08:00:00,2023-09-02 10:00:00,2023-09-02 14:00:00,9.0,8.588671684265137,6.319111092987575,11.561993321390903,8.703873595337253,6.3885980235077096,11.744659061798435,8.799872818043617,6.311298412761844,12.135492743969667,9.099610805511475,6.783218488271027,12.1053931707708,0.5109391212463379,9.099610805511475,6.653444810934124,12.327611414546087,0.5109391212463379,9.150945663452148,6.684904719696444,12.408324711985259,0.5622739791870117
2023 H2,2023-09-03 08:00:00,2023-09-03 10:00:00,2023-09-03 14:00:00,9.0,7.968382835388184,5.8456395690723495,10.749361015947368,8.376140296492977,6.139059570611744,11.31422794416972,8.478117029506539,6.071249115214154,11.704219715826149,8.479321956634521,6.305195747631075,11.300497873266744,0.5109391212463379,8.479321956634521,6.183392393753161,11.509068116016525,0.5109391212463379,8.495083332061768,6.188375657963789,11.541999997303332,0.526700496673584
2023 H2,2023-09-04 08:00:00,2023-09-04 10:00:00,2023-09-04 14:00:00,8.0,6.561779975891113,4.771968164797749,8.906589012829638,7.636152544796078,5.575627660056481,10.34235918344974,7.037562415316976,4.996508160940881,9.773338057123503,7.210700511932373,5.327538482102137,9.654317328505552,0.6489205360412598,7.072719097137451,5.117474353605698,9.652892003196811,0.5109391212463379,7.124053955078125,5.15042013348895,9.731015318067472,0.5622739791870117
2023 H2,2023-09-05 08:00:00,2023-09-05 10:00:00,2023-09-05 14:00:00,8.199999809265137,8.431501388549805,6.199141727809922,11.356086573291794,8.01755821030362,5.866032632734377,10.843281327928995,8.919762838098027,6.400743625940109,12.296190185430287,9.080421924591064,6.768430665688055,12.080493416333544,0.6489205360412598,8.942440509796143,6.534341787328595,12.120206924656225,0.5109391212463379,8.97875165939331,6.5545430215484926,12.180874659898915,0.5472502708435059
2023 H2,2023-09-06 08:00:00,2023-09-06 10:00:00,2023-09-06 14:00:00,10.100000381469727,7.969908714294434,5.846804284853329,10.751360049938807,8.424409527067297,6.17581210434106,11.37762271954485,8.70750962311131,6.242389877616078,12.011691537630606,8.738413333892822,6.504863322596236,11.636698389456297,0.7685046195983887,8.480847835540771,6.184548698706101,11.511081690749238,0.5109391212463379,8.618829250335693,6.282059106079407,11.705455256449634,0.6489205360412598
2023 H2,2023-09-07 08:00:00,2023-09-07 10:00:00,2023-09-07 14:00:00,9.300000190734863,8.510727882385254,6.2596159550004415,11.459880166315875,8.645149436012979,6.34388503304543,11.667533223139714,9.301360089243305,6.685438277433526,12.807673142056883,9.539943218231201,7.122558631338211,12.67677453443453,1.0292153358459473,9.021667003631592,6.5943793085568885,12.224755500230994,0.5109391212463379,9.2403564453125,6.752594308656051,12.526426890411104,0.7296285629272461
2023 H2,2023-09-08 08:00:00,2023-09-08 10:00:00,2023-09-08 14:00:00,9.399999618530273,9.022797584533691,6.650482923939185,12.130735983501806,8.816245908661756,6.474159098058944,11.89224412741538,9.367637793135406,6.734885457031166,12.896510039711181,10.052012920379639,7.5171827856541595,13.341243186417893,1.0292153358459473,9.671718120574951,7.086985453844894,13.082573573922005,0.6489205360412598,9.752426147460938,7.1402633004252145,13.202816762765202,0.7296285629272461
2023 H2,2023-09-09 08:00:00,2023-09-09 10:00:00,2023-09-09 14:00:00,8.399999618530273,8.259834289550781,6.068106834765605,11.131187752877802,8.966202488376325,6.5883370989990455,12.089190786268592,8.899990329940145,6.385992137814174,12.269687633584947,9.503347396850586,7.094356230369691,12.629287295882875,1.2435131072998047,9.02833890914917,6.59943525196361,12.233559855749759,0.7685046195983887,9.003525257110596,6.573298194153434,12.213597960120433,0.7436909675598145
2023 H2,2023-09-10 08:00:00,2023-09-10 10:00:00,2023-09-10 14:00:00,10.199999809265137,8.771782875061035,6.458881354389236,11.801884896740669,8.063039267957436,5.900662231871931,10.903014234368174,8.719134092107964,6.251062435240291,12.027272671283374,9.800998210906982,7.323739457468738,13.015523064857287,1.0292153358459473,9.420703411102295,6.896767507561928,12.751330462518037,0.6489205360412598,9.420703411102295,6.889128311943146,12.764646141927466,0.6489205360412598
2023 H2,2023-09-11 08:00:00,2023-09-11 10:00:00,2023-09-11 14:00:00,9.0,9.092989921569824,6.7040613057589455,12.222694045900342,8.727120956330545,6.406298728674494,11.775191167048488,8.817421254454542,6.324390608717838,12.159014208321665,10.336503028869629,7.7364237757051,13.710401443775883,1.2435131072998047,9.741910457611084,7.140176927061207,13.175200528594946,0.6489205360412598,9.836680889129639,7.20404944246298,13.314108357880903,0.7436909675598145
2023 H2,2023-09-12 08:00:00,2023-09-12 10:00:00,2023-09-12 14:00:00,9.699999809265137,9.295174598693848,6.858390514422842,12.487573546143052,8.930895000067476,6.5614537275525,12.0428194175153,9.759178498147758,7.026998527092411,13.421320941357683,10.538687705993652,7.892236464663178,13.972759047236176,1.2435131072998047,9.944095134735107,7.293391669468982,13.442006731583868,0.6489205360412598,9.944095134735107,7.285368786530415,13.455991206190944,0.6489205360412598
2023 H2,2023-09-13 08:00:00,2023-09-13 10:00:00,2023-09-13 14:00:00,9.0,8.481856346130371,6.237578076529593,11.422055944405422,8.60375392651144,6.312366199181793,11.613166103648375,8.964397627434261,6.434043881003328,12.356017487512739,9.725369453430176,7.265456504316008,12.917386154352823,1.2435131072998047,9.13077688217163,6.67706233959787,12.368738678461629,0.6489205360412598,9.13077688217163,6.669635682939483,12.381683886842449,0.6489205360412598
2023 H2,2023-09-14 08:00:00,2023-09-14 10:00:00,2023-09-14 14:00:00,8.199999809265137,7.4198126792907715,5.426911506731544,10.030686431591928,8.634648551943288,6.335889585606823,11.653741804073828,8.005142301580488,5.7183813339920135,11.070256783642508,7.967085838317871,5.910443345462601,10.635813277386498,0.5472731590270996,8.068733215332031,5.872249882218495,10.967248505276585,0.6489205360412598,7.930751800537109,5.761141172244702,10.79657778042179,0.5109391212463379
2023 H2,2023-09-15 08:00:00,2023-09-15 10:00:00,2023-09-15 14:00:00,9.199999809265137,9.21729850769043,6.798947060698491,12.385549098201393,8.76468451625861,6.434899889016666,11.824525565289274,9.008246351146253,6.466757683521954,12.414791167829359,9.76457166671753,7.295667509186885,12.968255482705041,0.5472731590270996,9.86621904373169,7.234377478124037,13.339240169647544,0.6489205360412598,9.625685214996338,7.044312438075245,13.035405406904669,0.4083867073059082
2023 H2,2023-09-15 23:00:00,2023-09-16 01:00:00,2023-09-16 05:00:00,7.400000095367432,8.22293758392334,6.03994327923417,11.08284986156864,8.323713827554771,6.099141686174085,11.245373226940876,8.66177834930628,6.208271578757273,11.950394536496832,8.244025707244873,6.123865778215725,10.995174240580198,0.021088123321533203,8.8718581199646,6.480854733658689,12.02706524994224,0.6489205360412598,8.58808708190918,6.258785349813994,11.664848106113151,0.36514949798583984
2023 H2,2023-09-16 08:00:00,2023-09-16 10:00:00,2023-09-16 14:00:00,6.099999904632568,6.147953510284424,4.456091057443656,8.364440374484174,8.005547011078857,5.856887220649178,10.82750632452041,6.819504719199172,4.833823918286099,9.48105923490773,6.115549087524414,4.483565087676203,8.23323385560938,-0.032404422760009766,6.628224849700928,4.780638384671463,9.066330132654011,0.4802713394165039,6.513103008270264,4.6878918163951875,8.924013788408141,0.36514949798583984
2023 H2,2023-09-17 08:00:00,2023-09-17 10:00:00,2023-09-17 14:00:00,8.0,8.189641952514648,6.014528452945846,11.039229690479267,8.35260354663471,6.121138522715349,11.283315767767238,9.001664847903793,6.461847483654708,12.405969493335117,8.154992818832397,6.055252993376729,10.879643946369441,-0.03464913368225098,8.554791450500488,6.240582875380148,11.608658893054113,0.36514949798583984,8.52147388458252,6.208354967118438,11.576859123660496,0.3318319320678711
2023 H2,2023-09-18 08:00:00,2023-09-18 10:00:00,2023-09-18 14:00:00,9.699999809265137,9.2896089553833,6.854142213611722,12.48028206965929,8.53339921935186,6.258797627295871,11.520765193091137,9.259504811609151,6.654211706373456,12.751571424629695,9.053145408630371,6.747410144461133,12.045099036007658,-0.2364635467529297,9.557933330535889,7.0007597935043515,12.932421306104041,0.2683243751525879,9.621440887451172,7.041099215005671,13.029799099492886,0.3318319320678711
2023 H2,2023-09-19 08:00:00,2023-09-19 10:00:00,2023-09-19 14:00:00,8.800000190734863,8.64513111114502,6.3622070327785245,11.635960077866516,8.479007805528445,6.217383619917973,11.449329799971247,8.714021794825658,6.247248351965979,12.020420281961227,8.610481977462769,6.406273612777656,11.47069291091143,-0.03464913368225098,8.913455486297607,6.512377052056954,12.08195781412425,0.2683243751525879,9.01028060913086,6.578412420782649,12.222521065064003,0.36514949798583984
2023 H2,2023-09-20 08:00:00,2023-09-20 10:00:00,2023-09-20 14:00:00,8.399999618530273,7.067323684692383,5.157853789930717,9.568895211513444,8.171262362535353,5.983064061908187,11.04514989075915,7.6569160320114795,5.458583455054833,10.603503416317025,7.032674551010132,5.190343596365942,9.423308405744187,-0.03464913368225098,7.335648059844971,5.316720873499316,9.999857357810592,0.2683243751525879,7.432473182678223,5.383912899228282,10.13840447058466,0.36514949798583984
2023 H2,2023-09-21 08:00:00,2023-09-21 10:00:00,2023-09-21 14:00:00,9.5,8.10876750946045,5.952796332711869,10.933277140744437,7.439674263052053,5.4260277059872495,10.084312879643933,8.263916372779997,5.91144245745286,11.417110768146284,7.9795472621917725,5.920046684299441,10.651983391510699,-0.12922024726867676,8.239343643188477,6.001537784387615,11.19238881310897,0.13057613372802734,8.473917007446289,6.172351418121609,11.514041523008133,0.36514949798583984
2023 H2,2023-09-22 08:00:00,2023-09-22 10:00:00,2023-09-22 14:00:00,9.0,7.3427534103393555,5.368091539923695,9.929732091533806,8.431763495391781,6.181411467862585,11.387281111951344,8.17602956490928,5.845873578058345,11.299309593731968,7.417592287063599,5.486978674430523,9.922782926745615,0.07483887672424316,7.473329544067383,5.421055353438752,10.181544093669062,0.13057613372802734,7.751140117645264,5.625163824386577,10.559329759781615,0.4083867073059082
2023 H2,2023-09-23 08:00:00,2023-09-23 10:00:00,2023-09-23 14:00:00,9.5,8.20413875579834,6.02559398081251,11.058221762794155,8.431323041124811,6.181076102866905,11.386702637859562,8.47510189303917,6.068999640871227,11.700178305909452,8.334714889526367,6.193754978286121,11.112853764377899,0.13057613372802734,8.334714889526367,6.073809734708584,11.31824226783999,0.13057613372802734,8.612525463104248,6.277286742414677,11.697128620792542,0.4083867073059082
2023 H2,2023-09-24 08:00:00,2023-09-24 10:00:00,2023-09-24 14:00:00,9.0,9.462681770324707,6.986250101069267,12.707022500137896,8.740061498929524,6.416151749381181,11.792186730920829,9.741781739271827,7.014019491760175,13.398002781599256,9.892502784729004,7.39425703526929,13.134260651874705,0.4298210144042969,9.892502784729004,7.254295192283682,13.373924623660528,0.4298210144042969,9.973620891571045,7.307721642666577,13.494991605577258,0.5109391212463379
2023 H2,2023-09-25 08:00:00,2023-09-25 10:00:00,2023-09-25 14:00:00,9.399999618530273,9.063997268676758,6.681930977972983,12.18471115066682,8.655886184632413,6.352060069421271,11.681634416775694,9.15862041002769,6.57894583518818,12.616348616175172,9.738296508789062,7.27541867990928,12.934160478263019,0.6742992401123047,9.492544174194336,6.951208151472712,12.846132707144408,0.4285469055175781,9.574936389923096,7.005892383604006,12.968371580905213,0.5109391212463379
2023 H2,2023-09-26 08:00:00,2023-09-26 10:00:00,2023-09-26 14:00:00,9.5,8.139445304870605,5.976212943488451,10.973467719142253,8.389073700975647,6.14890715630616,11.331214133140602,8.575268804765972,6.143730221187639,11.834439409762833,8.884803295135498,6.6176780710833265,11.826656006168838,0.7453579902648926,8.567992210388184,6.250586358604248,11.626078831460445,0.4285469055175781,8.650384426116943,6.305948360079186,11.747136303442339,0.5109391212463379
2023 H2,2023-09-27 08:00:00,2023-09-27 10:00:00,2023-09-27 14:00:00,9.300000190734863,9.030426979064941,6.656306502844082,12.14073115345899,8.520892947434337,6.249275263359095,11.504339982049686,9.47244218308571,6.813075876858175,13.036987097861738,9.903164386749268,7.4024733496953266,13.148095292535267,0.8727374076843262,9.45897388458252,6.9257687198174915,12.801832804540641,0.4285469055175781,9.658351421356201,7.06904281214604,13.078554007685653,0.6279244422912598
2023 H2,2023-09-28 08:00:00,2023-09-28 10:00:00,2023-09-28 14:00:00,10.800000190734863,7.573017120361328,5.543853702799695,10.231397565407667,8.541631020439208,6.265065378894893,11.531576494092954,8.244498567005545,5.896955598778869,11.391083650081596,8.579844951629639,6.3826633301160784,11.430937886994359,1.0068278312683105,8.001564025878906,5.82134933819019,10.87861094554282,0.4285469055175781,8.247316360473633,6.000800467191366,11.214726054746427,0.6742992401123047
2023 H2,2023-09-29 08:00:00,2023-09-29 10:00:00,2023-09-29 14:00:00,9.100000381469727,9.157841682434082,6.753563182345282,12.307655489328855,8.648733861399382,6.346614239899291,11.672240856543361,9.366843469800564,6.7342928437345355,12.895445349526428,10.030579090118408,7.5006649032152986,13.31343035499911,0.8727374076843262,9.809207916259766,7.191174672974616,13.264007354454675,0.6513662338256836,9.809207916259766,7.1832506729816386,13.277819468820143,0.6513662338256836
2023 H2,2023-09-30 08:00:00,2023-09-30 10:00:00,2023-09-30 14:00:00,9.5,10.155034065246582,7.514728239530677,13.61406418341196,8.489973486270292,6.225732966831824,11.46373166341911,10.452639533740257,7.544362442214299,14.35081794304116,10.900392055511475,8.170982253453264,14.44211156024808,0.7453579902648926,10.763700485229492,7.914485337091496,14.523571341846969,0.6086664199829102,10.763700485229492,7.905861618935226,14.538603116397137,0.6086664199829102
2023 H2,2023-10-01 08:00:00,2023-10-01 10:00:00,2023-10-01 14:00:00,7.900000095367432,5.299539089202881,3.8084894286405264,7.252943741547276,8.006039411041424,5.857262137465073,10.828153021901958,6.2428594576952605,4.403611642735176,8.708139035945262,6.044897079467773,4.429117443511554,8.141554843247686,0.7453579902648926,5.908205509185791,4.23501059845711,8.116180848078931,0.6086664199829102,5.908205509185791,4.229946340203373,8.125008222414978,0.6086664199829102
2023 H2,2023-10-02 08:00:00,2023-10-02 10:00:00,2023-10-02 14:00:00,9.300000190734863,9.399701118469238,6.938176457209359,12.624512372141384,8.372543621590133,6.136321036889383,11.309504222766867,9.20123192567871,6.610736605591962,12.673463975224829,10.143784999847412,7.58790651544688,13.460327892421418,0.7440838813781738,10.008367538452148,7.3420970408131945,13.526821645536009,0.6086664199829102,10.008367538452148,7.334027041145026,13.540888248065645,0.6086664199829102
2023 H2,2023-10-03 07:15:00,2023-10-03 09:15:00,2023-10-03 13:15:00,7.199999809265137,9.472945213317871,6.994084270591076,12.720468502522788,8.167409138614245,5.9801301899478885,11.040089228676031,9.504589803356163,6.837059947817206,13.08007692572368,10.124311447143555,7.572899311866891,13.435058743982898,0.6513662338256836,10.081611633300781,7.397601123935379,13.623475749674359,0.6086664199829102,10.081611633300781,7.389477430582015,13.63763594424353,0.6086664199829102
2023 H2,2023-10-04 20:00:00,2023-10-04 22:00:00,2023-10-05 02:00:00,8.399999618530273,9.245582580566406,6.820536523593663,12.422603692025147,8.531740326435424,6.257534534490387,11.518586472971558,8.643547145752985,6.194669997177916,11.92595790895742,9.854249000549316,7.364776932916119,13.084622018109625,0.6086664199829102,9.854249000549316,7.225306627113542,13.323444305111563,0.6086664199829102,9.854249000549316,7.21734960846144,13.337313973426607,0.6086664199829102
2023 H2,2023-10-05 08:00:00,2023-10-05 10:00:00,2023-10-05 14:00:00,8.300000190734863,8.315530776977539,6.110620416666067,11.2041549923577,7.313868879865211,5.3302385969857085,9.9190853855816,8.652097838589734,6.201049331698487,11.937419033586123,8.851339340209961,6.591889228554369,11.783232720381552,0.5358085632324219,8.92419719696045,6.520517077580335,12.096132751000402,0.6086664199829102,8.92419719696045,6.513241860087226,12.108813989786057,0.6086664199829102
2023 H2,2023-10-06 08:00:00,2023-10-06 10:00:00,2023-10-06 14:00:00,10.0,8.833681106567383,6.506128777992011,11.882976959999501,8.227664954949672,6.026009394897003,11.119226681172771,8.73065265492352,6.259655980441778,12.042711851066006,9.194546699523926,6.85638039715122,12.2285832858169,0.36086559295654297,9.442347526550293,6.913169331974048,12.779892390859384,0.6086664199829102,9.41890573501587,6.887767358008502,12.762271602106953,0.5852246284484863
2023 H2,2023-10-07 08:00:00,2023-10-07 10:00:00,2023-10-07 14:00:00,8.300000190734863,7.636494159698486,5.592306243262104,10.31455800414952,8.427641941816015,6.178273287804436,11.381868036996071,7.5980782888612,5.414686936590525,10.524638847095368,7.997359752655029,5.933773797924465,10.675097122858068,0.36086559295654297,8.28786039352417,6.0383035844021515,11.2564123094617,0.6513662338256836,8.221718788146973,5.981421493950068,11.180914371286221,0.5852246284484863
2023 H2,2023-10-08 08:00:00,2023-10-08 10:00:00,2023-10-08 14:00:00,9.100000381469727,8.589434623718262,6.319693450878067,11.562992838386625,8.829961351064266,6.4846021329595045,11.910257412067574,8.337513185122484,5.966350135057941,11.51575800698841,8.685661315917969,6.464210223234087,11.568246649144209,0.09622669219970703,9.240800857543945,6.760438069574717,12.513928113805571,0.6513662338256836,9.125243186950684,6.665446327392647,12.374374461214574,0.5358085632324219
2023 H2,2023-10-09 08:00:00,2023-10-09 10:00:00,2023-10-09 14:00:00,9.300000190734863,9.044922828674316,6.667371302763383,12.15972197637763,8.203529731619646,6.007632665064206,11.087528494907307,9.222562251625602,6.626650320099771,12.702054585215809,9.141149520874023,6.815230107690299,12.159294376185352,0.09622669219970703,9.6962890625,7.105605215694865,13.114997790297522,0.6513662338256836,9.580731391906738,7.010279564815614,12.976026165106472,0.5358085632324219
2023 H2,2023-10-10 08:00:00,2023-10-10 10:00:00,2023-10-10 14:00:00,4.5,5.828272342681885,4.212075821854924,7.945630259315932,7.348683134449954,5.356746416784425,9.964808961926039,6.59883686073139,4.669192336497354,9.18528181947087,5.924499034881592,4.336333245722124,7.985324693227172,0.09622669219970703,6.436938762664795,4.635682550390039,8.81390588719344,0.6086664199829102,6.259127616882324,4.495616461105762,8.588539180476399,0.43085527420043945
2023 H2,2023-10-11 08:00:00,2023-10-11 10:00:00,2023-10-11 14:00:00,6.400000095367432,7.023071765899658,5.124075940361282,9.510921351667442,8.131921355945241,5.953109541099694,10.99348106890023,8.169635556471468,5.84110326066642,11.29073923236104,7.119298458099365,5.2570999108583045,9.535712772828632,0.09622669219970703,7.631738185882568,5.541096790782649,10.390582725302934,0.6086664199829102,7.441357612609863,5.390638971830495,10.150139862079588,0.4182858467102051
2023 H2,2023-10-12 08:00:00,2023-10-12 10:00:00,2023-10-12 14:00:00,7.199999809265137,6.927701473236084,5.051279020208003,9.38597797901397,8.575147575790607,6.290585121314367,11.575595726895486,7.87289480197828,5.619716692941461,10.892995700393092,7.190520763397217,5.311987051961704,9.628131810693699,0.2628192901611328,7.536367893218994,5.468825563152276,10.264730529056123,0.6086664199829102,7.463510036468506,5.407409750860168,10.179400869093309,0.5358085632324219
2023 H2,2023-10-14 08:00:00,2023-10-14 10:00:00,2023-10-14 14:00:00,4.199999809265137,6.4142279624938965,4.65934051275076,8.71328305055592,8.678113536612614,6.368984132507546,11.710826885128782,6.751897578222902,4.783384898138709,9.390440394620411,6.535534381866455,4.807224817805712,8.778212520063528,0.1213064193725586,6.950036525726318,5.024505990008341,9.49099807771875,0.5358085632324219,6.8155341148376465,4.916851197648768,9.323493266902506,0.40130615234375
2023 H2,2023-10-15 07:30:00,2023-10-15 09:30:00,2023-10-15 13:30:00,8.5,10.152745246887207,7.512981165859212,13.611065632424811,8.508482598513764,6.239825935870983,11.488040752234216,10.12403480947871,7.299203423977253,13.91036478091192,10.274051666259766,7.688295921132966,13.629363701152572,0.1213064193725586,10.554051399230957,7.755614095392067,14.24691498296248,0.40130615234375,10.554051399230957,7.747144066513389,14.26167886580635,0.40130615234375
2023 H2,2023-10-17 08:00:00,2023-10-17 10:00:00,2023-10-17 14:00:00,8.5,9.261604309082031,6.832766039293942,12.44359354893522,8.381535479609965,6.1431675012152285,11.321313750546569,9.856796998196799,7.099827838014756,13.55216622097299,9.564864158630371,7.141763839122466,12.709112287681249,0.30325984954833984,9.662910461425781,7.080311044849362,13.070950843019558,0.40130615234375,9.662910461425781,7.0724942924031104,13.08457601702888,0.40130615234375
2023 H2,2023-10-19 08:00:00,2023-10-19 10:00:00,2023-10-19 14:00:00,8.199999809265137,8.364657402038574,6.148119169182048,11.268515141108217,8.843134830402349,6.494632513347687,11.927558905246771,9.066265783658205,6.510043692709026,12.4925588949132,8.91443419456482,6.640512987072023,11.865105466697841,0.5497767925262451,8.765963554382324,6.400608253960726,11.887325051218683,0.40130615234375,8.765963554382324,6.393449034179235,11.899804097467689,0.40130615234375
2023 H2,2023-10-21 07:30:00,2023-10-21 09:30:00,2023-10-21 13:30:00,9.300000190734863,8.35796070098877,6.1430075227982766,11.259741880678304,8.472205960192156,6.2122046467466765,11.440396542653907,9.016367167945816,6.472816304493815,12.42567609788165,8.66122055053711,6.44537506011315,11.536531977571329,0.30325984954833984,8.66122055053711,6.321234423156935,11.749104472176219,0.30325984954833984,8.66122055053711,6.314151988239623,11.761449676763625,0.30325984954833984
2023 H2,2023-10-22 08:00:00,2023-10-22 10:00:00,2023-10-22 14:00:00,8.699999809265137,7.851649761199951,5.756536264011682,10.596430542715673,8.542469044292135,6.265703456186663,11.53267711934186,8.80400039409221,6.31437783438016,12.141025238752318,8.238828182220459,6.1198603295264355,10.988429860992552,0.3871784210205078,8.154909610748291,5.937554011162122,11.080968284516732,0.30325984954833984,8.154909610748291,5.930842742005929,11.092666519903524,0.30325984954833984
2023 H2,2023-10-23 07:30:00,2023-10-23 09:30:00,2023-10-23 13:30:00,9.300000190734863,9.002197265625,6.634758532948606,12.10374777522118,8.469557341508128,6.210187969738101,11.436917958377123,8.758651445604453,6.280544773354257,12.080240696455933,9.30545711517334,6.941852997457091,12.372502158713067,0.30325984954833984,9.265016555786133,6.778788629177834,12.54588354481363,0.2628192901611328,9.30545711517334,6.801879612868664,12.61241798418719,0.30325984954833984
2023 H2,2023-10-25 08:00:00,2023-10-25 10:00:00,2023-10-25 14:00:00,9.399999618530273,8.469649314880371,6.228260350281761,11.406063672473934,8.608752092442534,6.316171838090506,11.619730484367093,8.899851638894061,6.385888665897351,12.26950173574083,8.856827735900879,6.596118835381315,11.790354537725936,0.3871784210205078,8.732468605041504,6.375225914862559,11.843124568867347,0.2628192901611328,8.772909164428711,6.398707298108165,11.90897851312436,0.30325984954833984
2023 H2,2023-10-26 08:00:00,2023-10-26 10:00:00,2023-10-26 14:00:00,10.0,8.739738464355469,6.434421595041312,11.759903933524269,8.459864342011253,6.202807651330112,11.424187580898462,8.580514995864846,6.147644197355127,11.841471266848348,9.110429763793945,6.791556068574816,12.11943199907026,0.37069129943847656,9.001431465148926,6.57904489815445,12.19805235306478,0.26169300079345703,9.042998313903809,6.603181782393217,12.265737689797406,0.30325984954833984
2023 H2,2023-10-27 08:00:00,2023-10-27 10:00:00,2023-10-27 14:00:00,9.300000190734863,15.394299507141113,11.513902168679088,20.477957291575805,8.201746045088948,6.006274553517739,11.085185876108376,15.452724068413437,11.27472821336204,21.05280023851611,15.76499080657959,11.919862845631297,20.75448146028401,0.37069129943847656,15.681072235107422,11.640850048293983,21.012615437236796,0.2867727279663086,15.781477928161621,11.704634938391806,21.16655597103082,0.3871784210205078
2023 H2,2023-10-28 08:00:00,2023-10-28 10:00:00,2023-10-28 14:00:00,5.0,8.12326431274414,5.9638618605785325,10.95226921305932,7.716070282752705,5.636477591262642,10.447319776066772,8.850981464098929,6.349428556868879,12.20399743396703,8.757583618164062,6.519636813757293,11.661574012627138,0.6343193054199219,8.42652416229248,6.14338243565504,11.439395284054347,0.30325984954833984,8.593128204345703,6.262601796762823,11.671506895233179,0.4698638916015625
2023 H2,2023-10-29 07:25:00,2023-10-29 09:25:00,2023-10-29 13:25:00,11.800000190734863,8.364360809326172,6.147892777552122,11.268126578876135,8.378277959319101,6.140687202214408,11.317035460533198,8.930455508863306,6.408721005672061,12.310522361149177,8.998680114746094,6.705436716920949,11.974424125433334,0.6343193054199219,8.667620658874512,6.3260843997439125,11.757550159695716,0.30325984954833984,8.834224700927734,6.445127018147512,11.98996984639773,0.4698638916015625
2023 H2,2023-10-30 08:00:00,2023-10-30 10:00:00,2023-10-30 14:00:00,8.800000190734863,9.041108131408691,6.664459513310933,12.154724391399036,8.495551386766195,6.229980019740587,11.471057443109304,9.372998731394189,6.738885041526812,12.903695700883175,9.677666664123535,7.228694569740181,12.85548636224749,0.6365585327148438,9.4282865524292,6.9025139818327315,12.761337299697491,0.3871784210205078,9.576916694641113,7.007391598906551,12.970987353816254,0.5358085632324219
2023 H2,2023-10-31 08:00:00,2023-10-31 10:00:00,2023-10-31 14:00:00,8.5,7.7566375732421875,5.684012688093255,10.47195631835207,8.738602347557245,6.415040741200861,11.790270342936532,8.120292453811881,5.804290318819712,11.224601030469625,8.217203140258789,6.103195090672494,10.960368910654998,0.46056556701660156,8.217203140258789,5.984759799520494,11.163171843737391,0.46056556701660156,8.29244613647461,6.034966547878551,11.274337711715383,0.5358085632324219
2023 H2,2023-11-01 08:00:00,2023-11-01 10:00:00,2023-11-01 14:00:00,8.300000190734863,10.3112211227417,7.633947090976965,13.818682803982844,8.870417885490005,6.515406024555909,11.96339132122378,10.910301094115475,7.885805673374664,14.964255506683198,10.7717866897583,8.071873121458324,14.27523147798329,0.46056556701660156,10.698399543762207,7.8650005439399475,14.437399152676567,0.3871784210205078,10.847029685974121,7.968947068244305,14.648672169923547,0.5358085632324219
2023 H2,2023-11-02 08:00:00,2023-11-02 10:00:00,2023-11-02 14:00:00,8.0,8.384757041931152,6.163461387806996,11.294847416360408,8.728231233212432,6.407144101349072,11.77664935796419,8.800925600081557,6.312083851898238,12.136903865427783,9.026144981384277,6.726602389728811,12.010062912175467,0.641387939453125,8.845322608947754,6.460746229181808,11.992048556098357,0.46056556701660156,8.993423461914062,6.565650499430494,12.200254557972517,0.6086664199829102
2023 H2,2023-11-03 08:00:00,2023-11-03 10:00:00,2023-11-03 14:00:00,10.399999618530273,8.436710357666016,6.203117776307239,11.362910775580058,8.522972415520664,6.250858585075072,11.507071067891824,8.61215452116427,6.171249198705378,11.883880057524491,9.07809829711914,6.7666399728932936,12.077478245532573,0.641387939453125,8.823888778686523,6.444503758046018,11.963764123524868,0.3871784210205078,8.972518920898438,6.549824446248823,12.17264187210211,0.5358085632324219
2023 H2,2023-11-04 08:00:00,2023-11-04 10:00:00,2023-11-04 14:00:00,8.699999809265137,9.256263732910156,6.828689534060515,12.436596929965194,8.8215591394068,6.478204629546508,11.899222300996987,9.955061358022034,7.173138999430902,13.683877194109156,9.897651672363281,7.398225001778184,13.14094191891942,0.641387939453125,9.716829299926758,7.1211705257425955,13.142103023168177,0.46056556701660156,9.792072296142578,7.170277930118121,13.25518512850447,0.5358085632324219
2023 H2,2023-11-05 08:00:00,2023-11-05 10:00:00,2023-11-05 14:00:00,10.100000381469727,8.43531608581543,6.202053517262369,11.361084158270385,8.74539577944415,6.42021330831226,11.799192550383644,9.017247754838383,6.473473275626958,12.426856413478854,9.200470924377441,6.860945873712296,12.236270641045973,0.7651548385620117,9.0244779586792,6.596509439087378,12.228464882433903,0.5891618728637695,9.04398250579834,6.6039268775977575,12.267037703110287,0.6086664199829102
2023 H2,2023-11-06 08:00:00,2023-11-06 10:00:00,2023-11-06 14:00:00,9.899999618530273,8.977782249450684,6.616122352505578,12.071761981961963,8.835939370306022,6.489153839112741,11.918108690874181,9.451981283500572,6.797810807051856,13.009561844184892,9.742937088012695,7.278994920885807,12.940182157359068,0.7651548385620117,9.566944122314453,7.007588135596747,12.944312094142784,0.5891618728637695,9.586448669433594,7.014607903721824,12.983578083527691,0.6086664199829102
2023 H2,2023-11-07 08:00:00,2023-11-07 10:00:00,2023-11-07 14:00:00,9.600000381469727,8.413189888000488,6.185164410490812,11.332096915998324,8.730588342701422,6.408938821193724,11.779745086336307,8.800948290919907,6.312100780637365,12.13693427963295,9.395700454711914,7.011398610873864,12.489603150867241,0.9825105667114258,9.176105499267578,6.711412184951363,12.428555062107208,0.7629156112670898,9.021856307983398,6.587175953333705,12.237811337924178,0.6086664199829102
2023 H2,2023-11-08 07:30:00,2023-11-08 09:30:00,2023-11-08 13:30:00,8.800000190734863,8.299509048461914,6.098390900965788,11.183165135447625,8.46691946107656,6.208179468910937,11.433453477269056,8.860816775935447,6.356766294934923,12.217180428242774,9.561434268951416,7.13912061045989,12.70466161590382,1.261925220489502,9.11465072631836,6.664842002971811,12.347458339747437,0.8151416778564453,8.908175468444824,6.501112403269154,12.087650982367126,0.6086664199829102
2023 H2,2023-11-09 08:00:00,2023-11-09 10:00:00,2023-11-09 14:00:00,8.300000190734863,7.988982677459717,5.861363596089246,10.776348599529872,8.346431176966648,6.116438836772232,11.27520923729258,8.478213082803567,6.0713207767888635,11.704348463148646,9.041518926620483,6.738450249721078,12.030012353870429,1.0525362491607666,8.82416319847107,6.444711712264897,11.964126252355701,0.8351805210113525,8.597649097442627,6.2660243973608045,11.677478516463506,0.6086664199829102
2023 H2,2023-11-10 08:00:00,2023-11-10 10:00:00,2023-11-10 14:00:00,8.800000190734863,8.620716094970703,6.343570852335498,11.6039742846073,8.541789630326834,6.2651861455857105,11.531784805642127,9.095841444584037,6.532108926288923,12.532201335861421,9.67325234413147,7.225292694396958,12.849758280226142,1.0525362491607666,9.385870933532715,6.870371594903452,12.705364956065065,0.7651548385620117,9.156524658203125,6.689128369838452,12.41569397349721,0.5358085632324219
2023 H2,2023-11-11 08:00:00,2023-11-11 10:00:00,2023-11-11 14:00:00,9.300000190734863,7.148961067199707,5.2201682680551835,9.675847278243994,8.85839195942185,6.506249399347938,11.947596976199058,7.945835372558922,5.6741347744629165,10.99076332997283,8.201497316360474,6.0910914699198795,10.939988818667095,1.0525362491607666,7.914115905761719,5.755081501337348,10.763212977611381,0.7651548385620117,7.623654365539551,5.5286490866928615,10.390934576016665,0.47469329833984375
2023 H2,2023-11-12 08:00:00,2023-11-12 10:00:00,2023-11-12 14:00:00,7.300000190734863,9.27065658569336,6.8396757156646,12.455452818089414,8.293955614633333,6.0764835722761354,11.206290042865357,9.359151277417887,6.728554002526864,12.88513493641149,10.053611040115356,7.518414369258028,13.34331692845349,0.7829544544219971,10.035811424255371,7.362893908082369,13.563037045587953,0.7651548385620117,9.731222152709961,7.124210541919682,13.174808530208512,0.46056556701660156
2023 H2,2023-11-13 08:00:00,2023-11-13 10:00:00,2023-11-13 14:00:00,9.0,7.550279140472412,5.5264976177947,10.201608835444663,8.410008791033764,6.164847282020462,11.358709399087488,8.07970805963114,5.774011903755975,11.170202771923046,8.33323359489441,6.192613425409671,11.110931616195415,0.7829544544219971,8.315433979034424,6.059198737592325,11.292798863365922,0.7651548385620117,7.967356204986572,5.788853010120869,10.844928324008517,0.41707706451416016
2023 H2,2023-11-14 08:00:00,2023-11-14 10:00:00,2023-11-14 14:00:00,9.100000381469727,9.404278755187988,6.941670604552293,12.630509474115687,8.706246205411256,6.390404545607478,11.747775147986356,10.100056349561493,7.281314041207873,13.87822468153489,10.187233209609985,7.621389677919022,13.516706883896408,0.7829544544219971,10.16943359375,7.464152255501691,13.739367043415312,0.7651548385620117,9.821355819702148,7.192447400419053,13.29386556337385,0.41707706451416016
2023 H2,2023-11-15 08:00:00,2023-11-15 10:00:00,2023-11-15 14:00:00,8.199999809265137,7.303079128265381,5.337807837697197,9.87775533366211,8.55013836530596,6.271542931477398,11.542749682694668,7.923905556231919,5.657773803838015,10.961369178784503,8.365448236465454,6.217439490363774,11.152733775879987,1.0623691082000732,8.138259649276733,5.924936736726436,11.058996723351324,0.8351805210113525,7.720156192779541,5.601707043281679,10.518403274779619,0.41707706451416016
2023 H2,2023-11-16 08:00:00,2023-11-16 10:00:00,2023-11-16 14:00:00,8.600000381469727,9.87655258178711,7.302161057975744,13.249229235408734,8.67872974656555,6.3694533191262295,11.711636189339465,10.107158968063386,7.286613024607304,13.887744845268346,10.500106573104858,7.862504092537053,13.92269564130716,0.623553991317749,10.641707420349121,7.822039478794748,14.362587300451251,0.7651548385620117,10.30148458480835,7.555935092635885,13.928064838943522,0.42493200302124023
2023 H2,2023-11-17 08:00:00,2023-11-17 10:00:00,2023-11-17 14:00:00,6.0,2.5063326358795166,1.6764122222563023,3.593600511609249,8.287744905476515,6.071754694374974,11.1981331589202,2.7894211423836643,1.827137586171942,4.079240806878432,2.8926055431365967,1.999818509278953,4.051098213971563,0.3862729072570801,3.095494508743286,2.1035494139086395,4.40448146112236,0.5891618728637695,2.931264638900757,1.9762147468327425,4.192784451296191,0.42493200302124023
2023 H2,2023-11-18 08:00:00,2023-11-18 10:00:00,2023-11-18 14:00:00,9.699999809265137,8.41018295288086,6.18286919245492,11.328157569638948,8.363081054597625,6.12911617142084,11.297076485638584,8.510553214041522,6.095448472584387,11.747696327667157,8.79645586013794,6.549593527757255,11.712015165688106,0.3862729072570801,9.193137407302856,6.7243188969705825,12.451030646197898,0.7829544544219971,8.870748519897461,6.4727778477438465,12.038213945095945,0.46056556701660156
2023 H2,2023-11-19 08:00:00,2023-11-19 10:00:00,2023-11-19 14:00:00,6.300000190734863,3.39213228225708,2.352550297627622,4.75407503908163,8.300288895195276,6.081305776912517,11.214607906933935,3.9461336153091127,2.690115119079351,5.629667896809244,3.7369866371154785,2.650536905102338,5.14677867489784,0.34485435485839844,3.9812941551208496,2.7748048550981195,5.573397145637655,0.5891618728637695,3.8526978492736816,2.673797677729033,5.409900185603603,0.46056556701660156
2023 H2,2023-11-20 08:00:00,2023-11-20 10:00:00,2023-11-20 14:00:00,6.400000095367432,6.875057220458984,5.011095233843183,9.31700943221507,8.005803466020083,5.857082487256194,10.827843141643854,7.560314696376156,5.386513010364897,10.474021517229595,7.2613301277160645,5.3665559620040995,9.72001501069428,0.3862729072570801,7.6580116748809814,5.56100673601839,10.425253650610681,0.7829544544219971,7.464219093322754,5.407946551523517,10.180337458141882,0.5891618728637695
2023 H2,2023-11-21 08:00:00,2023-11-21 10:00:00,2023-11-21 14:00:00,7.800000190734863,7.847834587097168,5.753624110585556,10.591432333038965,8.452872682337107,6.197484152178777,11.415005029420676,8.73617569621904,6.26377650361665,12.050114790900935,8.200543880462646,6.090356708942429,10.938751627200539,0.3527092933654785,8.630789041519165,6.298173546924439,11.708946555721846,0.7829544544219971,8.30840015411377,6.047044743301736,11.295411280233912,0.46056556701660156
2023 H2,2023-11-22 03:00:00,2023-11-22 05:00:00,2023-11-22 09:00:00,22.799999237060547,14.834911346435547,11.086916635424823,19.745110180919205,8.551805392535478,6.272812217806424,11.544939086078607,14.625561668393118,10.657614986011795,19.94409343126588,15.66068696975708,11.839481574829104,20.619135374469202,0.8257756233215332,15.617865800857544,11.59295246436299,20.929207194008086,0.7829544544219971,15.424073219299316,11.4340570804227,20.69446218303308,0.5891618728637695
2023 H2,2023-11-22 08:00:00,2023-11-22 10:00:00,2023-11-22 14:00:00,11.600000381469727,14.205437660217285,10.606434250455465,18.920444940243467,7.9034805832234865,5.7791731202222065,10.693456575016523,13.759841429153873,10.011735276288247,18.78370470663905,15.031213283538818,11.354380581652173,19.80232170635806,0.8257756233215332,14.988392114639282,11.115939814055942,20.098543434071843,0.7829544544219971,14.794599533081055,10.957505883861735,19.86299407530267,0.5891618728637695
2023 H2,2023-11-23 08:00:00,2023-11-23 10:00:00,2023-11-23 14:00:00,7.599999904632568,7.3938703536987305,5.407109518586493,9.996699730246908,8.387806300271949,6.147942148441793,11.329549582412008,7.87303998966382,5.619825011744628,10.893190306162506,8.696394205093384,6.472481474777471,11.5821737929927,1.3025238513946533,8.449072122573853,6.160469190079124,11.469149940803765,1.055201768875122,8.140801191329956,5.920161780589123,11.074030791272348,0.7469308376312256
2023 H2,2023-11-24 08:00:00,2023-11-24 10:00:00,2023-11-24 14:00:00,12.399999618530273,11.972411155700684,8.901946955623734,15.994986132194166,8.491343882544463,6.226776396252384,11.46553148419401,11.976300661755786,8.681105887122676,16.393093395276274,13.274935007095337,10.000912827795354,17.523350984286772,1.3025238513946533,13.237001895904541,9.788743287415391,17.787380289270697,1.2645907402038574,12.769328832626343,9.424248502667728,17.18782586125753,0.7969176769256592
2023 H2,2023-11-25 08:00:00,2023-11-25 10:00:00,2023-11-25 14:00:00,8.899999618530273,8.533738136291504,6.277179868977607,11.49002559890673,8.086721477181648,5.918694033558876,10.934117450978269,8.37308458020147,5.9928885493016315,11.563436972892193,10.195592164993286,7.627831468334001,13.527553578774526,1.6618540287017822,9.836261987686157,7.211676140462845,13.299708349086622,1.3025238513946533,9.34887981414795,6.834753328811546,12.669774773103779,0.8151416778564453
2023 H2,2023-11-26 08:00:00,2023-11-26 10:00:00,2023-11-26 14:00:00,8.199999809265137,7.555620193481445,5.5305744870018065,10.208606079112808,7.773336373733039,5.680080398170042,10.522530649145022,8.208262976252815,5.8699216543517405,11.342514413700327,9.217474222183228,6.874049386747803,12.2583343529291,1.6618540287017822,8.610821962356567,6.283042573924659,11.682597671860169,1.055201768875122,8.37076187133789,6.094256487991642,11.377784507503618,0.8151416778564453
2023 H2,2023-11-27 08:00:00,2023-11-27 10:00:00,2023-11-27 14:00:00,8.600000381469727,7.663012504577637,5.612547911614473,10.349299340826303,8.816462834246558,6.474324266734254,11.892529028346221,8.686026186352926,6.226361933173469,11.982895701919789,9.324866533279419,6.956810776005091,12.397688085219983,1.6618540287017822,8.337098836898804,6.0756162805248985,11.32138816373879,0.674086332321167,8.478154182434082,6.175559226255101,11.519638382648743,0.8151416778564453
2023 H2,2023-11-27 21:00:00,2023-11-27 23:00:00,2023-11-28 03:00:00,12.699999809265137,,,,7.277763836350276,5.302747961361468,9.871666541396495,7.277763836350276,5.17571296297774,10.095297747994675,,,,1.6618540287017822,,,,0.4446601867675781,,,,0.7651548385620117
2023 H2,2023-11-28 00:00:00,2023-11-28 02:00:00,2023-11-28 06:00:00,6.800000190734863,3.6833393573760986,2.574831026809082,5.135581618224374,8.3843541774568,6.145313677701905,11.32501570963571,4.003578460888751,2.7329724516290614,5.706665462624638,5.345193386077881,3.8898940192057574,7.23360975689734,1.6618540287017822,4.127999544143677,2.8859776141256357,5.766991973692718,0.4446601867675781,4.44849419593811,3.1248530087554283,6.196884092635414,0.7651548385620117
2023 H2,2023-11-28 08:00:00,2023-11-28 10:00:00,2023-11-28 14:00:00,7.199999809265137,6.333006381988525,4.59734341967661,8.606875720588038,8.550182003050455,6.271576157564852,11.542806994671205,6.293887766036968,4.441681850044165,8.776536043376362,8.486177921295166,6.31047926517737,11.30939426681823,2.1531715393066406,7.635530233383179,5.543970389263346,10.395586773134761,1.3025238513946533,7.168186902999878,5.1838315525845235,9.789310270661154,0.8351805210113525
2023 H2,2023-11-29 08:00:00,2023-11-29 10:00:00,2023-11-29 14:00:00,11.899999618530273,10.004730224609375,7.40000009536743,13.417153088274313,7.273253244784759,5.299313565024953,9.865742520323389,9.650937497736965,6.946244187807305,13.27623754059373,12.157901763916016,9.140076310651327,16.07387336395139,2.1531715393066406,11.364573001861572,8.369824135091628,15.316492531144936,1.3598427772521973,11.057266473770142,8.12810954791401,14.926372712378736,1.0525362491607666
2023 H2,2023-11-30 08:00:00,2023-11-30 10:00:00,2023-11-30 14:00:00,13.800000190734863,12.614739418029785,9.392241343100475,16.836491984851502,7.978147837818074,5.836025296242245,10.791521403823214,11.561603157432923,8.371716442848507,15.837243726600395,14.767910957336426,11.15146785830397,19.460657005201668,2.1531715393066406,13.992823123931885,10.361501601278633,18.784774329496123,1.3780837059020996,13.869497299194336,10.257145271254537,18.641031949311188,1.2547578811645508
2023 H2,2023-11-30 16:00:00,2023-11-30 18:00:00,2023-11-30 22:00:00,9.399999618530273,,,,8.502791295764629,6.235492537684135,11.480566034798692,8.502791295764629,6.089657611638381,11.737292455790607,,,,2.53066349029541,,,,1.4803466796875,,,,1.2547578811645508
2023 H2,2023-12-01 08:00:00,2023-12-01 10:00:00,2023-12-01 14:00:00,8.199999809265137,6.22043514251709,4.511416876908567,8.459397612567983,8.702708039736889,6.3877105612257115,11.743128270141034,6.47219802711329,4.574712099823133,9.015538445145383,8.391737222671509,6.237698976339731,11.186846724084221,2.171302080154419,7.580277919769287,5.5021004062448355,10.32267491744239,1.3598427772521973,7.475193023681641,5.416254507452417,10.194832858521025,1.2547578811645508
2023 H2,2023-12-02 08:00:00,2023-12-02 10:00:00,2023-12-02 14:00:00,6.099999904632568,8.983122825622559,6.620198857739006,12.078758600931991,8.270154873273663,6.058361519382476,11.175031151138572,8.30268579088814,5.940366790486637,11.469076280322092,11.244706392288208,8.436326509126463,14.888898554785511,2.2615835666656494,10.657195329666138,7.833776154739714,14.383025398609284,1.674072504043579,10.23788070678711,7.507782954046838,13.844050848747433,1.2547578811645508
2023 H2,2023-12-03 08:00:00,2023-12-03 10:00:00,2023-12-03 14:00:00,12.600000381469727,12.312692642211914,9.161686582203046,16.440784455643037,8.407730851119164,6.163112842449983,11.355717648701457,11.97175018934793,8.677710959217936,16.386994061294615,15.342496037483215,11.594269200355955,20.206246467052345,3.0298033952713013,14.346126556396484,10.62923353411765,19.250999310833418,2.0334339141845703,13.577283382415771,10.035920945692645,18.255048297006265,1.2645907402038574
2023 H2,2023-12-04 08:00:00,2023-12-04 10:00:00,2023-12-04 14:00:00,7.400000095367432,6.060213088989258,4.389118080168955,8.249492796486003,7.708256956485063,5.630528469352618,10.437058082276003,6.871725940019154,4.872784110523558,9.551055190967396,9.31147038936615,6.946487099480805,12.380305065583247,3.251257300376892,8.213384628295898,5.9818661463757685,11.158132872968793,2.1531715393066406,7.369904279708862,5.336544301889938,10.055757572876749,1.3096911907196045
2023 H2,2023-12-05 08:00:00,2023-12-05 10:00:00,2023-12-05 14:00:00,9.699999809265137,10.185404777526855,7.53791045125634,13.653852456219004,8.246990372863078,6.040723904849717,11.144607871489542,10.272406350063376,7.409897575760362,14.109238106203762,13.436662077903748,10.125547049035147,17.733210244224257,3.251257300376892,12.338576316833496,9.107919964758302,16.601803217705413,2.1531715393066406,11.449995517730713,8.42543015069892,15.445126207849624,1.2645907402038574
2023 H2,2023-12-06 08:00:00,2023-12-06 10:00:00,2023-12-06 14:00:00,6.400000095367432,7.239651679992676,5.289393150497669,9.794659863524979,7.1699477615574025,5.22065603906976,9.730065447656282,7.362641310843992,5.239036697486065,10.209065290802567,10.269455075263977,7.684753579481355,13.62339910178285,3.0298033952713013,9.63973593711853,7.0627494827039765,13.040369362145519,2.4000842571258545,8.54934287071228,6.229453543560713,11.613671104318318,1.3096911907196045
2023 H2,2023-12-07 08:00:00,2023-12-07 10:00:00,2023-12-07 14:00:00,12.300000190734863,8.814508438110352,6.49149412420401,11.857859097897112,8.088966205373893,5.920403185488938,10.937065582486323,8.823163171573768,6.328674426508075,12.166710523575592,11.561063647270203,8.680125768651477,15.299408057458855,2.746555209159851,11.214592695236206,8.256169656558868,15.118576068319797,2.4000842571258545,10.124199628829956,7.421719223484421,13.69389017826468,1.3096911907196045
2023 H2,2023-12-07 16:00:00,2023-12-07 18:00:00,2023-12-07 22:00:00,10.699999809265137,,,,8.290937648180503,6.074185671262759,11.202326372778005,8.290937648180503,5.931601964786747,11.453329377667687,,,,3.0298033952713013,,,,2.746555209159851,,,,1.3096911907196045
2023 H2,2023-12-07 21:30:00,2023-12-07 23:30:00,2023-12-08 03:30:00,11.0,,,,8.188278484337054,5.9960202574600565,11.067498148780661,8.188278484337054,5.855012013508797,11.315727724380434,,,,3.0298033952713013,,,,2.746555209159851,,,,1.3096911907196045
2023 H2,2023-12-08 00:00:00,2023-12-08 02:00:00,2023-12-08 06:00:00,5.0,5.469679832458496,3.9383592419301823,7.475842903271713,7.870163008962767,5.7538048834132365,10.64969867560169,5.5221939343698745,3.8659515327876526,7.742177851730685,8.711657166481018,6.484243805578691,11.601979220527204,3.241977334022522,8.216235041618347,5.984026178229648,11.161894324955801,2.746555209159851,6.829522609710693,4.927441368637307,9.341970587903749,1.3598427772521973
2023 H2,2023-12-08 08:00:00,2023-12-08 10:00:00,2023-12-08 14:00:00,3.0,3.064821243286133,2.1027111191603125,4.325269129258086,7.456049727634423,5.438496100598805,10.105819725444267,3.2185002187392913,2.1472565538520234,4.654367157873639,6.306798577308655,4.630950624943519,8.481401810355122,3.241977334022522,6.004343152046204,4.307863321007956,8.243045652181555,2.939521908760071,4.500201463699341,3.1639986646613187,6.265183919971537,1.435380220413208
2023 H2,2023-12-09 08:00:00,2023-12-09 10:00:00,2023-12-09 14:00:00,9.100000381469727,6.40858268737793,4.655031428334819,8.705887249485729,8.307405312348143,6.086724267290976,11.223954309632173,6.937772041192428,4.922058500471576,9.639581654405953,9.216100096702576,6.872990423283552,12.256551268903719,2.807517409324646,9.216100096702576,6.741719931467422,12.481332586267248,2.807517409324646,7.843962907791138,5.69543651835397,10.681938839980855,1.435380220413208
2023 H2,2023-12-10 08:00:00,2023-12-10 10:00:00,2023-12-10 14:00:00,10.5,10.373412132263184,7.6814179944202134,13.900158431888782,8.266701238177177,6.055731897180878,11.170495292195634,10.175393906305487,7.3375204195222485,13.979205168560915,13.018983840942383,9.803665242036,17.191225248993952,2.645571708679199,13.18092954158783,9.746251880821,17.71338629447002,2.807517409324646,11.808792352676392,8.697061935726962,15.919058847042583,1.435380220413208
2023 H2,2023-12-11 08:00:00,2023-12-11 10:00:00,2023-12-11 14:00:00,9.899999618530273,7.115390300750732,5.194543428952602,9.631866656338042,8.57269825994361,6.288720194896243,11.57237889857451,7.614681810756058,5.42707416911181,10.546893772789169,9.720425844192505,7.261646734656724,12.9109712593643,2.6050355434417725,9.922907710075378,7.277335923515826,13.414047459867605,2.807517409324646,8.601759433746338,6.269136180627819,11.682907835628715,1.4863691329956055
2023 H2,2023-12-12 08:00:00,2023-12-12 10:00:00,2023-12-12 14:00:00,10.600000381469727,6.154820442199707,4.461332642431742,8.373436652143754,7.940084211962914,5.807043382164539,10.741530240045796,6.394326615446947,4.516615312335506,8.911161645374822,8.75985598564148,6.521388003273698,11.664522667757868,2.6050355434417725,8.962337851524353,6.549419913578572,12.146463781860197,2.807517409324646,7.6411895751953125,5.541924343985355,10.414096731814992,1.4863691329956055
2023 H2,2023-12-13 08:00:00,2023-12-13 10:00:00,2023-12-13 14:00:00,12.5,11.584826469421387,8.60610041188671,15.487216505614542,7.960026392769734,5.822227499748728,10.767721460781996,11.312864669255616,8.186142471882771,15.503841174622044,13.915095090866089,10.494249243960876,18.35403146808036,2.330268621444702,14.250824213027954,10.55701379819221,19.12523678158642,2.6659977436065674,13.071195602416992,9.652780645464631,17.58655991060664,1.4863691329956055
2023 H2,2023-12-13 19:00:00,2023-12-13 21:00:00,2023-12-14 01:00:00,9.600000381469727,9.873746871948242,7.300019436833469,13.245553511656983,8.587149505884058,6.299723475817393,11.591358556617223,9.681662878926387,6.969167182308632,13.317421036457702,12.45204210281372,9.366754206259504,16.455553892327252,2.5782952308654785,12.478782415390015,9.2141675873769,16.78682147588335,2.6050355434417725,11.656104803085327,8.581467851255017,15.717374756488795,1.782357931137085
2023 H2,2023-12-14 08:00:00,2023-12-14 10:00:00,2023-12-14 14:00:00,11.899999618530273,9.024924278259277,6.652106246558924,12.13352213712737,8.874423757469067,6.518456123827724,11.968652464839963,9.029146587684679,6.482350525293164,12.442805297246656,11.308026552200317,8.485123898332715,14.971063660675675,2.28310227394104,11.62995982170105,8.570933209322721,15.666701314183639,2.6050355434417725,10.807282209396362,7.938855726956943,14.596169960759388,1.782357931137085
2023 H2,2023-12-15 08:00:00,2023-12-15 10:00:00,2023-12-15 14:00:00,9.699999809265137,7.120731353759766,5.198620298159708,9.638863900006186,8.725142990373241,6.404792691397821,11.772593389829526,8.18239489250574,5.850622497806264,11.307841512054656,9.403833627700806,7.017666403127888,12.500156867421065,2.28310227394104,9.711251974105835,7.116944050466961,13.134743092899082,2.5905206203460693,9.12631106376648,6.666254777349313,12.375785013450127,2.005579710006714
2023 H2,2023-12-16 08:00:00,2023-12-16 10:00:00,2023-12-16 14:00:00,12.600000381469727,,,,8.686107749143494,6.375070982498413,11.721326147322653,8.686107749143494,6.226422783953095,11.983005026547115,,,,2.28310227394104,,,,2.5905206203460693,,,,2.06292986869812
2023 H2,2023-12-16 14:00:00,2023-12-16 16:00:00,2023-12-16 20:00:00,6.199999809265137,,,,7.8923809804356235,5.77072180411484,10.678878823991337,7.8923809804356235,5.634254561776213,10.91911446341039,,,,2.28310227394104,,,,2.6109466552734375,,,,2.1531715393066406
2023 H2,2023-12-17 08:00:00,2023-12-17 10:00:00,2023-12-17 14:00:00,6.900000095367432,7.380138397216797,5.396627804505045,9.97870967372023,8.731421686094993,6.409573334750619,11.780839564466934,7.925734792654985,5.659138524952754,10.963821039355382,9.663240671157837,7.217577244793262,12.836766996389244,2.28310227394104,9.970659017562866,7.31352167399108,13.477060865332936,2.5905206203460693,9.533309936523438,6.974378538608559,12.913387442254916,2.1531715393066406
2023 H2,2023-12-18 08:00:00,2023-12-18 10:00:00,2023-12-18 14:00:00,4.5,2.2766807079315186,1.501117037613739,3.29273652542633,8.262272100888305,6.052359520706999,11.164678249740371,2.5728989400742863,1.665598914858013,3.7890201203296696,4.281540155410767,3.070194562517808,5.853398771178357,2.004859447479248,4.834549903869629,3.4213986603858806,6.699367371177982,2.5578691959381104,4.429852247238159,3.1107398803535697,6.172260051711516,2.1531715393066406
2023 H2,2023-12-19 08:00:00,2023-12-19 10:00:00,2023-12-19 14:00:00,13.300000190734863,11.764884948730469,8.743540513779047,15.723108763585188,8.246803577692795,6.040581677685234,11.144362542576683,11.799660767111842,8.549321831827301,16.156329908905406,12.38848876953125,9.317777123070769,16.373086217481276,0.6236038208007812,14.047987222671509,10.403304735417054,18.857569775399263,2.28310227394104,13.91805648803711,10.293907633293971,18.705173497630057,2.1531715393066406
2023 H2,2023-12-19 11:00:00,2023-12-19 13:00:00,2023-12-19 17:00:00,8.699999809265137,8.037812232971191,5.898635593001619,10.840319561350183,7.60286330141413,5.550280994579088,10.298638492618402,8.620504188908706,6.177478556336896,11.895071733386821,8.661416053771973,6.445525723779443,11.53678566524389,0.6236038208007812,10.320914506912231,7.578943887686604,13.939263731141645,2.28310227394104,10.190983772277832,7.472279023152279,13.782104962448281,2.1531715393066406
2023 H2,2023-12-21 08:00:00,2023-12-21 10:00:00,2023-12-21 14:00:00,9.399999618530273,7.508316516876221,5.494467205870414,10.146634151283934,8.85776906717171,6.505775124780878,11.946778895740541,7.932816934161898,5.664422231274239,10.973313756261314,9.513175964355469,7.1019305705883715,12.642040979558153,2.004859447479248,9.79141879081726,7.177694144622503,13.240532533902881,2.28310227394104,9.881660461425781,7.2381018094925,13.373521611655313,2.3733439445495605
2023 H2,2023-12-22 08:00:00,2023-12-22 10:00:00,2023-12-22 14:00:00,10.5,9.20743465423584,6.7914179011218225,12.372626592843003,7.710995142398676,5.632613343483608,10.44065430038148,9.427391197507186,6.7794651142014235,12.976601937241508,10.984017848968506,8.235428085502152,14.550625534061211,1.776583194732666,11.510287284851074,8.480245837917678,15.508779479486892,2.3028526306152344,11.5807785987854,8.52444117392528,15.617876814123557,2.3733439445495605
2023 H2,2023-12-23 08:00:00,2023-12-23 10:00:00,2023-12-23 14:00:00,7.0,7.944774150848389,5.827618868124831,10.718431587212997,8.643205636742575,6.342405010525938,11.664980319008958,9.018357720704374,6.474301377361023,12.428344182641727,10.267326593399048,7.683113274748619,13.620637154591623,2.322552442550659,10.247626781463623,7.523406741469671,13.842552051350781,2.3028526306152344,10.49560284614563,7.702894833352573,14.18447451414329,2.550828695297241
2023 H2,2023-12-24 08:00:00,2023-12-24 10:00:00,2023-12-24 14:00:00,7.900000095367432,7.106997966766357,5.188137492157215,9.620871969385142,8.685394201671134,6.374527682403647,11.720389004111718,7.680348288325908,5.476065336869022,10.634911398696788,9.280627489089966,6.922718160629168,12.340282896171953,2.1736295223236084,9.280627489089966,6.790618532209626,12.56648398743448,2.1736295223236084,9.508903741836548,6.955901513220233,12.881149442545784,2.4019057750701904
2023 H2,2023-12-25 08:00:00,2023-12-25 10:00:00,2023-12-25 14:00:00,10.899999618530273,7.596819877624512,5.562022541035605,10.26258124627782,8.691290523805629,6.379017183801297,11.728132985376972,7.741305329905103,5.521542980264968,10.71661662000161,8.715331554412842,6.487075455692222,11.606747156582937,1.11851167678833,9.65164589881897,7.07177480420695,13.056085942176402,2.054826021194458,9.998725652694702,7.326727526811998,13.528152337603908,2.4019057750701904
2023 H2,2023-12-25 15:45:00,2023-12-25 17:45:00,2023-12-25 21:45:00,10.699999809265137,12.52258014678955,9.321895421718795,16.715755329353755,8.92379966874578,6.556051292075103,12.03350070806004,12.226010048418996,8.867404207137703,16.727797314145143,13.64109182357788,10.283089889717203,17.998481079353684,1.11851167678833,14.577406167984009,10.804496301888209,19.556199664659285,2.054826021194458,15.073408842086792,11.168582077717044,20.231271659659463,2.550828695297241
2023 H2,2023-12-25 20:00:00,2023-12-25 22:00:00,2023-12-26 02:00:00,14.300000190734863,12.227198600769043,9.096428284942153,16.32877983049913,8.288009956040705,6.071956505750141,11.198481265172981,12.044091459035798,8.731681925991326,16.483958403660868,13.345710277557373,10.055455463564236,17.615189943632256,1.11851167678833,14.282024621963501,10.580657343717402,19.16640935093345,2.054826021194458,14.778027296066284,10.944959657463414,19.84110390442942,2.550828695297241
2023 H2,2023-12-26 02:00:00,2023-12-26 04:00:00,2023-12-26 08:00:00,7.300000190734863,6.237310409545898,4.524297905498831,8.481505679117022,8.644440535560427,6.343345271224429,11.666602183128965,6.5143993454585125,4.606196838203185,9.07210398647455,8.410939931869507,6.252497455621049,11.21176442228368,2.1736295223236084,8.410939931869507,6.1315727679599235,11.418830078991316,2.1736295223236084,8.78813910484314,6.410237321502233,11.92909565227486,2.550828695297241
2023 H2,2023-12-26 08:00:00,2023-12-26 10:00:00,2023-12-26 14:00:00,7.699999809265137,4.905087471008301,3.507401299915415,6.73617783730807,8.631887760193688,6.333787499232346,11.650115896415038,5.349085424432862,3.7368021042759145,7.510147740889817,7.078716993331909,5.22582599219534,9.483053708884004,2.1736295223236084,6.681670665740967,4.821139411029287,9.13685810463549,1.776583194732666,7.455916166305542,5.401660713224567,10.169370170443006,2.550828695297241
2023 H2,2023-12-27 08:00:00,2023-12-27 10:00:00,2023-12-27 14:00:00,12.399999618530273,9.933243751525879,7.345433888975928,13.323499595171796,8.351063299674045,6.1199657677801715,11.281292872251155,9.689835576739847,6.9752645096577695,13.328375506461608,12.106873273849487,9.100751440122888,16.007658097035588,2.1736295223236084,12.106873273849487,8.9323363223633,16.29604409689121,2.1736295223236084,12.506479024887085,9.2252546556866,16.840629088710493,2.573235273361206
2023 H2,2023-12-28 08:00:00,2023-12-28 10:00:00,2023-12-28 14:00:00,9.100000381469727,5.631427764892578,4.061822754450772,7.6877467533451265,8.1830061984204,5.9920059016545695,11.060573750412944,5.827453295823452,4.093693497026918,8.15133950125939,8.053033351898193,5.976678400416822,10.747339946998919,2.4216055870056152,8.033333539962769,5.845424149328294,10.920534515340938,2.4019057750701904,8.204663038253784,5.9685092178727706,11.158385531081937,2.573235273361206
2023 H2,2023-12-29 02:00:00,2023-12-29 04:00:00,2023-12-29 08:00:00,8.699999809265137,8.680227279663086,6.388996223688406,11.681939109065787,8.860988944118501,6.508226761873145,11.951007746570536,8.666760687487141,6.211988704674102,11.957072732044656,11.253462553024292,8.443074404014668,14.900260668764227,2.573235273361206,11.101832866668701,8.170720707935933,14.969776356404322,2.4216055870056152,11.253462553024292,8.276642327561794,15.185526965103147,2.573235273361206
2023 H2,2023-12-29 07:30:00,2023-12-29 09:30:00,2023-12-29 13:30:00,9.699999809265137,6.738583564758301,4.906923782339785,9.138217081417299,8.360284877092987,6.126987142082073,11.29340410381881,7.077295514795018,5.026151458618483,9.826595262556648,9.311818838119507,6.946755629905546,12.380757217453304,2.573235273361206,9.160189151763916,6.699350840256332,12.40755158991876,2.4216055870056152,9.311818838119507,6.806695837515638,12.62082114679075,2.573235273361206
2023 H2,2023-12-30 08:00:00,2023-12-30 10:00:00,2023-12-30 14:00:00,6.400000095367432,6.398205280303955,4.647110269103118,8.6922919442496,7.835998428010951,5.72779172971595,10.604828353256465,6.772500925874054,4.798756242826172,9.418056581952444,8.380840301513672,6.2293013143056015,11.172706730090946,1.9826350212097168,8.571834802627563,6.253498259686512,11.631149578955293,2.1736295223236084,8.949033975601196,6.5320448646275375,12.141620745319571,2.550828695297241
2023 H2,2023-12-31 08:00:00,2023-12-31 10:00:00,2023-12-31 14:00:00,6.599999904632568,7.087676525115967,5.1733892785805695,9.595559201468587,8.375209454159716,6.138350820672231,11.313005415036262,7.5592722253789475,5.385735263889126,10.472624216420302,9.262344598770142,6.908628535524147,12.31655876753438,2.174668073654175,9.011661767959595,6.58679738084595,12.211552427784428,1.923985242843628,9.489582300186157,6.941273965890821,12.855627863360814,2.4019057750701904
2024 H1,2024-01-01 08:00:00,2024-01-01 10:00:00,2024-01-01 14:00:00,10.800000190734863,9.385204315185547,6.213237116513614,13.952020421072337,8.079032949484365,5.209175500763429,12.275327664307119,8.884387333663614,5.696181144469184,13.590571977370638,11.559872388839722,8.118405592782041,16.300216887567572,2.174668073654175,11.309189558029175,7.824554730207893,16.16983487640798,1.923985242843628,11.787110090255737,8.264623955974406,16.648874389000817,2.4019057750701904
2024 H1,2024-01-01 20:00:00,2024-01-01 22:00:00,2024-01-02 02:00:00,8.300000190734863,7.649532794952393,5.007694129408915,11.453100300949874,8.644757627883683,5.596076157787018,13.102528150892228,8.319639000739798,5.3135922180502915,12.756933945748605,9.230893850326538,6.4275786262661985,13.092235739720067,1.5813610553741455,9.57351803779602,6.580238176973098,13.748782437366758,1.923985242843628,9.823162317276001,6.841688088729773,13.938217539468363,2.1736295223236084
2024 H1,2024-01-02 08:00:00,2024-01-02 10:00:00,2024-01-02 14:00:00,9.5,7.177518844604492,4.679848047345495,10.773521737982838,8.042999361705526,5.184532031388898,12.222639488446733,7.728519459419382,4.913138108645219,11.884368765558621,8.855133771896362,6.154778657076506,12.574656368427428,1.6776149272918701,9.10150408744812,6.241847666482526,13.090379904151392,1.923985242843628,9.23234486579895,6.413624087096346,13.122766439544382,2.054826021194458
2024 H1,2024-01-03 08:00:00,2024-01-03 10:00:00,2024-01-03 14:00:00,7.199999809265137,5.132450103759766,3.2594074570999316,7.829149278127127,8.561185031764325,5.538920630403567,12.98032861671119,5.710239156373069,3.5458535159538203,8.905138689070723,6.600846767425537,4.518177376989649,9.469556818305877,1.4683966636657715,6.810065031051636,4.5990969988793315,9.894098780832739,1.6776149272918701,7.187276124954224,4.9319137777057485,10.300145763779263,2.054826021194458
2024 H1,2024-01-04 08:00:00,2024-01-04 10:00:00,2024-01-04 14:00:00,8.899999618530273,,,,7.89958302124462,5.086449203343916,12.012936657470393,7.89958302124462,5.029025169576018,12.136879632167018,,,,1.286905288696289,,,,1.6776149272918701,,,,1.9042348861694336
2024 H1,2024-01-05 08:00:00,2024-01-05 10:00:00,2024-01-05 14:00:00,6.099999904632568,6.325724124908447,4.088218157235621,9.54715664617296,7.992044399455007,5.149683793144955,12.148133335229561,6.549075956160568,4.114123755920428,10.14336502434226,7.449120998382568,5.134020297387827,10.637986538080039,1.123396873474121,7.811305999755859,5.316894517944547,11.290709176919512,1.485581874847412,8.22995901107788,5.687367103522275,11.739265248547007,1.9042348861694336
2024 H1,2024-01-06 08:00:00,2024-01-06 10:00:00,2024-01-06 14:00:00,6.900000095367432,,,,8.494678248256589,5.493436459006847,12.883082649230207,8.494678248256589,5.432172608437479,13.015313413645478,,,,1.123396873474121,,,,1.485581874847412,,,,1.9042348861694336
2024 H1,2024-01-07 08:00:00,2024-01-07 10:00:00,2024-01-07 14:00:00,3.200000047683716,10.715811729431152,7.137435283121676,15.867752517083115,7.9580308011944005,5.126421800134502,12.098398780408136,9.672742590215584,6.230252647928755,14.754281343077633,11.521069526672363,8.090234905656493,16.24676905700281,0.8052577972412109,12.0879545211792,8.382857452486064,17.256118076596078,1.3721427917480469,12.393426656723022,8.703917506037572,17.485717494755086,1.6776149272918701
2024 H1,2024-01-08 10:00:00,2024-01-08 12:00:00,2024-01-08 16:00:00,12.600000381469727,,,,8.206343909749494,5.296243815181409,12.461481269231877,8.206343909749494,5.236840424900051,12.589696450497188,,,,0.14745032787322998,,,,1.3721427917480469,,,,1.5302128791809082
2024 H1,2024-01-08 12:00:00,2024-01-08 14:00:00,2024-01-08 18:00:00,1.0,0.8804590106010437,0.3061078356942824,1.7073768290127227,7.780870801194375,5.00526159091003,11.839356097988688,0.9386780995221782,0.3133580561946801,1.8617274290430081,1.0279093384742737,0.47225220775566856,1.7932824711740234,0.14745032787322998,2.2526018023490906,1.3318157938090918,3.5369872323245355,1.3721427917480469,2.410671889781952,1.4711285249762334,3.7074373599651893,1.5302128791809082
2024 H1,2024-01-08 14:00:00,2024-01-08 16:00:00,2024-01-08 20:00:00,2.0,,,,8.194952377771079,5.288453115261045,12.444824614227615,8.194952377771079,5.229123228166908,12.572881147570167,,,,0.14745032787322998,,,,1.3721427917480469,,,,1.5302128791809082
2024 H1,2024-01-09 08:00:00,2024-01-09 10:00:00,2024-01-09 14:00:00,6.0,8.287301063537598,5.45066796093639,12.371322406783094,8.268419723714407,5.338697634371787,12.552248289794303,8.697367398413176,5.569484433606917,13.31450754015646,8.143046200275421,5.6378065816764,11.59381284943355,-0.1442548632621765,9.574206352233887,6.580731635002962,13.749742552993013,1.286905288696289,9.721260070800781,6.767857020787271,13.797571221785633,1.4339590072631836
2024 H1,2024-01-10 08:00:00,2024-01-10 10:00:00,2024-01-10 14:00:00,9.199999809265137,7.255746364593506,4.734182428604848,10.886149226173444,8.033679609165661,5.178158227100966,12.209012181507179,7.73304693796069,4.916205250332093,11.891051880991379,6.491477429866791,4.4387757757312905,9.318909327468539,-0.7642689347267151,8.379143238067627,5.723981496637124,12.082773640020495,1.123396873474121,8.627889156341553,5.975678780718483,12.288491703921563,1.3721427917480469
2024 H1,2024-01-11 08:00:00,2024-01-11 10:00:00,2024-01-11 14:00:00,4.699999809265137,8.404797554016113,5.532277337166037,12.54048710222103,8.44255493836511,5.457789184611258,12.806868142508224,8.369156046214876,5.347137555262116,12.83002719793737,7.610297203063965,5.251033429423796,10.859993833359631,-0.7945003509521484,9.114599227905273,6.251235675588985,13.108646045742008,0.7098016738891602,9.77694034576416,6.808198959322237,13.874421594687522,1.3721427917480469
2024 H1,2024-01-12 08:00:00,2024-01-12 10:00:00,2024-01-12 14:00:00,6.800000190734863,8.698108673095703,5.736002038830054,12.96277959730395,8.04197234097113,5.183829649095733,12.221137782610551,8.589942319227072,5.496709281702537,13.155934904632415,7.82516884803772,5.407029187071775,11.155962291155229,-0.8729398250579834,8.845559000968933,6.058358622551922,12.733367376920546,0.14745032787322998,10.07025146484375,7.02071118461771,14.279252010707616,1.3721427917480469
2024 H1,2024-01-13 08:00:00,2024-01-13 10:00:00,2024-01-13 14:00:00,3.5,4.353831768035889,2.718603587634492,6.708139339117873,8.099740552390534,5.223337487107121,12.305606243011624,4.522484762200497,2.741208947703085,7.151867050211356,4.131852567195892,2.7256997285762026,6.068715325993136,-0.22197920083999634,4.501282095909119,2.94391236830019,6.673625038432062,0.14745032787322998,5.640737056732178,3.8114023565036375,8.165599837445772,1.286905288696289
2024 H1,2024-01-13 21:00:00,2024-01-13 23:00:00,2024-01-14 03:00:00,3.4000000953674316,,,,7.566095129315672,4.858375920661968,11.525311922317597,7.566095129315672,4.8031036978184245,11.644610468027802,,,,-0.8729398250579834,,,,-0.1442548632621765,,,,1.1355094909667969
2024 H1,2024-01-14 08:00:00,2024-01-14 10:00:00,2024-01-14 14:00:00,4.099999904632568,,,,8.110890266866097,5.230962807374969,12.321909313377171,8.110890266866097,5.172175326086103,12.448795128039984,,,,-0.8729398250579834,,,,-0.22197920083999634,,,,1.040053367614746
2024 H1,2024-01-15 08:00:00,2024-01-15 10:00:00,2024-01-15 14:00:00,2.299999952316284,,,,7.790649871876905,5.01194952413376,11.853655018180444,7.790649871876905,4.955228375077742,11.976080899487023,,,,-1.551506519317627,,,,-0.7289655208587646,,,,0.7098016738891602
2024 H1,2024-01-16 08:00:00,2024-01-16 10:00:00,2024-01-16 14:00:00,6.300000190734863,,,,8.379933228221246,5.414962025528937,12.715302914616162,8.379933228221246,5.354438560423639,12.845935644709947,,,,-1.6099953651428223,,,,-0.7945003509521484,,,,0.2770547866821289
2024 H1,2024-01-16 18:30:00,2024-01-16 20:30:00,2024-01-17 00:30:00,4.199999809265137,5.649149417877197,3.6182905909848513,8.573063260150683,8.387767196924884,5.420319698181854,12.726757714045945,5.813717455036169,3.6159549202168577,9.057885390891867,3.9260988235473633,2.5763235224542624,5.785306045998265,-1.723050594329834,4.233919858932495,2.752238279452314,6.300686963229435,-1.4152295589447021,5.926204204559326,4.018231402139093,8.559603939907278,0.2770547866821289
2024 H1,2024-01-17 08:00:00,2024-01-17 10:00:00,2024-01-17 14:00:00,5.099999904632568,10.878345489501953,7.250326133917447,16.10175928536005,8.494957669443378,5.493627555921801,12.883491217833454,10.948057713584115,7.094215258264011,16.636803392569295,8.852318525314331,6.152734801901554,12.570778592049345,-2.026026964187622,9.326838970184326,6.403392014788834,13.404694888922403,-1.551506519317627,11.155400276184082,7.806932277763842,15.776983314304772,0.2770547866821289
2024 H1,2024-01-18 08:00:00,2024-01-18 10:00:00,2024-01-18 14:00:00,5.900000095367432,9.23483943939209,6.1087983909791195,13.73553371313263,8.344862207232756,5.390976858218706,12.664022200278582,9.25476362702042,5.947092674765821,14.137292961131521,7.208812475204468,4.959557491245987,10.30698082064884,-2.026026964187622,7.652061223983765,5.202730686712953,11.068581920527235,-1.5827782154083252,9.511894226074219,6.616165527797415,13.50860276301386,0.2770547866821289
2024 H1,2024-01-19 08:00:00,2024-01-19 10:00:00,2024-01-19 14:00:00,8.199999809265137,,,,8.245630290948691,5.323111878885216,12.518925667337497,8.245630290948691,5.263454995549721,12.647687983332522,,,,-2.5533816814422607,,,,-1.6099953651428223,,,,0.03284251689910889
2024 H1,2024-01-19 21:45:00,2024-01-19 23:45:00,2024-01-20 03:45:00,12.800000190734863,11.960980415344238,8.002290389382363,17.660474841498896,8.508656000014847,5.502995881718057,12.903520865021875,11.299037523953514,7.331986635381205,17.154892780705456,9.407598733901978,6.555865502819013,13.335632544743648,-2.5533816814422607,10.285918951034546,7.090963990324694,14.742495791803563,-1.6750614643096924,11.816725552082062,8.286081198085155,16.689749892696007,-0.1442548632621765
2024 H1,2024-01-20 08:00:00,2024-01-20 10:00:00,2024-01-20 14:00:00,7.300000190734863,8.801133155822754,5.8075596124860445,13.111108327568108,8.393720688461974,5.424391307350119,12.735462886870108,8.895161326772934,5.70347998931145,13.606475716938773,6.247751474380493,4.261831930538473,8.983196371118021,-2.5533816814422607,7.191137790679932,4.8722910550499705,10.42564932101002,-1.6099953651428223,8.656878292560577,5.996682232161547,12.328502747868477,-0.1442548632621765
2024 H1,2024-01-20 20:00:00,2024-01-20 22:00:00,2024-01-21 02:00:00,6.599999904632568,5.4933319091796875,3.510064637693197,8.348726164673502,7.896988783108171,5.084674996777026,12.009143372272264,5.977363495488783,3.7268169790835532,9.299447083229008,2.9399502277374268,1.8603844911518779,4.426965446451922,-2.5533816814422607,3.8022139072418213,2.4427448899735684,5.698509226771031,-1.6911180019378662,5.271352708339691,3.543772918818036,7.65577252540833,-0.22197920083999634
2024 H1,2024-01-21 08:00:00,2024-01-21 10:00:00,2024-01-21 14:00:00,10.100000381469727,7.725627899169922,5.0605474015707586,11.562657659445021,8.179451909884873,5.2778523028193565,12.422159888668807,8.24801698543525,5.265071862440811,12.651211038077196,5.618408679962158,3.804932156500931,8.116327146416381,-2.1072192192077637,6.1156325340271,4.101252884322605,8.925449199923042,-1.6099953651428223,7.5036486983299255,5.161134680757438,10.736805788462057,-0.22197920083999634
2024 H1,2024-01-21 20:00:00,2024-01-21 22:00:00,2024-01-22 02:00:00,5.800000190734863,6.025918960571289,3.879982895464499,9.115514397887349,8.383050182444483,5.417093719059252,12.719860513300775,6.225771522005627,3.8951010706662297,9.666127896950949,4.253608703613281,2.8140940848954883,6.236424638811058,-1.7723102569580078,4.415923595428467,2.8827181884860806,6.55456022497368,-1.6099953651428223,5.8816640973091125,3.9859608310937666,8.498129317996368,-0.1442548632621765
2024 H1,2024-01-22 08:00:00,2024-01-22 10:00:00,2024-01-22 14:00:00,7.0,6.84474515914917,4.448713885082028,10.294413307419951,8.213291601151997,5.30099536036065,12.471640157341646,7.056683774675346,4.458002823826598,10.892656625561903,5.180844306945801,3.487262573356137,7.513617316165085,-1.6639008522033691,5.234749794006348,3.469741125277664,7.696724016974793,-1.6099953651428223,6.700490295886993,4.5792236372773925,9.628279963695158,-0.1442548632621765
2024 H1,2024-01-23 08:00:00,2024-01-23 10:00:00,2024-01-23 14:00:00,9.600000381469727,7.650622367858887,5.008450912568086,11.454669005411889,8.666491234785475,5.610939831073445,13.134306948761328,7.853125077090972,4.9975522214659245,12.068301989950806,7.199877738952637,4.953070916662545,10.294673938046495,-0.45074462890625,6.0406270027160645,4.047480829468612,8.820825529830346,-1.6099953651428223,7.798072695732117,5.374453217963489,11.143172208284978,0.14745032787322998
2024 H1,2024-01-24 08:00:00,2024-01-24 10:00:00,2024-01-24 14:00:00,8.5,9.051849365234375,5.981699226166545,13.472075119288794,8.475646149168004,5.480420354313048,12.855253985875168,9.0406404805978,5.802034885418938,13.82122084917976,9.738748550415039,6.796278641221957,13.791764858081859,0.6868991851806641,7.46907114982605,5.071543664458005,10.81333283670269,-1.5827782154083252,9.199299693107605,6.389681922183038,13.077157220739206,0.14745032787322998
2024 H1,2024-01-25 08:00:00,2024-01-25 10:00:00,2024-01-25 14:00:00,10.199999809265137,,,,8.099068225070567,5.222877680611555,12.304623168545447,8.099068225070567,5.164166480349075,12.431344339648707,,,,0.9102282524108887,,,,-1.5827782154083252,,,,0.14745032787322998
2024 H1,2024-01-26 08:00:00,2024-01-26 10:00:00,2024-01-26 14:00:00,8.899999618530273,7.4256157875061035,4.852168400678812,11.130717460290034,7.970183619998912,5.134733146200328,12.116168586132217,7.636499651108159,4.850799262085379,11.748536205462951,8.586042404174805,5.959419647331959,12.204004591082006,1.1604266166687012,5.842837572097778,3.905684032261177,8.54493312862839,-1.5827782154083252,7.5730661153793335,5.2114295683761735,10.832616277717756,0.14745032787322998
2024 H1,2024-01-27 08:00:00,2024-01-27 10:00:00,2024-01-27 14:00:00,9.0,7.466231346130371,4.880378693522847,11.189193407756504,8.440561713455727,5.456426012636476,12.803953656579166,8.016033116653169,5.1079143214095035,12.308774302162758,8.822926044464111,6.131396005337941,12.530292807016664,1.3566946983337402,7.015486717224121,4.746365420074311,10.180637258040136,-0.45074462890625,7.613681674003601,5.240856692625493,10.888674205376098,0.14745032787322998
2024 H1,2024-01-28 08:00:00,2024-01-28 10:00:00,2024-01-28 14:00:00,9.899999618530273,7.457960605621338,4.8746340966319055,11.177285670822757,8.009293596899274,5.161480566521006,12.173355046538802,6.917683344344016,4.363836940880288,10.687474886403665,8.949767351150513,6.223482170266878,12.705006534038853,1.4918067455291748,7.007215976715088,4.740436061204889,10.169100572527556,-0.45074462890625,7.605410933494568,5.234864306534123,10.877258861383776,0.14745032787322998
2024 H1,2024-01-29 08:00:00,2024-01-29 10:00:00,2024-01-29 14:00:00,9.600000381469727,8.7723970413208,5.787600408851811,13.06973572113539,8.355967452226006,5.398571765685802,12.680260247535163,8.606493241019345,5.507921708602437,13.180366101787092,10.264203786849976,7.177756559016913,14.515537303661002,1.4918067455291748,9.459296226501465,6.498351662804112,13.589456786399548,0.6868991851806641,8.91984736919403,6.187210787078371,12.691454827653263,0.14745032787322998
2024 H1,2024-01-30 08:00:00,2024-01-30 10:00:00,2024-01-30 14:00:00,7.599999904632568,,,,8.09109911895333,5.21742758711135,12.292970771700254,8.09109911895333,5.1587678070353755,12.41958095842195,,,,1.4918067455291748,,,,0.9102282524108887,,,,0.14745032787322998
2024 H1,2024-01-30 12:07:00,2024-01-30 14:07:00,2024-01-30 18:07:00,20.600000381469727,14.264350891113281,9.602139261359229,20.976735296830967,8.074500848459719,5.2060759844596785,12.26870084331807,12.93860943744812,8.442715116725989,19.57510267418519,15.756157636642456,11.164888048007684,22.080263265554215,1.4918067455291748,15.17457914352417,10.59568290156068,21.561587160590236,0.9102282524108887,14.411801218986511,10.166287125888216,20.27149464595738,0.14745032787322998
2024 H1,2024-01-30 14:25:00,2024-01-30 16:25:00,2024-01-30 20:25:00,4.400000095367432,,,,7.730880148128701,4.971072846358753,11.766259954016967,7.730880148128701,4.914737357914769,11.887853432576089,,,,2.0092411041259766,,,,1.1604266166687012,,,,0.14745032787322998
2024 H1,2024-01-30 20:30:00,2024-01-30 22:30:00,2024-01-31 02:30:00,1.0,,,,7.938986999730722,5.113397692154325,12.070553005884463,7.938986999730722,5.055719406542742,12.195044753068158,,,,2.961801528930664,,,,1.3402137756347656,,,,0.3701653480529785
2024 H1,2024-01-31 08:00:00,2024-01-31 10:00:00,2024-01-31 14:00:00,3.299999952316284,0.030518509447574615,0.0,0.4836813345138188,8.202902551066193,5.293890260552344,12.456449327571855,0.03869178502458836,0.0,0.5332368856176393,2.9923200383782387,1.8984047161554716,4.499100660441192,2.961801528930664,1.3707322850823402,0.6995966064015625,2.3068856141289644,1.3402137756347656,0.1564715877175331,0.0,0.5961715854490526,0.1259530782699585
2024 H1,2024-01-31 13:00:00,2024-01-31 15:00:00,2024-01-31 19:00:00,2.9000000953674316,6.609230041503906,4.285132472859371,9.955332174143248,7.836863288869481,5.043555006589154,11.92122810184224,6.672996662660685,4.198073875463935,10.32628723556711,9.57103157043457,6.674516938482261,13.560748169411665,2.961801528930664,7.949443817138672,5.415926604830475,11.483394771975867,1.3402137756347656,6.735183119773865,4.604359572216098,9.676163284215386,0.1259530782699585
2024 H1,2024-02-01 08:00:00,2024-02-01 10:00:00,2024-02-01 14:00:00,7.300000190734863,11.00421142578125,7.337748664637138,16.282973827939017,8.279470284543157,5.346255143189008,12.568406378072234,10.50809441589348,6.796161991146383,15.987363427737687,12.47953724861145,8.786077758645687,17.566981472856092,1.4753258228302002,12.344425201416016,8.566723298712077,17.613863743729276,1.3402137756347656,10.782232224941254,7.536561440041628,15.261933704511256,-0.22197920083999634
2024 H1,2024-02-01 20:30:00,2024-02-01 22:30:00,2024-02-02 02:30:00,6.300000190734863,,,,8.26163619308826,5.334058359197117,12.542329436951272,8.26163619308826,5.274298198723496,12.671314664415194,,,,1.1027898788452148,,,,1.3402137756347656,,,,-0.1442548632621765
2024 H1,2024-02-02 00:00:00,2024-02-02 02:00:00,2024-02-02 06:00:00,19.100000381469727,12.11355972290039,8.108267189748888,17.88014976104543,7.866694953541189,5.063956963764238,11.9648478491757,11.211715856210507,7.272830545549222,17.025995254194203,13.216349601745605,9.320999903843536,18.58188139540518,1.1027898788452148,13.453773498535156,9.36202381111707,19.161270824606962,1.3402137756347656,11.969304859638214,8.396629234192853,16.90034110638011,-0.1442548632621765
2024 H1,2024-02-02 05:00:00,2024-02-02 07:00:00,2024-02-02 11:00:00,11.600000381469727,13.184759140014648,8.852288699601896,19.422401128821914,8.277819457650283,5.345126138155512,12.565992545228815,12.607190057616537,8.21819495910512,19.085886888431876,13.731405258178711,9.694927777695728,19.291329253599898,0.5466461181640625,14.465927600860596,10.08764504144,20.57310372591044,1.2811684608459473,13.040504276752472,9.1727435955594,18.378819341476177,-0.1442548632621765
2024 H1,2024-02-02 08:00:00,2024-02-02 10:00:00,2024-02-02 14:00:00,5.300000190734863,,,,8.227630593448122,5.310801836465112,12.492606577682466,8.227630593448122,5.2512610951145415,12.621118214960681,,,,0.5466461181640625,,,,1.4753258228302002,,,,-0.1442548632621765
2024 H1,2024-02-03 08:00:00,2024-02-03 10:00:00,2024-02-03 14:00:00,7.300000190734863,6.99713134765625,4.554556551015526,10.513810185256583,8.31532424646,5.370775765944542,12.62083190567611,7.10925637204506,4.493618145579916,10.970260248332504,6.81969690322876,4.677061499416117,9.771005328135772,-0.17743444442749023,8.47245717048645,5.790878988128241,12.212935321563075,1.4753258228302002,7.075591504573822,4.850995102400162,10.145997733273212,0.07846015691757202
2024 H1,2024-02-04 08:00:00,2024-02-04 10:00:00,2024-02-04 14:00:00,6.900000095367432,7.135227680206299,4.650473931297384,10.712633349606303,8.643000688549186,5.594874582164065,13.099959160837724,7.473544523249478,4.740405262161317,11.507994385131182,6.545401096343994,4.477924092431223,9.393184853249947,-0.5898265838623047,8.610553503036499,5.8898813342115375,12.405563050281026,1.4753258228302002,6.9132484793663025,4.733372975914438,9.921930556280557,-0.22197920083999634
2024 H1,2024-02-05 08:00:00,2024-02-05 10:00:00,2024-02-05 14:00:00,9.300000190734863,8.806879043579102,5.811550525863721,13.11938092659097,8.259059653252182,5.332296256546324,12.538562030141055,8.610369843276317,5.510547913956545,13.186088443733906,8.168882131576538,5.656563340756224,11.629399772705058,-0.6379969120025635,9.909668922424316,6.821227387922022,14.21767237974818,1.1027898788452148,8.442715644836426,5.84151531934267,12.032913702195076,-0.3641633987426758
2024 H1,2024-02-05 16:00:00,2024-02-05 18:00:00,2024-02-05 22:00:00,12.100000381469727,10.335856437683105,6.8735302572913,15.320714720917252,7.637398565049342,4.907140535653579,11.629571536554273,9.431385423168608,6.066745163194906,14.398008465540778,9.811569929122925,6.84914660407436,13.89207046682495,-0.5242865085601807,11.43864631652832,7.9173632977569905,16.35041144130582,1.1027898788452148,10.012638568878174,6.978969007349487,14.199734218422567,-0.32321786880493164
2024 H1,2024-02-06 08:00:00,2024-02-06 10:00:00,2024-02-06 14:00:00,9.899999618530273,7.647938251495361,5.006586609547092,11.450804568905687,8.50066983237887,5.497534119798457,12.89184352088847,8.055594048058538,5.134714886178152,12.36717110488577,7.212767601013184,4.962428893134307,10.31242868924098,-0.43517065048217773,8.750728130340576,5.990373626137001,12.601089749526887,1.1027898788452148,7.6961669921875,5.300619645276153,11.002521119126671,0.04822874069213867
2024 H1,2024-02-07 08:00:00,2024-02-07 10:00:00,2024-02-07 14:00:00,8.899999618530273,7.925656795501709,5.199481197729772,11.850647770374676,8.119507870319612,5.236856409979629,12.334509940576458,8.604841314804332,5.506802610695848,13.177927655424384,7.712419509887695,5.325173722004853,11.000659120586525,-0.21323728561401367,8.472302913665771,5.790768400201215,12.212720151902461,0.5466461181640625,8.083866119384766,5.581518659689058,11.537626639321104,0.15820932388305664
2024 H1,2024-02-08 08:00:00,2024-02-08 10:00:00,2024-02-08 14:00:00,10.699999809265137,9.55992317199707,6.334591353239115,14.203570591459684,7.734252421238346,4.973379153174776,11.7711908790123,9.0312252537661,5.795656537196323,13.807322815833437,9.346685886383057,6.5116430750511665,13.251729982624221,-0.21323728561401367,9.962021350860596,6.858759255297797,14.29069770342138,0.4020981788635254,9.962021350860596,6.942295397181088,14.129871918308822,0.4020981788635254
2024 H1,2024-02-09 08:00:00,2024-02-09 10:00:00,2024-02-09 14:00:00,11.300000190734863,11.19704532623291,7.471685042376581,16.560604997237462,8.261209533939057,5.333766565836398,12.541705577555877,10.498840170184033,6.789892699633005,15.973703022336526,11.408684730529785,8.008644096294391,16.091968013812334,0.211639404296875,11.599143505096436,8.032424993564575,16.574285662500568,0.4020981788635254,11.599143505096436,8.128436833512966,16.389441364072535,0.4020981788635254
2024 H1,2024-02-11 08:00:00,2024-02-11 10:00:00,2024-02-11 14:00:00,7.800000190734863,6.458194732666016,4.180228085564792,9.737880215230417,8.06928898727424,5.202511578320135,12.261080079591018,6.603472762177194,4.150974888365162,10.223661403544398,6.669834136962891,4.56826186803748,9.564581386912122,0.211639404296875,6.860292911529541,4.6351057611272495,9.964160616336365,0.4020981788635254,7.013320446014404,4.805877954207851,10.060050706710676,0.5551257133483887
2024 H1,2024-02-12 08:00:00,2024-02-12 10:00:00,2024-02-12 14:00:00,9.0,9.746086120605469,6.46389429710688,14.471597307618717,8.3157497933999,5.371066798662273,12.621454138803267,9.13752133681902,5.867666850333867,13.964228914142046,9.957725524902344,6.955254847909356,14.093388078026347,0.211639404296875,9.904295444488525,6.817375099360505,14.210177026099219,0.15820932388305664,10.301211833953857,7.188048523033899,14.598025409426358,0.5551257133483887
2024 H1,2024-02-13 08:00:00,2024-02-13 10:00:00,2024-02-13 14:00:00,2.5999999046325684,6.504978179931641,4.2127224003623756,9.80523633434508,7.80563713650914,5.022199355464444,11.875569339880963,6.568835607334284,4.127509937495901,10.172532700897793,6.716617584228516,4.602226420700893,9.62902183339011,0.211639404296875,6.663187503814697,4.493799345314926,9.689222344587728,0.15820932388305664,7.191877365112305,4.9352475067105726,10.306496433243312,0.6868991851806641
2024 H1,2024-02-14 08:00:00,2024-02-14 10:00:00,2024-02-14 14:00:00,8.600000381469727,5.261229515075684,3.3488535961795893,8.014558474650466,7.992243800407909,5.149820164002785,12.148424898549255,5.3741334651099875,3.318158615257285,8.409005330994368,5.472868919372559,3.6992710059854543,7.9158577987976875,0.211639404296875,5.04799222946167,3.335853159556166,7.436219738440824,-0.21323728561401367,5.948128700256348,4.034116321141399,8.58986430897173,0.6868991851806641
2024 H1,2024-02-15 08:00:00,2024-02-15 10:00:00,2024-02-15 14:00:00,9.199999809265137,8.21176815032959,5.39820516901291,12.262574458598982,8.383099504551865,5.417127450583578,12.719932631899773,8.361492836528166,5.341946111576426,12.818715357482594,8.423407554626465,5.841347546295282,11.97998812948457,0.211639404296875,7.776597499847412,5.292011721591337,11.242295005586264,-0.43517065048217773,8.898667335510254,6.171865251920695,12.662221971175029,0.6868991851806641
2024 H1,2024-02-16 08:00:00,2024-02-16 10:00:00,2024-02-16 14:00:00,9.600000381469727,9.397412300109863,6.221716399857627,13.969596776274287,8.466310592121925,5.474035741280027,12.841603569646358,9.35319677717146,6.013776241666046,14.282592402943843,9.97264289855957,6.966084787830282,14.113935563834575,0.575230598449707,9.18417501449585,6.301115103781342,13.205695876807223,-0.21323728561401367,10.104416370391846,7.045464627746011,14.326406693999962,0.7070040702819824
2024 H1,2024-02-17 08:00:00,2024-02-17 10:00:00,2024-02-17 14:00:00,10.699999809265137,9.062434196472168,5.989051117880881,13.487314551082129,8.502998602195747,5.499126771854499,12.895248639313063,9.008965504447687,5.780576663387762,13.774464686779513,9.637664794921875,6.722892331799954,13.65253009201883,0.575230598449707,9.274073600769043,6.36556410677997,13.33109356238648,0.211639404296875,9.794283866882324,6.820764832306684,13.898359265006848,0.7318496704101562
2024 H1,2024-02-17 14:00:00,2024-02-17 16:00:00,2024-02-17 20:00:00,7.400000095367432,9.511093139648438,6.3006755446475875,14.133267916742843,8.575183116167326,5.5484939586662065,13.000796562819154,9.428847048884068,6.0650255407794775,14.394261512750099,10.757816314697266,7.536116826959554,15.19544897201255,1.2467231750488281,10.086323738098145,6.947872613582034,14.464084542055275,0.575230598449707,10.434095859527588,7.284326768705284,14.781433033127252,0.9230027198791504
2024 H1,2024-02-18 08:00:00,2024-02-18 10:00:00,2024-02-18 14:00:00,8.199999809265137,8.87325668334961,5.85765435207339,13.214947638157737,8.4904327127984,5.490532925678873,12.876874843329352,9.0202459411512,5.788218598593821,13.791115999410518,10.119979858398438,7.073050696163238,14.316880409279994,1.2467231750488281,9.084896087646484,6.2299412609049805,13.067213747445694,0.211639404296875,9.79625940322876,6.8221961644240965,13.901085916500659,0.9230027198791504
2024 H1,2024-02-19 08:00:00,2024-02-19 10:00:00,2024-02-19 14:00:00,6.800000190734863,7.5006866455078125,4.904310263551423,11.238800167938614,8.24480657858756,5.322548539745369,12.517721238236293,7.565851013456125,4.802938321456635,11.64425012298068,7.84701681137085,5.422890701017149,11.186056108394219,0.3463301658630371,7.727314472198486,5.256680331761969,11.173551125824531,0.22662782669067383,8.232536315917969,5.689234433981994,11.742822465859112,0.7318496704101562
2024 H1,2024-02-20 08:00:00,2024-02-20 10:00:00,2024-02-20 14:00:00,7.699999809265137,9.009063720703125,5.951981659730659,13.41047480683037,8.405348392050692,5.432343525681621,12.752464871110341,9.182505718365096,5.898141533016379,14.030631396627758,8.688188076019287,6.033576902803186,12.34470206175106,-0.3208756446838379,8.99180269241333,6.163201874255434,12.937359688679098,-0.017261028289794922,9.740913391113281,6.7820964088035165,13.824696895927314,0.7318496704101562
2024 H1,2024-02-21 08:00:00,2024-02-21 10:00:00,2024-02-21 14:00:00,7.0,8.384960174560547,5.5184989157271795,12.511926383171287,8.37403353824334,5.410927211394355,12.706676410228493,8.857310954736576,5.677838243497037,13.550603910328576,8.280150890350342,5.7373439124765655,11.782663563928589,-0.10480928421020508,8.367699146270752,5.715777137290558,12.06681051218527,-0.017261028289794922,9.09196424484253,6.311914345435601,12.929011953313925,0.7070040702819824
2024 H1,2024-02-22 08:00:00,2024-02-22 10:00:00,2024-02-22 14:00:00,8.100000381469727,8.585186958312988,5.65757015828053,12.800201401038247,8.563877831365208,5.540762243425934,12.984266018110102,8.825736460856012,5.656448093209308,13.503996072122517,8.161774635314941,5.651403333420481,11.619609766640789,-0.4234123229980469,8.465389251708984,5.785811941610972,12.203076427299008,-0.1197977066040039,9.26001501083374,6.4336718920143605,13.16095700102368,0.674828052520752
2024 H1,2024-02-23 08:00:00,2024-02-23 10:00:00,2024-02-23 14:00:00,7.800000190734863,9.485916137695312,6.283188388934603,14.097019516045126,8.433083857796056,5.451311886669689,12.793019564296335,9.576968125998507,6.165370208606709,14.612906448854883,9.381106853485107,6.536632527906691,13.299142104173676,-0.10480928421020508,9.468655109405518,6.50506111950807,13.602511299317126,-0.017261028289794922,10.06114673614502,7.014114550427534,14.266685589364899,0.575230598449707
2024 H1,2024-02-24 10:00:00,2024-02-24 12:00:00,2024-02-24 16:00:00,7.400000095367432,,,,8.328110321374629,5.379520197598505,12.639527656090996,8.328110321374629,5.3193311167385815,12.769438657400789,,,,-0.10480928421020508,,,,-0.017261028289794922,,,,0.4020981788635254
2024 H1,2024-02-24 13:00:00,2024-02-24 15:00:00,2024-02-24 19:00:00,13.899999618530273,3.8079469203948975,2.339449097761942,5.922205702978697,8.047427728826154,5.187560603791574,12.229114630113394,4.268320555038319,2.5690253298270425,6.7766894055594475,3.7031376361846924,2.4144547968111896,5.478194892360172,-0.10480928421020508,3.7906858921051025,2.434480365325129,5.68242903599835,-0.017261028289794922,4.210045099258423,2.7748254529441745,6.1909470450177535,0.4020981788635254
2024 H1,2024-02-25 08:00:00,2024-02-25 10:00:00,2024-02-25 14:00:00,8.0,10.051873207092285,6.67628441434049,14.911851983683738,8.39156188521555,5.422914895897132,12.73230629292244,9.938903124182838,6.410563180973477,15.14716704224066,9.597856998443604,6.693992067306314,13.597698045038621,-0.45401620864868164,9.993398189544678,6.88125355753624,14.3344646091636,-0.05847501754760742,10.064664363861084,7.016663171482364,14.271540648034911,0.012791156768798828
2024 H1,2024-02-26 08:00:00,2024-02-26 10:00:00,2024-02-26 14:00:00,8.300000190734863,9.863141059875488,6.545196985719287,14.640126282998963,8.198121227923155,5.29062030055923,12.449458094943234,9.346480247245214,6.009226126466167,14.272677978304353,9.151547193527222,6.36997334360661,12.98294208374699,-0.7115938663482666,9.71711778640747,6.683185965281325,13.94908676774763,-0.14602327346801758,9.845880031585693,6.8581477171159335,13.969572715378083,-0.017261028289794922
2024 H1,2024-02-27 08:00:00,2024-02-27 10:00:00,2024-02-27 14:00:00,8.100000381469727,7.7280497550964355,5.06222954671974,11.566144508443953,8.529666338065311,5.517364909456095,12.934242101910174,8.073554905782697,5.146882474595231,12.393683540968393,7.274033546447754,5.006907668252598,10.396817615420014,-0.45401620864868164,7.582026481628418,5.15252222952597,10.970891901522798,-0.14602327346801758,7.706294536590576,5.307957338455428,11.016499239106658,-0.021755218505859375
2024 H1,2024-02-28 08:00:00,2024-02-28 10:00:00,2024-02-28 14:00:00,8.800000190734863,8.735923767089844,5.76226721679715,13.017223596715539,8.52078361566836,5.511289991279886,12.921253818793822,8.77635934588492,5.622997551959103,13.431109374576073,7.86133337020874,5.433284452333666,11.205776019975419,-0.8745903968811035,8.312511444091797,5.6762126398866695,11.98983032359089,-0.4234123229980469,8.677448749542236,6.011586111708408,12.356894261574947,-0.05847501754760742
2024 H1,2024-02-29 08:00:00,2024-02-29 10:00:00,2024-02-29 14:00:00,8.300000190734863,,,,7.804865543412971,5.021671660832653,11.874441119372,7.804865543412971,4.964858785995734,11.997064979911238,,,,-0.6283974647521973,,,,-0.4238896369934082,,,,-0.14602327346801758
2024 H1,2024-02-29 19:00:00,2024-02-29 21:00:00,2024-03-01 01:00:00,8.399999618530273,,,,7.76512390420345,4.9944922449286775,11.816331044724341,7.76512390420345,4.9379358006713145,11.938401430233208,,,,-1.3671269416809082,,,,-0.4238896369934082,,,,-0.2078232765197754
2024 H1,2024-03-01 04:00:00,2024-03-01 06:00:00,2024-03-01 10:00:00,14.199999809265137,8.916540145874023,5.887717687269962,13.277264680357224,8.022045958027737,5.170201941224271,12.192001500782977,8.922429739885542,5.721952983899832,13.646727250068516,7.734662055969238,5.341321701085266,11.03129644391509,-1.1818780899047852,8.257802486419678,5.636991358182116,11.91351792584429,-0.6587376594543457,8.615277290344238,5.966541126078496,12.271084702869222,-0.30126285552978516
2024 H1,2024-03-01 08:00:00,2024-03-01 10:00:00,2024-03-01 14:00:00,9.800000190734863,9.445270538330078,6.25495723073432,14.038500317646008,7.874300516334374,5.069158428989414,11.975968674346483,9.286669553872485,5.968707354418851,14.184390035186313,8.263392448425293,5.725177366046405,11.759580154238954,-1.1818780899047852,8.786532878875732,6.0160423317459495,12.65103305548068,-0.6587376594543457,9.144007682800293,6.349621292404187,13.000842733905094,-0.30126285552978516
2024 H1,2024-03-02 08:00:00,2024-03-02 10:00:00,2024-03-02 14:00:00,7.599999904632568,10.392315864562988,6.912745203977668,15.402001759481879,8.715934186203649,5.644754000967892,13.206602245454125,10.135819302891077,6.543964104915044,15.437839552530324,9.947668552398682,6.94795353532553,14.079535404992797,-0.44464731216430664,10.18251657485962,7.016834014221274,14.598261947943907,-0.20979928970336914,10.08955430984497,7.0346966433299984,14.305893955945615,-0.3027615547180176
2024 H1,2024-03-03 08:00:00,2024-03-03 10:00:00,2024-03-03 14:00:00,8.899999618530273,9.276083946228027,6.137445531519845,13.794915184093796,8.539569608321306,5.52413778310829,12.948722626248836,9.372138318903533,6.026608194756503,14.310552449295216,8.83143663406372,6.137574651537557,12.542015461623025,-0.44464731216430664,8.83143663406372,6.0482341867320315,12.713668378324135,-0.44464731216430664,8.97332239151001,6.225954957520167,12.765261492735696,-0.3027615547180176
2024 H1,2024-03-04 08:00:00,2024-03-04 10:00:00,2024-03-04 14:00:00,9.199999809265137,9.349345207214355,6.188330505075585,13.900392537942228,8.691560937510362,5.6280850694305355,13.170963773334096,9.727881480696318,6.267606505714819,14.835673130262219,8.606422185897827,5.974215268647983,12.232076105904307,-0.7429230213165283,8.660003662109375,5.925332541872194,12.474540058222184,-0.6893415451049805,9.046583652496338,6.279034819098591,12.866377286969206,-0.3027615547180176
2024 H1,2024-03-05 08:00:00,2024-03-05 10:00:00,2024-03-05 14:00:00,7.900000095367432,8.59535026550293,5.664629272615122,12.814833946728987,8.436875823444902,5.45390522236277,12.79856416213625,8.739141830111768,5.597784534808773,13.376171741683274,7.888253688812256,5.452828471262703,11.242856599785854,-0.7070965766906738,7.883756399154663,5.368834778650267,11.391768746157831,-0.7115938663482666,8.292588710784912,5.732744097398585,11.82570727456761,-0.3027615547180176
2024 H1,2024-03-06 08:00:00,2024-03-06 10:00:00,2024-03-06 14:00:00,9.399999618530273,8.999760627746582,5.945520023216259,13.39708074816347,8.643359597585576,5.59512004103707,13.100483956274227,8.88898414479201,5.69929525553784,13.597357436233295,8.227737665176392,5.699292168735398,11.710468549901854,-0.7720229625701904,8.28131914138794,5.653850632942692,11.946320823285015,-0.7184414863586426,8.564589977264404,5.929816730049306,12.201125656974744,-0.43517065048217773
2024 H1,2024-03-07 08:00:00,2024-03-07 10:00:00,2024-03-07 14:00:00,8.5,8.839686393737793,5.834337482063814,13.166615064181967,8.82306158220318,5.718018720503761,13.363243518994008,9.4719579016022,6.094231000799239,14.457898436148216,8.13258981704712,5.630215298870537,11.57941002016039,-0.7070965766906738,8.12124490737915,5.539092156582625,11.723036572689846,-0.7184414863586426,8.536924839019775,5.909772552692779,12.162942005908358,-0.3027615547180176
2024 H1,2024-03-08 08:00:00,2024-03-08 10:00:00,2024-03-08 14:00:00,8.0,10.643330574035645,7.0870921464361345,15.76339831443812,7.953084230444075,5.123038826850166,12.091165923352696,9.785134624452796,6.306392665012525,14.920185815440446,9.93623399734497,6.939652104584454,14.063785222481567,-0.7070965766906738,9.93623399734497,6.84027209890354,14.254727455366014,-0.7070965766906738,10.254483699798584,7.154192664434321,14.533530854807074,-0.38884687423706055
2024 H1,2024-03-08 15:00:00,2024-03-08 17:00:00,2024-03-08 21:00:00,10.5,10.672323226928711,7.107229533588804,15.805140270105213,8.712625547757204,5.642491214072322,13.201764366822816,10.570188824620029,6.838227866840629,16.07902241572892,9.965226650238037,6.960700628017273,14.103720276570307,-0.7070965766906738,9.90030026435852,6.814510923327789,14.204604231658909,-0.7720229625701904,10.28347635269165,7.175198663807474,14.573546752496384,-0.38884687423706055
2024 H1,2024-03-09 07:30:00,2024-03-09 09:30:00,2024-03-09 13:30:00,8.5,7.6563310623168945,5.012415992647551,11.462888055660995,8.727496835991728,5.652661728826963,13.223509108272935,8.219138747097125,5.245508291273719,12.608583204825763,7.096498489379883,4.878018089826548,10.152277312992263,-0.5598325729370117,6.949234485626221,4.698868674575521,10.088223385350403,-0.7070965766906738,7.267484188079834,4.990026794474259,10.410849591391386,-0.38884687423706055
2024 H1,2024-03-10 08:00:00,2024-03-10 10:00:00,2024-03-10 14:00:00,7.400000095367432,8.034760475158691,5.275261190858959,12.007728979057303,8.43829821937019,5.45487800283188,12.800643984082225,8.405691242917273,5.371888335154651,12.883957643922447,7.409689426422119,5.105393170044094,10.58367271019914,-0.6250710487365723,7.327663898468018,4.970167694661257,10.616086775562914,-0.7070965766906738,7.645913600921631,5.264209637909004,10.933160975684366,-0.38884687423706055
2024 H1,2024-03-11 08:00:00,2024-03-11 10:00:00,2024-03-11 14:00:00,10.0,10.058900833129883,6.681165582918106,14.92196995583304,8.102077736081894,5.224935893434967,12.309023664171688,9.194804200293985,5.906473143263718,14.048785469281782,9.43382978439331,6.574909116487988,13.371763713010292,-0.6250710487365723,9.462929725646973,6.500956546896645,13.59452507948723,-0.5959711074829102,9.761517524719238,6.7970246880198895,13.853134890387283,-0.29738330841064453
2024 H1,2024-03-12 08:00:00,2024-03-12 10:00:00,2024-03-12 14:00:00,7.699999809265137,9.015167236328125,5.956220970206535,13.419262297908604,8.544250498198922,5.527339056516105,12.955567005736349,8.975710210074281,5.758047854305325,13.725375780223684,8.566460132598877,5.94520301446107,12.177031582525336,-0.44870710372924805,8.566460132598877,5.858270450421684,12.344058116427403,-0.44870710372924805,8.805367946624756,6.1042671983147425,12.533449388207636,-0.20979928970336914
2024 H1,2024-03-13 08:00:00,2024-03-13 10:00:00,2024-03-13 14:00:00,7.5,7.666249752044678,5.019305203366981,11.47716841518587,8.401385986330872,5.429633625557183,12.74667105644283,7.99529882352752,5.093867868353276,12.278167934156578,7.406242609024048,5.102890797562364,10.578924995675267,-0.2600071430206299,7.21754264831543,4.891220905000638,10.462480912838165,-0.44870710372924805,7.456450462341309,5.12693822004556,10.67166239543064,-0.20979928970336914
2024 H1,2024-03-14 08:00:00,2024-03-14 10:00:00,2024-03-14 14:00:00,8.399999618530273,7.88932991027832,5.174249682887303,11.798346408436151,8.51164305550261,5.505038737147401,12.907888526266433,8.134301516232549,5.188035283945322,12.483353012856778,7.787254571914673,5.379503609044892,11.103738416600047,-0.10207533836364746,7.591946601867676,5.159634041686216,10.984729272834628,-0.29738330841064453,7.679530620574951,5.288566122166223,10.979559462364024,-0.20979928970336914
2024 H1,2024-03-15 08:00:00,2024-03-15 10:00:00,2024-03-15 14:00:00,7.800000190734863,7.2225022315979,4.711092096748828,10.83828623375217,8.013743072759478,5.164523575248493,12.17986105332469,7.221435811958214,4.569614140575506,11.1358509053133,7.120426893234253,4.895389993360051,10.185236770193576,-0.10207533836364746,6.7819318771362305,4.578928119743182,9.854856424136315,-0.4405703544616699,6.925118923187256,4.741973449157837,9.938314240354515,-0.29738330841064453
2024 H1,2024-03-16 08:00:00,2024-03-16 10:00:00,2024-03-16 14:00:00,3.5,9.919642448425293,6.584441077665177,14.721473735564754,7.355396228039093,4.714278364994588,11.217228785212678,9.05894883946057,5.814437888585915,13.848246239702947,9.944159507751465,6.945405986166918,14.074701977423988,0.024517059326171875,9.622259140014648,6.615181056202572,13.816770396512455,-0.29738330841064453,9.622259140014648,6.696128038354881,13.660929323850452,-0.29738330841064453
2024 H1,2024-04-23 04:30:00,2024-04-23 06:30:00,2024-04-23 10:30:00,2120.0,,,,7.643893604885475,4.91158251118681,11.639068559254506,7.643893604885475,4.8558082982750195,11.759450591063544,,,,0.024517059326171875,,,,-0.4405703544616699,,,,-0.4405703544616699
2024 H1,2024-04-23 07:24:00,2024-04-23 09:24:00,2024-04-23 13:24:00,34.0,,,,7.9912599115191885,5.149147279697011,12.146986259934799,7.9912599115191885,5.091131706209746,12.272206003044563,,,,0.024517059326171875,,,,-0.4405703544616699,,,,-0.4405703544616699
2024 H1,2024-04-23 08:00:00,2024-04-23 10:00:00,2024-04-23 14:00:00,107.0,,,,7.988955223395628,5.147571097176985,12.143616353671156,7.988955223395628,5.089570394553705,12.268803999782536,,,,0.024517059326171875,,,,-0.4405703544616699,,,,-0.4405703544616699
2024 H1,2024-04-23 11:21:00,2024-04-23 13:21:00,2024-04-23 17:21:00,6.800000190734863,,,,8.406457057724744,5.433101745172635,12.754085957868709,8.406457057724744,5.3724071366241635,12.885088080811709,,,,0.33507752418518066,,,,-0.29738330841064453,,,,-0.29738330841064453
2024 H1,2024-04-23 14:33:00,2024-04-23 16:33:00,2024-04-23 20:33:00,5.0,,,,8.203747711731333,5.294468268246049,12.457685118302116,8.203747711731333,5.235081629779052,12.58586414276047,,,,1.470268964767456,,,,-0.10207533836364746,,,,-0.20979928970336914
2024 H1,2024-04-24 00:00:00,2024-04-24 02:00:00,2024-04-24 06:00:00,3.200000047683716,,,,8.322826725264163,5.375906731747287,12.63180200182775,8.322826725264163,5.315751742979177,12.761639419395754,,,,0.7662205696105957,,,,-0.2600071430206299,,,,-0.29738330841064453
2024 H1,2024-04-24 08:00:00,2024-04-24 10:00:00,2024-04-24 14:00:00,3.799999952316284,,,,8.836716179457305,5.727357136964505,13.383209219491102,8.836716179457305,5.663886306847412,13.520203487831312,,,,0.4245946407318115,,,,-0.2600071430206299,,,,-0.4405703544616699
2024 H1,2024-04-24 13:00:00,2024-04-24 15:00:00,2024-04-24 19:00:00,7.599999904632568,,,,8.494153893105176,5.493077851082637,12.882315939109626,8.494153893105176,5.431817383883911,13.014539400920142,,,,0.4245946407318115,,,,-0.2600071430206299,,,,-0.4405703544616699
2024 H1,2024-04-25 08:00:00,2024-04-25 10:00:00,2024-04-25 14:00:00,6.800000190734863,,,,8.98262735795272,5.827146191574413,13.5965599932122,8.98262735795272,5.762733878196696,13.735586341646616,,,,-0.5051605701446533,,,,-0.12085318565368652,,,,-0.4405703544616699
2024 H1,2024-04-26 08:00:00,2024-04-26 10:00:00,2024-04-26 14:00:00,5.900000095367432,,,,8.388009631537212,5.4204854998772305,12.727112201019803,8.388009631537212,5.359909922256589,12.857857409804943,,,,-0.9051604270935059,,,,-0.2600071430206299,,,,-0.5058088302612305
2024 H1,2024-04-26 14:00:00,2024-04-26 16:00:00,2024-04-26 20:00:00,6.599999904632568,,,,8.051199695820193,5.190140262349858,12.234629985995836,8.051199695820193,5.1317379309448885,12.360684500257372,,,,-0.9051604270935059,,,,-0.3171088695526123,,,,-0.5058088302612305
2024 H1,2024-04-26 15:00:00,2024-04-26 17:00:00,2024-04-26 21:00:00,4.5,,,,8.782883586628413,5.690540879286454,13.304495405718306,8.782883586628413,5.627417400794829,13.440739956720652,,,,-0.9051604270935059,,,,-0.3171088695526123,,,,-0.5058088302612305
2024 H1,2024-04-26 18:00:00,2024-04-26 20:00:00,2024-04-27 00:00:00,4.300000190734863,,,,8.0300429918177,5.175671134536345,12.203694733365674,8.0300429918177,5.117405315514277,12.329454601819359,,,,-0.9051604270935059,,,,-0.3171088695526123,,,,-0.5058088302612305
2024 H1,2024-04-27 08:00:00,2024-04-27 10:00:00,2024-04-27 14:00:00,3.5,,,,8.290539391643286,5.353825335852021,12.584591584638078,8.290539391643286,5.293878679196966,12.713979342018138,,,,-2.2551605701446533,,,,-0.7014162540435791,,,,-0.7070965766906738
2024 H1,2024-04-27 21:00:00,2024-04-27 23:00:00,2024-04-28 03:00:00,6.900000095367432,,,,8.209682956282217,5.298527398250471,12.466363610452015,8.209682956282217,5.23910246296859,12.594625294048832,,,,-2.955160617828369,,,,-0.9051604270935059,,,,-0.7070965766906738
2024 H1,2024-04-28 08:00:00,2024-04-28 10:00:00,2024-04-28 14:00:00,8.899999618530273,,,,7.537825573024311,4.839042293686671,11.483976283953854,7.537825573024311,4.783952478485283,11.60288112437565,,,,-2.5051605701446533,,,,-0.9051604270935059,,,,-0.7070965766906738
2024 H1,2024-04-29 08:00:00,2024-04-29 10:00:00,2024-04-29 14:00:00,7.5,,,,8.482725382408201,5.485261861315368,12.865605213962846,8.482725382408201,5.424075135906859,12.997669512854298,,,,-1.4551606178283691,,,,-0.9051604270935059,,,,-0.7070965766906738
2024 H1,2024-04-30 08:00:00,2024-04-30 10:00:00,2024-04-30 14:00:00,6.599999904632568,,,,8.628915950289686,5.58524199109163,13.079364509788297,8.628915950289686,5.523111979678988,13.213464779782273,,,,-1.0051605701446533,,,,-0.9051604270935059,,,,-0.5959711074829102
2024 H1,2024-05-01 08:00:00,2024-05-01 10:00:00,2024-05-01 14:00:00,6.099999904632568,,,,8.241262472066763,5.3201247155888245,12.512539059076621,8.241262472066763,5.260496015346669,12.641240545203116,,,,-1.1051607131958008,,,,-1.0051605701446533,,,,-0.7070965766906738
2024 H1,2024-05-02 08:00:00,2024-05-02 10:00:00,2024-05-02 14:00:00,7.599999904632568,,,,8.629161518524949,5.585409935880315,13.07972357873377,8.629161518524949,5.52327833995314,13.213827268714674,,,,-1.3551607131958008,,,,-1.1051607131958008,,,,-0.7070965766906738
2024 H1,2024-05-03 08:00:00,2024-05-03 10:00:00,2024-05-03 14:00:00,8.600000381469727,10.65630054473877,7.096100681197369,15.782071732979366,8.784797643889789,5.691849908289931,13.307294133011663,10.378099729727301,6.708097052268223,15.795475275123142,9.551139831542969,6.660075633861961,13.533348894447586,-1.1051607131958008,9.651139974594116,6.635885953482698,13.85705567756078,-1.0051605701446533,9.949203968048096,6.933008839779187,14.112181261259897,-0.7070965766906738
2024 H1,2024-05-04 01:00:00,2024-05-04 03:00:00,2024-05-04 07:00:00,4.0,,,,7.781106962354473,5.005423102174244,11.839701411944406,7.781106962354473,4.948763528178242,11.961994390777841,,,,-0.9551606178283691,,,,-1.0051605701446533,,,,-0.5959711074829102
2024 H1,2024-05-04 04:00:00,2024-05-04 06:00:00,2024-05-04 10:00:00,2.5999999046325684,0.3166295289993286,0.0,0.8956075400268222,8.25868751140804,5.332041747719855,12.53801788574307,0.26807539911497325,0.0,0.8718353256460588,0.0,0.0,0.37741979790654223,-0.9551606178283691,0.0,0.0,0.39487939441214037,-1.0051605701446533,0.0,0.0,0.3802082147122457,-0.5959711074829102
2024 H1,2024-05-04 08:00:00,2024-05-04 10:00:00,2024-05-04 14:00:00,5.5,,,,8.00491315288505,5.158484768862058,12.1669499778572,8.00491315288505,5.1003810986413445,12.292359867330575,,,,-0.9551606178283691,,,,-1.1051607131958008,,,,-0.6250710487365723
2024 H1,2024-05-04 20:00:00,2024-05-04 22:00:00,2024-05-05 02:00:00,8.899999618530273,8.408178329467773,5.534625517734315,12.545354548451085,8.39065040034631,5.422291528898588,12.730973523191615,8.378681821031545,5.35359079425009,12.844088413712422,7.453017711639404,5.136849292050717,10.643353948066771,-0.9551606178283691,6.703017711639404,4.5223539343240295,9.744780680757563,-1.7051606178283691,7.601673364639282,5.232156331885483,10.872100238146658,-0.8065049648284912
2024 H1,2024-05-05 08:00:00,2024-05-05 10:00:00,2024-05-05 14:00:00,7.900000095367432,11.068817138671875,7.382621766024277,16.375989421002128,8.671739970562507,5.614529455847148,13.141981630376778,10.437893619093964,6.748604440436622,15.883738413460504,9.713656425476074,6.778061881903483,13.757202468419383,-1.3551607131958008,9.363656520843506,6.429786806199957,13.456050931689619,-1.7051606178283691,10.213656663894653,7.124612318897513,14.477181044470118,-0.8551604747772217
2024 H1,2024-05-06 08:00:00,2024-05-06 10:00:00,2024-05-06 14:00:00,7.5,9.014404296875,5.955691056397053,13.41816386152383,8.441048784216697,5.456759121663944,12.80466584960496,8.754173787076633,5.6079679385337355,13.398360759844225,7.001525640487671,4.809068268547259,10.021459830664545,-2.012878656387329,7.309243679046631,4.956962094596349,10.59039279105147,-1.7051606178283691,8.159243822097778,5.636131943329548,11.641663563811743,-0.8551604747772217
2024 H1,2024-05-07 08:00:00,2024-05-07 10:00:00,2024-05-07 14:00:00,6.0,8.422794342041016,5.544777341539511,12.566397843492492,8.527043029742083,5.515570821708847,12.930406310394808,8.72839300152053,5.590502737676781,13.360305148040313,6.372893571853638,4.352684477934219,9.155569573729085,-2.049900770187378,6.780611515045166,4.577981541783573,9.85301467826233,-1.6421828269958496,7.51763391494751,5.171267366875741,10.756108299322175,-0.9051604270935059
2024 H1,2024-05-08 08:00:00,2024-05-08 10:00:00,2024-05-08 14:00:00,8.300000190734863,9.933216094970703,6.593868906728166,14.741016291895455,8.608305115876018,5.571146184985,13.049227425607791,9.299009065797465,5.977066760449269,14.202604673163306,7.27395224571228,5.0068486443184295,10.396705630177388,-2.659263849258423,8.191033363342285,5.589124049119504,11.820383051880663,-1.742182731628418,9.028055667877197,6.265610768711378,12.840804810395804,-0.9051604270935059
2024 H1,2024-05-09 08:00:00,2024-05-09 10:00:00,2024-05-09 14:00:00,7.599999904632568,9.501937866210938,6.294316578933775,14.120086680125493,8.494464568964426,5.4932903231536905,12.882770208176815,9.15940591671127,5.882492565502881,13.996533246958395,6.842674016952515,4.693742770992638,9.802654459477623,-2.659263849258423,7.7597551345825195,5.279937297571336,11.218801937325102,-1.742182731628418,8.550860166549683,5.919869092751999,12.18217565943984,-0.9510776996612549
2024 H1,2024-05-10 08:00:00,2024-05-10 10:00:00,2024-05-10 14:00:00,7.0,8.266892433166504,5.436492766532683,12.341939233490248,8.714042477285918,5.643460256057845,13.203836195824382,8.208937632641026,5.238597543245779,12.59352510464243,5.607628583908081,3.7971058597753706,8.10147842868816,-2.659263849258423,6.624709606170654,4.46621423810194,9.635550318023752,-1.6421828269958496,7.215814590454102,4.952590705429894,10.339534788297474,-1.0510778427124023
2024 H1,2024-05-11 08:00:00,2024-05-11 10:00:00,2024-05-11 14:00:00,8.699999809265137,8.552075386047363,5.634571898948906,12.752529261938825,8.962940847562553,5.813682533199091,13.567774452125349,8.649723477959666,5.537208045499094,13.244179250987385,5.647407531738281,3.8259851802923674,8.156270738969368,-2.904667854309082,6.502174615859985,4.378367940564289,9.464628784944908,-2.049900770187378,7.500997543334961,5.159213843765812,10.733146642559532,-1.0510778427124023
2024 H1,2024-05-12 08:00:00,2024-05-12 10:00:00,2024-05-12 14:00:00,7.099999904632568,11.205634117126465,7.477650547086853,16.572970644839117,8.839481512941003,5.729248356107993,13.387252679659317,10.351543194596061,6.690106319630438,15.75627456149041,8.546370267868042,5.930617871455744,12.14935940510782,-2.659263849258423,9.563451290130615,6.573021246458722,13.734740538479533,-1.6421828269958496,10.154556274414062,7.081792410386164,14.395610201416314,-1.0510778427124023
2024 H1,2024-05-13 08:00:00,2024-05-13 10:00:00,2024-05-13 14:00:00,8.600000381469727,9.035462379455566,5.970317339931085,13.44848207878922,8.453001131857956,5.46493336495215,12.822142527151819,8.930012244019109,5.727089753584497,13.65791995919605,6.497889995574951,4.4434312669024685,9.327742122430335,-2.5375723838806152,7.393279552459717,5.0172080726713935,10.707612699266809,-1.6421828269958496,7.930301666259766,5.470256857673905,11.325675719630183,-1.1051607131958008
2024 H1,2024-05-13 12:02:00,2024-05-13 14:02:00,2024-05-13 18:02:00,5.699999809265137,9.416485786437988,6.234964245094735,13.997057685893767,8.100134532673776,5.223606931301904,12.306182319492722,9.384091207453642,6.034705682666409,14.32819638359693,6.878913402557373,4.720052386739367,9.852571306673724,-2.5375723838806152,7.774302959442139,5.290366747542351,11.239094398455302,-1.6421828269958496,8.311325073242188,5.746319123439988,11.85156735594497,-1.1051607131958008
2024 H1,2024-05-14 08:00:00,2024-05-14 10:00:00,2024-05-14 14:00:00,7.400000095367432,9.514907836914062,6.303325113695011,14.138760098666742,8.50897901885747,5.503216795189246,12.903993181952703,9.133005256005514,5.8646074300410875,13.957562623158013,7.650588512420654,5.280284721889555,10.915491880551116,-1.8643193244934082,7.872725009918213,5.360926289012639,11.37638128862017,-1.6421828269958496,8.031343698501587,5.543464676005058,11.465134762561563,-1.4835641384124756
2024 H1,2024-05-15 08:00:00,2024-05-15 10:00:00,2024-05-15 14:00:00,6.900000095367432,9.562211990356445,6.336181094667566,14.206865900614018,8.437749083787395,5.454502447502779,12.799841040108536,9.430123769034552,6.06589045522585,14.396146108792495,7.838348150253296,5.416597295672802,11.174115722949557,-1.7238638401031494,7.838348150253296,5.336281248156326,11.32842971542898,-1.7238638401031494,7.998910427093506,5.519965850927537,11.420370094934139,-1.5633015632629395
2024 H1,2024-05-16 08:00:00,2024-05-16 10:00:00,2024-05-16 14:00:00,7.199999809265137,9.037293434143066,5.971589133073847,13.45111832611269,8.880538669411436,5.757327457869783,13.44728629867385,8.953277114501443,5.7428505470250535,13.69226177076798,7.128315210342407,4.901116872790812,10.196102294350512,-1.9089782238006592,7.128315210342407,4.8272530534928535,10.338019398193406,-1.9089782238006592,7.395110607147217,5.082495755104226,10.587000623402497,-1.6421828269958496
2024 H1,2024-05-17 08:00:00,2024-05-17 10:00:00,2024-05-17 14:00:00,6.5,8.428449630737305,5.548705327652317,12.574540003194674,8.378215031917554,5.413786946370865,12.71279057447487,8.71988146104389,5.584736592044672,13.34774106695258,6.5194714069366455,4.459099265427315,9.357468785706697,-1.9089782238006592,6.193434476852417,4.157029708567762,9.033973526815313,-2.2350151538848877,6.704585790634155,4.582190939386965,9.633932599188505,-1.7238638401031494
2024 H1,2024-05-18 08:00:00,2024-05-18 10:00:00,2024-05-18 14:00:00,7.599999904632568,,,,9.040289855120609,5.866581731319648,13.680873878634255,9.040289855120609,5.801797354084939,13.820703282830996,,,,-2.2943267822265625,,,,-2.4799082279205322,,,,-1.786841630935669
2024 H1,2024-05-19 08:00:00,2024-05-19 10:00:00,2024-05-19 14:00:00,8.899999618530273,11.202581405639648,7.475530229456653,16.568575526254516,8.626679109961907,5.583712209864968,13.076093810315212,10.62377861809225,6.874532288396689,16.158127545112706,8.605697393417358,5.973689072871234,12.231077762392335,-2.59688401222229,8.605697393417358,5.886399951062144,12.398789363036277,-2.59688401222229,9.41573977470398,6.546498900439828,13.37588959935151,-1.786841630935669
2024 H1,2024-05-20 07:20:00,2024-05-20 09:20:00,2024-05-20 13:20:00,6.699999809265137,8.371990203857422,5.509490380965946,12.493252964630042,8.313233080879503,5.369345612076535,12.61777421126792,8.552510108506915,5.471350819396386,13.100680355579634,6.077663421630859,4.138348840627799,8.7489137198733,-2.2943267822265625,5.775106191635132,3.857126873316844,8.450456021665955,-2.59688401222229,6.585148572921753,4.495655287418465,9.469084370159472,-1.786841630935669
2024 H1,2024-05-20 15:00:00,2024-05-20 17:00:00,2024-05-20 21:00:00,6.900000095367432,9.950559616088867,6.6059151724022716,14.765986497012454,8.239883406942697,5.319181569173346,12.51052259526442,9.253996595977167,5.946573049357014,14.136160728928587,7.656232833862305,5.284382471500986,10.923266480650591,-2.2943267822265625,7.470651388168335,5.072676549744444,10.815537078604605,-2.4799082279205322,8.163717985153198,5.639373601369056,11.647838840414792,-1.786841630935669
2024 H1,2024-05-20 20:00:00,2024-05-20 22:00:00,2024-05-21 02:00:00,7.0,8.024842262268066,5.2683723113356615,11.99344930605517,8.754470409664934,5.671109029740132,13.26294976575061,8.200129807133857,5.2326306792314545,12.580523670391791,5.730515480041504,3.8863211420881356,8.270745272325625,-2.2943267822265625,5.544934034347534,3.692114644869235,8.129393622298092,-2.4799082279205322,6.2380006313323975,4.244136757178641,8.989947929457397,-1.786841630935669
2024 H1,2024-05-21 08:00:00,2024-05-21 10:00:00,2024-05-21 14:00:00,5.800000190734863,8.998088836669922,5.944358849581227,13.394673799435322,8.989741939958353,5.832011873694232,13.606962908131099,9.116837082698218,5.853654296216384,13.93369640986432,6.66664719581604,4.565948164436228,9.560191631081688,-2.331441640853882,6.71153998374939,4.528463618174925,9.756668222517355,-2.2865488529205322,6.897121429443359,4.721688470815107,9.899671869497835,-2.1009674072265625
2024 H1,2024-05-22 08:00:00,2024-05-22 10:00:00,2024-05-22 14:00:00,7.900000095367432,8.797723770141602,5.8051915601499084,13.10619968997362,8.915862699605682,5.7814856588688,13.498936962115833,9.11556151359872,5.852790161549843,13.931813512914808,6.27292275428772,4.2801061559746705,9.017867790400885,-2.524801015853882,6.511174917221069,4.384820327342054,9.477183119856981,-2.2865488529205322,6.696756362915039,4.576518296929355,9.623126358734083,-2.1009674072265625
2024 H1,2024-05-23 08:00:00,2024-05-23 10:00:00,2024-05-23 14:00:00,8.600000381469727,8.57798957824707,5.652571083880305,12.789839026793336,8.545248739595745,5.528021756541481,12.957026630533905,9.242893036059998,5.939050939382569,14.119770508198897,6.0531885623931885,4.120580213173143,8.715201564208359,-2.524801015853882,6.477022171020508,4.360335955189613,9.429544157919235,-2.1009674072265625,6.650692462921143,4.543143694820138,9.559548585560826,-1.9272971153259277
2024 H1,2024-05-24 08:00:00,2024-05-24 10:00:00,2024-05-24 14:00:00,6.300000190734863,8.412485122680664,5.537616881188856,12.551555221843167,8.882340007891607,5.758559398190068,13.449920208991353,8.569423578712902,5.482808854827186,13.125646718804505,6.081043481826782,4.1408027477090394,8.753569481705282,-2.331441640853882,6.311517715454102,4.241684510319601,9.198685403166255,-2.1009674072265625,6.625643491744995,4.524995004710094,9.524975789773414,-1.786841630935669
2024 H1,2024-05-25 08:00:00,2024-05-25 10:00:00,2024-05-25 14:00:00,7.0,9.79415225982666,6.497279529496658,14.540800172905291,8.719888170926719,5.64745814194959,13.212383746972016,9.350034750756405,6.011634125928969,14.277924862868177,7.510621547698975,5.178669393770698,10.722698612290584,-2.2835307121276855,7.693184852600098,5.232212539252374,11.125944422707619,-2.1009674072265625,7.866855144500732,5.42428805305245,11.238106309103445,-1.9272971153259277
2024 H1,2024-05-26 08:00:00,2024-05-26 10:00:00,2024-05-26 14:00:00,8.5,8.560708045959473,5.640567873703223,12.764958069632607,8.316480383733268,5.37156645139228,12.62252240522743,9.188306421259046,5.902071220920337,14.039193947875138,6.277177333831787,4.28319495980233,9.02372813249665,-2.2835307121276855,6.277177333831787,4.217065620858705,9.150784712445038,-2.2835307121276855,6.45974063873291,4.404793682008453,9.29599530920194,-2.1009674072265625
2024 H1,2024-05-27 08:00:00,2024-05-27 10:00:00,2024-05-27 14:00:00,5.0,10.580767631530762,7.04363788927389,15.673323784795256,8.254835802178837,5.3294075532285365,12.532385931065761,9.652005082326328,6.216204017029965,14.723670229684798,8.297236919403076,5.749748285550557,11.80619819861343,-2.2835307121276855,8.118296384811401,5.536978337581813,11.718923739316134,-2.4624712467193604,8.297236919403076,5.7361118563849605,11.8321227702861,-2.2835307121276855
2024 H1,2024-05-28 08:00:00,2024-05-28 10:00:00,2024-05-28 14:00:00,5.900000095367432,6.39525842666626,4.13651450183203,9.64726813828175,8.460369779663441,5.469972803368348,12.832916936123011,6.711508799452197,4.2241639340089145,10.383135888386002,4.111727714538574,2.711089184508298,6.040994955512994,-2.2835307121276855,4.111727714538574,2.6646377708467526,6.130243658855321,-2.2835307121276855,4.111727714538574,2.703591719025016,6.055248582978393,-2.2835307121276855
2024 H1,2024-05-29 08:00:00,2024-05-29 10:00:00,2024-05-29 14:00:00,6.099999904632568,9.197222709655762,6.082670990602488,13.681375307181082,8.431811780442548,5.4504419094835255,12.791159537597883,8.727303550793517,5.589764688957138,13.35869698471043,6.734751462936401,4.615391527471861,9.653999796935189,-2.4624712467193604,6.734751462936401,4.545104110019593,9.789045436549143,-2.4624712467193604,6.913691997528076,4.733694317402661,9.92254270369081,-2.2835307121276855
2024 H1,2024-05-30 08:00:00,2024-05-30 10:00:00,2024-05-30 14:00:00,6.300000190734863,7.455595970153809,4.872991695018634,11.173881204552679,7.868356446068001,5.0650932630539955,11.967277277268751,7.621474945516012,4.840620770805025,11.7263578912204,4.9775800704956055,3.339693737218364,7.233637132672232,-2.478015899658203,4.993124723434448,3.296518213289829,7.359686184860669,-2.4624712467193604,5.172065258026123,3.471836344861136,7.518735170867712,-2.2835307121276855
2024 H1,2024-05-31 08:00:00,2024-05-31 10:00:00,2024-05-31 14:00:00,8.5,9.686574935913086,6.4225596951825725,14.385916523514968,8.4133913688046,5.4378441395125705,12.764225281321277,9.6482449934961,6.213656743731522,14.718119875892821,7.110259056091309,4.888008193593272,10.171231390010997,-2.5763158798217773,7.161773920059204,4.851239865435757,10.384690262940982,-2.524801015853882,7.4030442237854,5.088243885388929,10.597950666258894,-2.2835307121276855
2024 H1,2024-06-01 08:00:00,2024-06-01 10:00:00,2024-06-01 14:00:00,7.800000190734863,9.456923484802246,6.263051001781933,14.055277560378032,8.67022489550456,5.61349329186537,13.13976629335331,9.190041243685013,5.903246476889738,14.04175475924559,6.944063186645508,4.767350809621885,9.942309909106058,-2.5128602981567383,6.932122468948364,4.686600935338418,10.064354185889625,-2.524801015853882,7.1733927726745605,4.921854895189564,10.280983846915127,-2.2835307121276855
2024 H1,2024-06-02 08:00:00,2024-06-02 10:00:00,2024-06-02 14:00:00,6.300000190734863,,,,9.123225594982033,5.923301710964012,13.802142204001958,9.123225594982033,5.857982195766658,13.943126640101042,,,,-2.5128602981567383,,,,-2.524801015853882,,,,-2.2835307121276855
2024 H1,2024-06-03 08:00:00,2024-06-03 10:00:00,2024-06-03 14:00:00,9.600000381469727,,,,8.8957555087637,5.767734295980278,13.469536303662311,8.8957555087637,5.703882518078145,13.607352802671178,,,,-2.5128602981567383,,,,-2.4624712467193604,,,,-2.2835307121276855
2024 H1,2024-06-04 08:00:00,2024-06-04 10:00:00,2024-06-04 14:00:00,5.900000095367432,7.582014083862305,4.960797750857939,11.35589074046513,8.637090885145433,5.590832851429847,13.091317868637002,7.768967310031112,4.9405395170944955,11.944074770165544,5.273627758026123,3.5546229025900704,7.641419078601216,-2.3083863258361816,5.298483371734619,3.515432228023599,7.785624671280122,-2.2835307121276855,5.298483371734619,3.5634298539860274,7.693218489896604,-2.2835307121276855
2024 H1,2024-06-05 08:00:00,2024-06-05 10:00:00,2024-06-05 14:00:00,9.699999809265137,10.015589714050293,6.651083038345935,14.859613095314595,8.877395096004536,5.755177559406855,13.442689777519494,9.168317871515335,5.8885299719404145,14.009688388864351,7.707203388214111,5.321386843319422,10.993474331325043,-2.3083863258361816,7.732059001922607,5.260081722407732,11.180169172572885,-2.2835307121276855,7.598011255264282,5.229503029770656,10.86704576470411,-2.4175784587860107
2024 H1,2024-06-06 08:00:00,2024-06-06 10:00:00,2024-06-06 14:00:00,8.399999618530273,10.427412033081055,6.937121901606216,15.452531206227214,8.541044722035236,5.525146617417443,12.950879531946116,9.80161155420553,6.317554965983193,14.944507791240058,8.51378083229065,5.906958101480808,12.104470071340922,-1.9136312007904053,8.348355293273926,5.7019093770567215,12.03982817023146,-2.079056739807129,8.009833574295044,5.527879980900903,11.435446312432214,-2.4175784587860107
2024 H1,2024-06-07 06:20:00,2024-06-07 08:20:00,2024-06-07 12:20:00,9.699999809265137,9.137969017028809,6.041515234588886,13.596065245357204,8.205535516459697,5.295690952796406,12.46029923961888,9.291740991600019,5.972143001418519,14.191876101312054,7.70878267288208,5.3225333962224415,10.995649669293229,-1.4291863441467285,7.05891227722168,4.777497545311461,10.241210676871537,-2.079056739807129,6.720390558242798,4.593641941808317,9.65574646927357,-2.4175784587860107
2024 H1,2024-06-08 08:00:00,2024-06-08 10:00:00,2024-06-08 14:00:00,9.5,8.875545501708984,5.859244093501843,13.218242947312072,8.49819554871154,5.49584195042154,12.888225632661712,8.827610232982728,5.657717480694886,13.506761990349025,8.041633129119873,5.564181190702871,11.454124477457395,-0.8339123725891113,6.7964887619018555,4.589364064832012,9.87516152274272,-2.079056739807129,6.592014789581299,4.500630056142746,9.478561178796971,-2.2835307121276855
2024 H1,2024-06-09 08:00:00,2024-06-09 10:00:00,2024-06-09 14:00:00,9.100000381469727,8.20719051361084,5.395025686156006,12.255983840290309,8.90444734316349,5.773678665332405,13.48224547107068,8.601479120008833,5.504524890829794,13.172964642188488,7.4962005615234375,5.1681998287205575,10.702834860427064,-0.7109899520874023,6.293559312820435,4.228809990339158,9.173635597375993,-1.9136312007904053,6.106223106384277,4.148660202595465,8.808067507009552,-2.1009674072265625
2024 H1,2024-06-10 08:00:00,2024-06-10 10:00:00,2024-06-10 14:00:00,8.300000190734863,10.133670806884766,6.733098461032099,15.029619467632369,8.644951124409669,5.59620849059111,13.102811080781203,9.730713440594691,6.2695250177918185,14.839853451544602,9.535936832427979,6.64903833126322,13.512407982479042,-0.5977339744567871,8.680242538452148,5.939841951376594,12.502770849798774,-1.4534282684326172,8.106147766113281,5.597662344743967,11.568379951173116,-2.0275230407714844
2024 H1,2024-06-11 08:00:00,2024-06-11 10:00:00,2024-06-11 14:00:00,8.5,9.960790634155273,6.613021316587456,14.780716528932341,8.493420887525128,5.4925765465588094,12.881244141120893,9.185063938495725,5.899874600006154,14.034407644329292,9.249800682067871,6.441304893138554,13.118278384076266,-0.7109899520874023,8.770743608474731,6.0047228797099885,12.629008927545526,-1.190047025680542,8.047159433364868,5.554923624513477,11.486963769741577,-1.9136312007904053
2024 H1,2024-06-12 08:00:00,2024-06-12 10:00:00,2024-06-12 14:00:00,9.800000190734863,8.952264785766602,5.91253090139907,13.328698964074515,7.899387894546068,5.086315755660343,12.012651343949257,8.924778589262152,5.72354421260991,13.650194440774076,8.354530811309814,5.791343369339693,11.885115939624889,-0.5977339744567871,7.878440856933594,5.365024024657942,11.384354205843538,-1.0738239288330078,7.1571784019470215,4.910107123690522,10.258604639240588,-1.79508638381958
2024 H1,2024-06-13 08:00:00,2024-06-13 10:00:00,2024-06-13 14:00:00,8.800000190734863,7.877590179443359,5.166095634143863,11.781444218565362,8.677935998259162,5.618766936159222,13.151041438656787,7.951861712929627,5.064441384835655,12.214049413981932,7.296557426452637,5.023259894377936,10.427842453664413,-0.5810327529907227,6.803766250610352,4.594581353679815,9.885312741785267,-1.0738239288330078,6.082503795623779,4.131474889171257,8.775329919450598,-1.79508638381958
2024 H1,2024-06-14 08:00:00,2024-06-14 10:00:00,2024-06-14 14:00:00,8.800000190734863,8.063753128051758,5.295398578011627,12.049470934724393,8.488480477741595,5.489197786776536,12.87402029260781,8.213066230731016,5.241394463252052,12.599619423446846,7.581593990325928,5.230195038120242,10.820457459870735,-0.4821591377258301,7.2298407554626465,4.900037514663437,10.479635289088087,-0.8339123725891113,6.369252443313599,4.339232417805878,9.171102758549713,-1.6945006847381592
2024 H1,2024-06-15 08:00:00,2024-06-15 10:00:00,2024-06-15 14:00:00,9.300000190734863,8.542110443115234,5.627650562204779,12.73818230970813,9.093042022914453,5.902659083357048,13.758007899004296,8.477865236981097,5.420782628939077,12.990495340163477,8.173509120941162,5.659922512282334,11.635773079460598,-0.36860132217407227,7.831120491027832,5.331099682456511,11.318348002505546,-0.7109899520874023,6.847609758377075,4.685815860770829,9.831335454368022,-1.6945006847381592
2024 H1,2024-06-16 08:00:00,2024-06-16 10:00:00,2024-06-16 14:00:00,9.5,8.594012260437012,5.663699936271741,12.812907563919184,8.86510127393782,5.746769780823812,13.424713797358343,8.75146332679395,5.606131736407589,13.394359786945117,8.22541093826294,5.697602976437602,11.70726367018694,-0.36860132217407227,7.962985515594482,5.4256347548756025,11.502283808117218,-0.6310267448425293,6.8995115756988525,4.723420199571693,9.902970768994031,-1.6945006847381592
2024 H1,2024-06-17 08:00:00,2024-06-17 10:00:00,2024-06-17 14:00:00,8.800000190734863,9.378337860107422,6.2084678922282555,13.942134493609325,8.273089643809366,5.341891405515198,12.559076629307073,9.355876421182245,6.015591567299613,14.286547887233692,9.19300365447998,6.400070530401637,13.040045033814462,-0.1853342056274414,8.780603885650635,6.011791789907819,12.642762825001386,-0.5977339744567871,7.807377338409424,5.381194695501534,11.156014552543162,-1.570960521697998
2024 H1,2024-06-18 08:00:00,2024-06-18 10:00:00,2024-06-18 14:00:00,9.5,8.592486381530762,5.662640108652771,12.810710691149623,7.877487258297259,5.071337850546015,11.980628316400242,8.459691019454874,5.408470499860515,12.963667958759105,8.40715217590332,5.829546221275958,11.95759764900884,-0.1853342056274414,7.994752407073975,5.448408689028441,11.546594790466491,-0.5977339744567871,7.021525859832764,4.81182300925889,10.07137588626789,-1.570960521697998
2024 H1,2024-06-19 08:00:00,2024-06-19 10:00:00,2024-06-19 14:00:00,9.399999618530273,8.164856910705566,5.36562209365224,12.195034351389866,8.746633675908132,5.665749466059784,13.251490923270543,8.488217856375984,5.427796014032942,13.005777080279117,7.979522705078125,5.519089328268377,11.368572349725918,-0.1853342056274414,7.583824157714844,5.153810997639995,10.973399442853585,-0.5810327529907227,6.756691932678223,4.619943317244627,9.705849924474688,-1.4081649780273438
2024 H1,2024-06-20 08:00:00,2024-06-20 10:00:00,2024-06-20 14:00:00,8.899999618530273,9.137025833129883,6.040860128641909,13.59470730337652,8.749546013798888,5.667741221919888,13.255749332727152,8.822809196455815,5.654465017069149,13.499675069668228,8.984421253204346,6.248640732751967,12.752739504802513,-0.1526045799255371,8.654866695404053,5.921649810070504,12.467374609215147,-0.4821591377258301,7.933757781982422,5.472760911544777,11.330445878941592,-1.203268051147461
2024 H1,2024-06-21 07:30:00,2024-06-21 09:30:00,2024-06-21 13:30:00,6.800000190734863,10.856353759765625,7.235051368359061,16.07009685656879,8.548794580254535,5.530446766679749,12.962211345343595,9.916543652377605,6.395415750136507,15.114161710525345,10.703749179840088,7.496864352921249,15.120975830044197,-0.1526045799255371,10.275321006774902,7.083366240797317,14.72771293773266,-0.5810327529907227,9.757926225662231,6.794422689988925,13.84817814992732,-1.0984275341033936
2024 H1,2024-06-22 08:00:00,2024-06-22 10:00:00,2024-06-22 14:00:00,7.699999809265137,8.269497871398926,5.4383024221920735,12.345690393744272,8.35576069982891,5.398430367155154,12.679957934961557,8.502120337687646,5.43721425414009,13.026298853394088,8.364896535873413,5.798868834400782,11.899393893858434,0.0953986644744873,7.787338733673096,5.299712196534699,11.257277731320272,-0.4821591377258301,7.300514459609985,5.013958163073626,10.45643824349148,-0.9689834117889404
2024 H1,2024-06-23 08:00:00,2024-06-23 10:00:00,2024-06-23 14:00:00,9.100000381469727,9.545426368713379,6.324522328466648,14.182698927103393,8.957881670661815,5.81022254826007,13.560376942782373,9.51503342987444,6.123412530262605,14.521483216317533,9.392821788787842,6.545137513329829,13.31527848799086,-0.1526045799255371,9.063267230987549,6.21443536358828,13.037044100967451,-0.4821591377258301,8.576442956924438,5.938404550012763,12.217485236870337,-0.9689834117889404
2024 H1,2024-06-24 08:00:00,2024-06-24 10:00:00,2024-06-24 14:00:00,8.699999809265137,9.368419647216797,6.201579012704959,13.927854820607195,8.587637733297822,5.557011705433768,13.019007656914834,9.033755088895434,5.797370374758511,13.811057163780294,9.064801692962646,6.306996536756284,12.86345711389003,-0.3036179542541504,8.886260509490967,6.0875378538783576,12.790141072479416,-0.4821591377258301,8.534507274627686,5.908020958718537,12.1596052636748,-0.8339123725891113
2024 H1,2024-06-25 10:00:00,2024-06-25 12:00:00,2024-06-25 16:00:00,7.599999904632568,9.173360824584961,6.0660972738186025,13.647020336201631,8.558260795165868,5.536920736984675,12.976052809009152,9.214471574752192,5.919796811950773,14.077816934050567,8.52157974243164,5.9126200718930555,12.115212444571217,-0.6517810821533203,8.69120168685913,5.947698650995848,12.51805754009198,-0.4821591377258301,8.33944845199585,5.766695309042916,11.89038347432624,-0.8339123725891113
2024 H1,2024-06-26 08:00:00,2024-06-26 10:00:00,2024-06-26 14:00:00,8.899999618530273,9.197515487670898,6.082874345026881,13.681796832143748,8.406332657291433,5.433016667375574,12.753904060025297,8.962218066080325,5.748907597336327,13.705459715481624,8.509008407592773,5.903493344617919,12.097896439078049,-0.688507080078125,8.707836627960205,5.95962437100269,12.541261276661125,-0.48967885971069336,8.363603115081787,5.784196047575307,11.923721938741057,-0.8339123725891113
2024 H1,2024-06-27 08:00:00,2024-06-27 10:00:00,2024-06-27 14:00:00,9.399999618530273,8.374762535095215,5.5114159552711595,12.497244407843231,8.563070754132596,5.540210281096042,12.983085912830942,8.577918550373646,5.488563775910028,13.138186342281186,7.68625545501709,5.306178746827081,10.964620233414239,-0.688507080078125,7.950394630432129,5.416608250352851,11.484721041846841,-0.42436790466308594,7.5408501625061035,5.188088196741209,10.788151554917341,-0.8339123725891113
2024 H1,2024-06-28 08:00:00,2024-06-28 10:00:00,2024-06-28 14:00:00,9.300000190734863,9.443952560424805,6.254041804628437,14.036602768791303,9.018917854803995,5.851965361767232,13.649623820547305,9.291779935681138,5.972169384097878,14.19193358756786,8.890775203704834,6.180654161307418,12.623749582226154,-0.5531773567199707,9.075351238250732,6.22309848336164,13.053899833700793,-0.36860132217407227,8.659687995910645,5.998717941933534,12.332380723513142,-0.7842645645141602
2024 H1,2024-06-29 08:00:00,2024-06-29 10:00:00,2024-06-29 14:00:00,8.300000190734863,7.900767803192139,5.1821940844798675,11.814814029412215,8.941029378665181,5.7986972196067414,13.53573558511855,8.454727584144296,5.405108019130395,12.95634131749047,7.212260723114014,4.962060902272013,10.311730505587539,-0.688507080078125,7.476399898529053,5.076797701998713,10.823555557255332,-0.42436790466308594,7.1165032386779785,4.880636814185428,10.202464444761892,-0.7842645645141602
2024 H1,2024-06-30 08:00:00,2024-06-30 10:00:00,2024-06-30 14:00:00,8.800000190734863,8.936243057250977,5.901402711399899,13.305631799994154,8.734804012410029,5.657659126793103,13.234193634014122,8.985074666127481,5.764391807848919,13.739198869653592,8.247735977172852,5.713810844905766,11.738014620770489,-0.688507080078125,8.510406017303467,5.8180848146456015,12.265869386029836,-0.42583703994750977,8.195215702056885,5.66219459067193,11.691312248029943,-0.7410273551940918
2024 H2,2024-07-01 08:00:00,2024-07-01 10:00:00,2024-07-01 14:00:00,8.5,9.322641372680664,5.63963803590264,15.048604507172126,8.967632190830876,4.046530664558506,18.68752358713347,8.88581699999072,4.192103030354882,17.822696157211215,8.676525592803955,5.244775093948169,13.994158498827618,-0.646115779876709,8.896804332733154,5.155640022669116,14.911706279071137,-0.42583703994750977,8.630777359008789,5.092276052003166,14.224502590997837,-0.691864013671875
2024 H2,2024-07-02 08:00:00,2024-07-02 10:00:00,2024-07-02 14:00:00,9.699999809265137,10.55406379699707,6.431702670482828,16.963096230329313,9.135436543768696,4.131488636174482,19.018961595001183,9.858921684921821,4.703184692445941,19.675497378762653,9.801897048950195,5.971036971042612,15.737966007181821,-0.752166748046875,10.003194808959961,5.84379564009768,16.69051888320199,-0.5508689880371094,9.862199783325195,5.871254224366885,16.171156863104027,-0.691864013671875
2024 H2,2024-07-03 08:00:00,2024-07-03 10:00:00,2024-07-03 14:00:00,9.300000190734863,11.367382049560547,6.954838039624493,18.227561642098813,8.601797438043649,3.8613115209588624,17.964946731707656,10.808577219228138,5.201950689982587,21.48365117892694,10.721266269683838,6.564354681693789,17.162564917443092,-0.646115779876709,10.816513061523438,6.349665435874921,17.9981410924635,-0.5508689880371094,10.715600967407227,6.4111021933027175,17.52022849604589,-0.6517810821533203
2024 H2,2024-07-04 08:00:00,2024-07-04 10:00:00,2024-07-04 14:00:00,10.100000381469727,8.524582862854004,5.126317903446577,13.807863408514233,9.166460049825194,4.147195583585749,19.080237532510658,9.018478785339251,4.261777965438248,18.07528554636245,7.9737138748168945,4.791213423477894,12.905123990184547,-0.5508689880371094,7.9737138748168945,4.581493825951891,13.427596485488856,-0.5508689880371094,7.878467082977295,4.616376578109163,13.035237247223492,-0.646115779876709
2024 H2,2024-07-05 08:00:00,2024-07-05 10:00:00,2024-07-05 14:00:00,10.100000381469727,9.189123153686523,5.553757628619898,14.841023810160799,8.11792786634989,3.616332313816208,17.009233938193862,9.000427047750216,4.252297061488753,18.040914854314593,8.638254165649414,5.220076512539747,13.934855411244373,-0.5508689880371094,8.543007373809814,4.935584472713053,14.342884960234157,-0.646115779876709,8.543007373809814,5.036754160157936,14.085754251454544,-0.646115779876709
2024 H2,2024-07-06 08:00:00,2024-07-06 10:00:00,2024-07-06 14:00:00,8.899999618530273,8.314004898071289,4.990871808400149,13.480477969776917,8.984645515003372,4.055144371454868,18.721127377334483,8.752105622539538,4.121876841861017,17.568108334016816,7.888167858123779,4.736006042552976,12.772567059400028,-0.42583703994750977,7.76313591003418,4.450517997358268,13.089037228195567,-0.5508689880371094,7.688643455505371,4.496297180918052,12.735160711285758,-0.625361442565918
2024 H2,2024-07-07 08:00:00,2024-07-07 10:00:00,2024-07-07 14:00:00,8.800000190734863,8.516953468322754,5.1214105918107515,13.796001993296874,8.682521825168832,3.9021816180095614,18.124389139408652,8.81285749273318,4.1537841661957104,17.683780513022192,7.998178005218506,4.807001424115302,12.943032126246372,-0.518775463104248,7.870837688446045,4.517506628780631,13.26219605868342,-0.646115779876709,7.891592025756836,4.624679207440006,13.055985388095728,-0.625361442565918
2024 H2,2024-07-08 08:00:00,2024-07-08 10:00:00,2024-07-08 14:00:00,7.5,6.931516647338867,4.101639949774826,11.331124294608491,8.768914094547007,3.9459213174939403,18.295026439076803,7.411276233282868,3.41766348901876,15.015155533791898,6.412741184234619,3.7838349706445142,10.4863351686743,-0.518775463104248,6.380647659301758,3.5906343701826136,10.866325104124893,-0.5508689880371094,6.33378267288208,3.6392338731412366,10.593372906774347,-0.5977339744567871
2024 H2,2024-07-09 08:00:00,2024-07-09 10:00:00,2024-07-09 14:00:00,9.399999618530273,9.082632064819336,5.485261372807066,14.675462176556957,8.843545000531881,3.983706334874789,18.442433335095505,9.010611654406661,4.257646091021057,18.060306449017908,8.563856601715088,5.172063819362664,13.819573448223728,-0.518775463104248,8.436516284942627,4.869348869113175,14.171672630433028,-0.646115779876709,8.484898090362549,4.999995154861891,13.993894072008452,-0.5977339744567871
2024 H2,2024-07-10 08:00:00,2024-07-10 10:00:00,2024-07-10 14:00:00,9.300000190734863,8.014959335327148,4.798522367866569,13.015552008209859,8.97176306425506,4.0486220919915645,18.695682663072184,8.704451303607682,4.096848446763694,17.477374025882852,7.488337993621826,4.4779746287245175,12.153014896445448,-0.5266213417053223,7.3688435554504395,4.205275016199132,12.455108949602709,-0.646115779876709,7.433926582336426,4.335167352182399,12.332499788810587,-0.5810327529907227
2024 H2,2024-07-11 08:00:00,2024-07-11 10:00:00,2024-07-11 14:00:00,10.800000190734863,8.677035331726074,5.224377031381523,14.044881172741226,9.054197003892972,4.090357721499019,18.858501685677627,8.808216105850649,4.151346476028285,17.67494326517125,8.465574741363525,5.108637323165851,13.6672818247957,-0.21146059036254883,8.126166343688965,4.676316607871483,13.67270377716163,-0.5508689880371094,8.096002578735352,4.753986060902134,13.379121192967974,-0.5810327529907227
2024 H2,2024-07-11 14:00:00,2024-07-11 16:00:00,2024-07-11 20:00:00,7.099999904632568,7.858516216278076,4.697896409239111,12.77232998248574,8.244234428061006,3.6802802930962266,17.258707771626913,8.868262773684423,4.1828834229516145,17.789272731707925,7.854948997497559,4.714568150253884,12.721093123160932,-0.003567218780517578,7.307647228240967,4.167211965910762,12.356719818002473,-0.5508689880371094,7.342794418334961,4.277518599686423,12.188436457758115,-0.5157217979431152
2024 H2,2024-07-12 08:00:00,2024-07-12 10:00:00,2024-07-12 14:00:00,6.5,7.694478988647461,4.592385835292144,12.517301400589648,8.070541864185115,3.592341168435127,16.915639690587383,8.363868134543765,3.917971687848746,16.82890020651554,7.690911769866943,4.608706228661926,12.46691096168028,-0.003567218780517578,7.260796070098877,4.138071361077951,12.281394304621799,-0.433682918548584,7.260796070098877,4.2256477532697305,12.058812023650516,-0.433682918548584
2024 H2,2024-07-13 08:00:00,2024-07-13 10:00:00,2024-07-13 14:00:00,8.5,8.004241943359375,4.791628821846145,12.99888968518328,8.726552183783966,3.924473828503362,18.2113555028528,8.958318218988142,4.2301811981847415,17.960739215889834,7.802700042724609,4.680849129069917,12.640131304608381,-0.20154190063476562,7.570559024810791,4.3307385269082666,12.779419423216012,-0.433682918548584,7.570559024810791,4.421598854664868,12.548490762012715,-0.433682918548584
2024 H2,2024-07-14 08:00:00,2024-07-14 10:00:00,2024-07-14 14:00:00,7.099999904632568,8.149205207824707,4.884870809996577,13.224263987697537,8.812746217062651,3.9681131626717105,18.381601257386688,8.771000633628333,4.131800639189331,17.604084627388605,8.373288631439209,5.049080202663706,13.524280853406298,0.22408342361450195,7.747615814208984,4.440864767911137,13.064084607340291,-0.40158939361572266,7.747615814208984,4.533602153846753,12.828385255308739,-0.40158939361572266
2024 H2,2024-07-15 08:00:00,2024-07-15 10:00:00,2024-07-15 14:00:00,6.800000190734863,9.707175254821777,5.88697451672958,15.646439108926542,9.266793712466596,4.197993696468875,19.27841111195446,9.144640065348712,4.328038787811471,18.315497907204776,9.505633354187012,5.77984229847604,15.278893713709978,-0.20154190063476562,9.305585861206055,5.40989501777628,15.56892970136893,-0.40158939361572266,9.305585861206055,5.519149140682651,15.291251764730895,-0.40158939361572266
2024 H2,2024-07-16 08:00:00,2024-07-16 10:00:00,2024-07-16 14:00:00,6.199999809265137,8.215825080871582,4.927721455200591,13.327837865375479,8.874751088962757,3.999505722249075,18.504069899354977,8.807067365884041,4.150743149438109,17.672756052586273,8.014283180236816,4.817394947583353,12.967987730875317,-0.20154190063476562,7.814235687255859,4.482301169303467,13.171193510035767,-0.40158939361572266,7.814235687255859,4.575744822296182,12.933699124792529,-0.40158939361572266
2024 H2,2024-07-17 08:00:00,2024-07-17 10:00:00,2024-07-17 14:00:00,8.800000190734863,8.56700325012207,5.153603169555712,13.873814359799626,9.307815473232681,4.21876267847552,19.359435056980335,8.902380777450153,4.200802446815993,17.854233758032148,7.998720645904541,4.807351618925269,12.9438729694164,-0.5682826042175293,8.040381908416748,4.622960182369848,13.534782818893017,-0.5266213417053223,8.165413856506348,4.797894527429773,13.488847764237997,-0.40158939361572266
2024 H2,2024-07-18 08:00:00,2024-07-18 10:00:00,2024-07-18 14:00:00,6.699999809265137,9.649189949035645,5.8496777214694085,15.556289387920838,8.503610807769602,3.8116004330052506,17.771013853522245,8.87201473862242,4.184853982241188,17.796416511126512,9.447648048400879,5.742421305794794,15.189043192753696,-0.20154190063476562,9.247600555419922,5.3738291669194265,15.475703128108362,-0.40158939361572266,9.247600555419922,5.48246856167638,15.199587571356622,-0.40158939361572266
2024 H2,2024-07-19 08:00:00,2024-07-19 10:00:00,2024-07-19 14:00:00,8.600000381469727,8.64818286895752,5.205818805602744,14.000024265742992,8.993831084452532,4.0597949501489,18.739270213238687,9.160839714631988,4.336546961504598,18.34634220427327,7.8913044929504395,4.738030279336777,12.777427398918883,-0.7568783760070801,8.121561527252197,4.67345249220321,13.665300328114089,-0.5266213417053223,8.214499950408936,4.82894560702818,13.566443926618687,-0.433682918548584
2024 H2,2024-07-20 08:00:00,2024-07-20 10:00:00,2024-07-20 14:00:00,10.399999618530273,8.733633995056152,5.260781922751884,14.132875081531175,8.930440897775984,4.0277010170291,18.614065373062566,9.195848301823526,4.354933726265244,18.41299891050201,7.8674702644348145,4.7226487877889705,12.740495320702056,-0.8661637306213379,8.422806739807129,4.860821770679033,14.149630944240021,-0.31082725524902344,8.33204460144043,4.9033024772812706,13.752260582686734,-0.40158939361572266
2024 H2,2024-07-21 08:00:00,2024-07-21 10:00:00,2024-07-21 14:00:00,7.900000095367432,8.365886688232422,5.024242754351663,13.561138558608736,9.1937758657871,4.1610253578230045,19.134190242718663,9.111832970865793,4.3108082630422935,18.253032865493658,7.499722957611084,4.485321949711143,12.170656347699952,-0.8661637306213379,8.253034114837646,4.755226153156387,13.876676963144659,-0.11285257339477539,7.964297294616699,4.670671400159013,13.170919158535426,-0.40158939361572266
2024 H2,2024-07-22 08:00:00,2024-07-22 10:00:00,2024-07-22 14:00:00,8.800000190734863,8.335368156433105,5.00461289439441,13.51369141506241,9.355488002913154,4.242898890394625,19.45359523811202,8.852102872183444,4.174396125083007,17.758504114821356,7.12225604057312,4.241722531748455,11.585756454876844,-1.2131121158599854,8.024540901184082,4.6131073516133325,13.509314248860052,-0.31082725524902344,7.9016852378845215,4.6310640123463065,13.071940915719436,-0.433682918548584
2024 H2,2024-07-23 08:00:00,2024-07-23 10:00:00,2024-07-23 14:00:00,8.0,9.139530181884766,5.521858876159133,14.763921645894186,8.650064808555458,3.885748895926362,18.060281810013855,8.608114169502636,4.046251482858437,17.293947142306365,8.580362558364868,5.18271598847024,13.845150079816129,-0.5591676235198975,8.828702926635742,5.113282133508191,14.802215423782647,-0.31082725524902344,8.705847263336182,5.139764075379818,14.34317441886117,-0.433682918548584
2024 H2,2024-07-24 08:00:00,2024-07-24 10:00:00,2024-07-24 14:00:00,6.599999904632568,8.712271690368652,5.247041450171576,14.099663118922578,9.059577189437077,4.0930816654417255,18.86912833479297,9.207506954976578,4.36105693574463,18.435197104733454,7.795500040054321,4.676202585543466,12.62897461616738,-0.916771650314331,8.401444435119629,4.8475347890140625,14.115285441772391,-0.31082725524902344,8.161402702331543,4.795357135316019,13.48250686102211,-0.5508689880371094
2024 H2,2024-07-25 08:00:00,2024-07-25 10:00:00,2024-07-25 14:00:00,7.5,8.075197219848633,4.83726804688722,13.109203812058489,9.255599798456501,4.192326309347553,19.25630150338474,8.711378742396672,4.100486788028655,17.4905639398245,7.158425569534302,4.265064646792784,11.64180256821273,-0.916771650314331,7.5069146156311035,4.2911528122478435,12.677094358364243,-0.5682826042175293,7.524328231811523,4.392353992847864,12.475408309624505,-0.5508689880371094
2024 H2,2024-07-26 08:00:00,2024-07-26 10:00:00,2024-07-26 14:00:00,8.399999618530273,8.505167007446289,5.113829408747358,13.777677589462964,8.911227120360842,4.01797323865093,18.576115367603233,9.02942756231614,4.2675283427839386,18.09613212913141,7.588395357131958,4.542546951261322,12.308057732126201,-0.916771650314331,7.93688440322876,4.558586535709538,13.368383459281437,-0.5682826042175293,7.85905122756958,4.604094417851462,13.00454432079168,-0.646115779876709
2024 H2,2024-07-27 08:00:00,2024-07-27 10:00:00,2024-07-27 14:00:00,9.300000190734863,9.262367248535156,5.600869047151718,14.954896361601211,8.564213261335158,3.842282959648579,17.89071251526737,8.909985460702698,4.204796481801716,17.868713152323448,8.345595598220825,5.03120841981567,13.48136940493159,-0.916771650314331,8.445744276046753,4.875088518949589,14.186509044194297,-0.8166229724884033,8.616251468658447,5.083087205597884,14.20153980751407,-0.646115779876709
2024 H2,2024-07-28 08:00:00,2024-07-28 10:00:00,2024-07-28 14:00:00,6.599999904632568,8.611560821533203,5.182263096336834,13.943087990022786,9.059378114399738,4.0929808753783234,18.868735132634413,8.558329207923713,4.02010405873757,17.19915606889286,7.694789171218872,4.61120852136601,12.472919148180365,-0.916771650314331,7.953785181045532,4.569098525322092,13.39555588822589,-0.6577756404876709,7.965445041656494,4.671397446618571,13.172733537284907,-0.646115779876709
2024 H2,2024-07-29 08:00:00,2024-07-29 10:00:00,2024-07-29 14:00:00,7.0,9.259315490722656,5.598906122497391,14.950151795514273,9.499270221402172,4.315694651788244,19.737586035898165,8.92384047605807,4.212073236693326,17.895093242536323,8.342543840408325,5.029238958669984,13.47664058569768,-0.916771650314331,8.342543840408325,4.810899644378057,14.020587301726403,-0.916771650314331,8.57153844833374,5.0548024625514545,14.130856676920457,-0.687777042388916
2024 H2,2024-07-30 08:00:00,2024-07-30 10:00:00,2024-07-30 14:00:00,8.199999809265137,10.13138198852539,6.159829018062811,16.305953069811213,8.64401662750577,3.882686751321937,18.048335772600424,9.401857815927427,4.463131422263643,18.805243121524345,8.972499370574951,5.435782667705897,14.45278155447223,-1.1588826179504395,8.972499370574951,5.20272101859376,15.03340588718991,-1.1588826179504395,9.443604946136475,5.606457811052281,15.509434766767047,-0.687777042388916
2024 H2,2024-07-31 07:00:00,2024-07-31 09:00:00,2024-07-31 13:00:00,8.100000381469727,9.256263732910156,5.59694319784306,14.945407229427328,9.206619046955316,4.167527755419046,19.159557393847656,8.597817846959096,4.040843779329242,17.27434283941729,8.097381114959717,4.871022451395467,13.096751261980636,-1.1588826179504395,8.097381114959717,4.658412696662347,13.62642397922718,-1.1588826179504395,8.464744091033936,4.987246056540461,13.962034274656743,-0.7915196418762207
2024 H2,2024-08-01 08:00:00,2024-08-01 10:00:00,2024-08-01 14:00:00,7.400000095367432,8.34528636932373,5.0109923995209815,13.529111254844972,9.179156836223736,4.1536238627070965,19.10531553267323,9.110957498398776,4.310348458531549,18.25136595700843,7.186403751373291,4.283120451166621,11.685155865734606,-1.1588826179504395,7.186403751373291,4.091800633767339,12.161789158841003,-1.1588826179504395,7.6575093269348145,4.476602228078864,12.68594333210426,-0.687777042388916
2024 H2,2024-08-02 08:00:00,2024-08-02 10:00:00,2024-08-02 14:00:00,7.400000095367432,8.507797241210938,5.115521204433808,13.781766812359145,8.056828274682623,3.585398090217498,16.88855335637824,8.76253230896794,4.127353013451236,17.58796085106913,7.043574094772339,4.190944899759811,11.463835672978595,-1.4642231464385986,7.348914623260498,4.19287956727713,12.423067969019407,-1.1588826179504395,7.716277599334717,4.5137780992690155,12.778845252901327,-0.7915196418762207
2024 H2,2024-08-03 08:00:00,2024-08-03 10:00:00,2024-08-03 14:00:00,10.100000381469727,8.602404594421387,5.176373708959891,13.928852809085056,9.022635646828274,4.074378464520756,18.796163414184754,9.203293817675736,4.358844165374005,18.427175248443536,7.138181447982788,4.252000041645897,11.610433502497798,-1.4642231464385986,7.443521976470947,4.251723694157043,12.575174079791553,-1.1588826179504395,7.916935920715332,4.640711350907187,13.096049463930752,-0.6854686737060547
2024 H2,2024-08-03 21:00:00,2024-08-03 23:00:00,2024-08-04 03:00:00,8.399999618530273,9.63165283203125,5.838397652260513,15.529024442366847,8.912146455635863,4.0184386905825,18.577931188508835,9.31178863190662,4.41582643135632,18.633750478685297,8.497618675231934,5.129316972923856,13.716935165629746,-1.1340341567993164,8.714881181716919,5.042486989447901,14.619217143486292,-0.916771650314331,9.08078384399414,5.376942972390218,14.935880773800148,-0.5508689880371094
2024 H2,2024-08-04 08:00:00,2024-08-04 10:00:00,2024-08-04 14:00:00,10.100000381469727,9.717987060546875,5.8939287907315,15.663248216966439,8.906568737937546,4.015614737725502,18.566914384653554,9.313288450262823,4.416614146871611,18.636606148096313,8.876167297363281,5.373614472544198,14.303511203207872,-0.8418197631835938,8.826063871383667,5.111640687079066,14.797972450938737,-0.891923189163208,9.03251838684082,5.3464110145021975,14.859581888456376,-0.6854686737060547
2024 H2,2024-08-05 08:00:00,2024-08-05 10:00:00,2024-08-05 14:00:00,7.400000095367432,9.615913391113281,5.828273868355809,15.504554342773446,9.113813387877586,4.120541009177431,18.976252716555,9.163395085716772,4.337889060994503,18.35120765681987,8.829901218414307,5.343756518390688,14.231820086987796,-0.7860121726989746,8.774093627929688,5.07931610028946,14.714416666537048,-0.8418197631835938,8.869290828704834,5.243155866304986,14.601548887679032,-0.7466225624084473
2024 H2,2024-08-06 08:00:00,2024-08-06 10:00:00,2024-08-06 14:00:00,7.0,7.747123718261719,4.626247512407239,12.599148130943199,8.973190540265643,4.049344811422058,18.69850213585071,8.58781484660208,4.035590130747001,17.25529702495595,6.961111545562744,4.137727443912796,11.336056696815339,-0.7860121726989746,6.905303955078125,3.9169614535366417,11.70984757816713,-0.8418197631835938,7.061655044555664,4.099674318762556,11.744006380623102,-0.6854686737060547
2024 H2,2024-08-07 08:00:00,2024-08-07 10:00:00,2024-08-07 14:00:00,8.0,9.086348533630371,5.487651846987668,14.681240168444715,8.851958696120851,3.9879661201456633,18.459051607839875,9.187461425353082,4.350528877709232,18.397030212364932,8.300336360931396,5.002000233976086,13.411238429619708,-0.7860121726989746,8.244528770446777,4.749935976996608,13.863002393334053,-0.8418197631835938,8.339725971221924,4.9081615892118995,13.764403427421007,-0.7466225624084473
2024 H2,2024-08-08 08:00:00,2024-08-08 10:00:00,2024-08-08 14:00:00,9.699999809265137,9.363842010498047,5.666138745563996,15.11265911469964,9.159413757286359,4.14362810329676,19.066320079709005,9.080462783100984,4.294332412138254,18.1933037087945,8.577829837799072,5.181081489583473,13.84122552929099,-0.7860121726989746,8.471918821334839,4.891368630502124,14.228591484405303,-0.891923189163208,8.577829837799072,5.058782295117889,14.140802216272617,-0.7860121726989746
2024 H2,2024-08-09 08:00:00,2024-08-09 10:00:00,2024-08-09 14:00:00,7.699999809265137,8.455916404724121,5.082150871896252,13.701107706204235,9.18866143602622,4.158435963860038,19.124088499935183,9.39408193465238,4.459047472830644,18.790437764456236,7.821327209472656,4.692870227537896,12.66899483500735,-0.6345891952514648,7.563993215560913,4.326654707844967,12.76886316437164,-0.891923189163208,7.709293842315674,4.509360286038151,12.76780520671732,-0.7466225624084473
2024 H2,2024-08-10 08:00:00,2024-08-10 10:00:00,2024-08-10 14:00:00,6.199999809265137,8.365886688232422,5.024242754351663,13.561138558608736,8.454675222308767,3.786824746273612,17.674358953485246,9.035079821513948,4.2704969504477575,18.10689408815636,7.579874515533447,4.537048000332755,12.294854351610525,-0.7860121726989746,7.463307857513428,4.264030167755397,12.606985068170834,-0.9025788307189941,7.579874515533447,4.427491685422627,12.563216853932058,-0.7860121726989746
2024 H2,2024-08-11 08:00:00,2024-08-11 10:00:00,2024-08-11 14:00:00,8.0,9.238716125488281,5.585656381080663,14.918125974427408,8.310095887738536,3.7136254115267584,17.38879373548072,8.638654130018041,4.062291292369285,17.352095537875,8.452703952789307,5.100331120783921,13.647338029676689,-0.7860121726989746,8.249107360839844,4.752783780522214,13.870363677144196,-0.9896087646484375,8.396896362304688,4.944326666182697,13.854779389269371,-0.8418197631835938
2024 H2,2024-08-12 08:00:00,2024-08-12 10:00:00,2024-08-12 14:00:00,7.400000095367432,7.876827239990234,4.709674263872066,12.800798120345844,8.92769229213737,4.026309420471915,18.60863647708145,8.373808139471548,3.923192250773119,16.847826077038643,6.947977542877197,4.129251375507053,11.31570504103741,-0.9288496971130371,6.655763149261475,3.761751416040645,11.308645344263747,-1.2210640907287598,7.035007476806641,4.082817492694446,11.701881435863651,-0.8418197631835938
2024 H2,2024-08-13 08:00:00,2024-08-13 10:00:00,2024-08-13 14:00:00,8.0,9.55612564086914,5.789817720721674,15.411602362422645,9.307344010245275,4.218523980620544,19.3585038489956,9.861334803209921,4.704452079731813,19.68009198053693,8.030076503753662,4.827587216740583,12.992460109288803,-1.5260491371154785,8.33506155014038,4.806245790074578,14.008557559494914,-1.2210640907287598,8.664202451705933,5.113420232185498,14.277341566648753,-0.891923189163208
2024 H2,2024-08-14 08:00:00,2024-08-14 10:00:00,2024-08-14 14:00:00,7.400000095367432,8.12021255493164,4.866222412366492,13.17918912719469,8.686189812987285,3.904038690245842,18.13163394893919,8.52930814778145,4.004861986756175,17.143899675089656,6.594163417816162,3.900916358472495,10.767456083350114,-1.5260491371154785,7.155452251434326,4.072549339573739,12.112026512296943,-0.9647603034973145,7.278392791748047,4.236779158544791,12.086629231374694,-0.8418197631835938
2024 H2,2024-08-15 08:00:00,2024-08-15 10:00:00,2024-08-15 14:00:00,9.0,9.144108772277832,5.524803876554583,14.771039977701506,8.541777898964359,3.830924119152952,17.84639941087058,8.705071724428521,4.097174296293781,17.478555313438576,7.297841310501099,4.355037017407009,11.857832763889805,-1.8462674617767334,8.179348468780518,4.709394963944604,13.758207978851742,-0.9647603034973145,8.252185583114624,4.852784936822537,13.626018039006864,-0.891923189163208
2024 H2,2024-08-16 08:00:00,2024-08-16 10:00:00,2024-08-16 14:00:00,8.100000381469727,9.56602668762207,5.796186184397065,15.426995514020968,9.262276778690426,4.195706809836742,19.269489510659653,9.251767934767393,4.3843031244307635,18.519470460615295,7.719759225845337,4.627323021733977,12.51161123380581,-1.8462674617767334,8.601266384124756,4.97182056302249,14.436551585245091,-0.9647603034973145,8.674103498458862,5.11968347634265,14.292993315861143,-0.891923189163208
2024 H2,2024-08-17 08:00:00,2024-08-17 10:00:00,2024-08-17 14:00:00,6.699999809265137,8.587145805358887,5.166559085688242,13.905129978650344,8.94751207054166,4.036344012195114,18.64778342265044,8.977436972050155,4.240222506425627,17.997141516255244,6.994285821914673,4.159136563615466,11.387461547960946,-1.5928599834442139,7.622385501861572,4.362973693497605,12.86274406545266,-0.9647603034973145,7.670374155044556,4.48474031302097,12.706280279121971,-0.916771650314331
2024 H2,2024-08-18 08:00:00,2024-08-18 10:00:00,2024-08-18 14:00:00,6.699999809265137,9.419960021972656,5.702234476301301,15.199905754330898,8.998437537306538,4.0621271595580675,18.748368627734717,9.266536644236927,4.392059758120348,18.547590233718452,7.827100038528442,4.6965957402504355,12.677940061578497,-1.5928599834442139,8.455199718475342,4.880969639550604,14.201711145559958,-0.9647603034973145,8.430351257324219,4.965489698838533,13.907665476956781,-0.9896087646484375
2024 H2,2024-08-19 08:00:00,2024-08-19 10:00:00,2024-08-19 14:00:00,8.5,9.12503433227539,5.512534984051069,14.741384956981216,8.874995556265723,3.999629494045353,18.504552757841463,8.60337221349733,4.043760973055861,17.284918409822353,7.532174348831177,4.506264553304927,12.220941059789524,-1.5928599834442139,8.115010738372803,4.6693780155488955,13.654768218451139,-1.010023593902588,8.115010738372803,4.76601031932231,13.409169626740537,-1.010023593902588
2024 H2,2024-08-20 08:00:00,2024-08-20 10:00:00,2024-08-20 14:00:00,8.699999809265137,9.041871070861816,5.459043446978722,14.612091083081339,9.15477807712701,4.141281096341913,19.05716393703317,9.122909303356733,4.3166256334722215,18.274122315259255,7.47333288192749,4.468291034453823,12.129763883374721,-1.5685381889343262,7.911158561706543,4.542585510088852,13.327022427950391,-1.1307125091552734,7.911158561706543,4.6370566858037385,13.086916512984054,-1.1307125091552734
2024 H2,2024-08-21 08:00:00,2024-08-21 10:00:00,2024-08-21 14:00:00,6.800000190734863,8.60847282409668,5.180276861952235,13.938287082213563,8.358173348446106,3.7379666367134234,17.483753714297006,8.924939920951093,4.212650673152121,17.897186596799607,7.256908893585205,4.328621158198042,11.794406367597997,-1.3515639305114746,7.598449230194092,4.348085749175769,12.824260236593949,-1.010023593902588,7.598449230194092,4.4392417534681705,12.592580090245843,-1.010023593902588
2024 H2,2024-08-22 08:00:00,2024-08-22 10:00:00,2024-08-22 14:00:00,9.0,6.77510929107666,4.00103699417066,11.087957869268202,8.420293635744471,3.769417630163078,17.606450318466557,7.93473809516747,3.6925894682644613,16.01183224509975,5.4235453605651855,3.145454450338523,8.953537179951164,-1.3515639305114746,5.644396781921387,3.132699140268226,9.682608894859433,-1.1307125091552734,5.644396781921387,3.2031393609822554,9.503579539958457,-1.1307125091552734
2024 H2,2024-08-23 08:00:00,2024-08-23 10:00:00,2024-08-23 14:00:00,6.5,7.100515842437744,4.210342116526943,11.593867244426573,8.309366114393194,3.713255933249979,17.387352326962162,7.456188297130221,3.4412516317895143,15.100668560342244,6.011569976806641,3.524937917096866,9.864704541890818,-1.0889458656311035,5.969803333282471,3.335096350908424,10.205785194245069,-1.1307125091552734,6.090492248535156,3.4853322335665258,10.208775115987505,-1.010023593902588
2024 H2,2024-08-24 08:00:00,2024-08-24 10:00:00,2024-08-24 14:00:00,8.300000190734863,9.716330528259277,5.892863290692571,15.66067280718737,8.840542813602653,3.9821863521839114,18.436503579176474,9.232719489539143,4.374298742375822,18.483202027080765,8.55432915687561,5.165915253984323,13.804810296238866,-1.162001371383667,8.55432915687561,4.942626424703281,14.361087693221657,-1.162001371383667,8.70630693435669,5.140054855931133,14.343901074912063,-1.010023593902588
2024 H2,2024-08-25 08:00:00,2024-08-25 10:00:00,2024-08-25 14:00:00,7.5,8.57036018371582,5.155762386675476,13.879033382495265,8.423026683533099,3.7708013499080435,17.61184848543071,8.825654779639011,4.160505394408224,17.708146677504633,7.529047727584839,4.50424677881551,12.21609623670878,-1.0413124561309814,7.408358812332153,4.2298528181430015,12.518640079440683,-1.162001371383667,7.622518062591553,4.45446731270899,12.630628524711486,-0.9478421211242676
2024 H2,2024-08-26 08:00:00,2024-08-26 10:00:00,2024-08-26 14:00:00,6.099999904632568,8.689382553100586,5.23231890185015,14.064077390593614,8.64045309107154,3.8808825619673017,18.04129726974846,9.222854050203075,4.369117341842853,18.464418130203004,7.6480700969696045,4.581058225323689,12.40052609785526,-1.0413124561309814,7.527381181716919,4.303882660094562,12.709999726314336,-1.162001371383667,7.741540431976318,4.52975896400827,12.818781183997089,-0.9478421211242676
2024 H2,2024-08-27 08:00:00,2024-08-27 10:00:00,2024-08-27 14:00:00,17.299999237060547,8.632110595703125,5.1954809402279265,13.97503671191073,8.876238394128352,4.000258732691478,18.507007543418112,9.259077967349947,4.38814240674035,18.53338883703282,7.5907981395721436,4.544097594185248,12.311780938394904,-1.0413124561309814,7.470109224319458,4.268260499518306,12.617920047511172,-1.162001371383667,7.684268474578857,4.4935296378077725,12.72824466432835,-0.9478421211242676
2024 H2,2024-08-27 12:00:00,2024-08-27 14:00:00,2024-08-27 18:00:00,8.0,10.633246421813965,6.482633817709184,17.086201410839536,9.458021972550268,4.294811000715931,19.656114743955147,9.895299143262948,4.722290398296024,19.74476042958863,9.591933965682983,5.835536659442061,15.412619918937885,-1.0413124561309814,9.471245050430298,5.512932149867387,15.835270256637568,-1.162001371383667,9.685404300689697,5.759416223672676,15.891675448143989,-0.9478421211242676
2024 H2,2024-08-28 08:00:00,2024-08-28 10:00:00,2024-08-28 14:00:00,6.900000095367432,8.559906005859375,5.1490381429064875,13.862780278293684,8.523597320156359,3.82171944078025,17.81049012296172,8.551212522542201,4.0163663237850145,17.185605827513445,7.96774959564209,4.787364357851295,12.89588210409428,-0.5921564102172852,7.397904634475708,4.223350501490708,12.50183224917059,-1.162001371383667,7.612063884735107,4.447854166643618,12.614102376101757,-0.9478421211242676
2024 H2,2024-08-29 07:30:00,2024-08-29 09:30:00,2024-08-29 13:30:00,7.0,8.226263999938965,4.93443588434631,13.34406724674663,8.307914686115202,3.712521086982374,17.38448554497113,8.65166661572172,4.069125544556492,17.376871443058224,7.63410758972168,4.572047478989722,12.378890641543123,-0.5921564102172852,7.064262628555298,4.015830981468014,11.965415298599273,-1.162001371383667,7.216240406036377,4.1974625512833965,11.98837764460959,-1.010023593902588
2024 H2,2024-08-30 08:00:00,2024-08-30 10:00:00,2024-08-30 14:00:00,5.800000190734863,8.723715782165527,5.254402417625313,14.117455241748612,8.703788453094678,3.912948737813427,18.16639382325864,8.97204698797363,4.2373916475641575,17.986878931729883,7.824589014053345,4.694975243001502,12.674049130002597,-0.8991267681121826,7.56171441078186,4.325237330939234,12.765199388561534,-1.162001371383667,7.640636682510376,4.46592886250004,12.659270758418758,-1.0830790996551514
2024 H2,2024-08-31 08:00:00,2024-08-31 10:00:00,2024-08-31 14:00:00,7.0,9.059881210327148,5.470627769509039,14.640091436378805,9.226334574331574,4.1775095656993,19.198498428470696,9.096616145776583,4.302816275768187,18.224059875690994,8.225034236907959,4.953403780206289,13.294554815023014,-0.8348469734191895,8.009793043136597,4.6039344406217015,13.485603202586166,-1.0500881671905518,7.976802110671997,4.678581747221199,13.19068699215228,-1.0830790996551514
2024 H2,2024-09-01 02:00:00,2024-09-01 04:00:00,2024-09-01 08:00:00,7.099999904632568,13.262580871582031,8.173851054800467,21.17402614270393,8.880439104598391,4.002385518049738,18.51530455768171,12.175714918825406,5.919981358868936,24.086695269730175,12.21249270439148,7.5267221770915835,19.473279161435375,-1.0500881671905518,12.21249270439148,7.21794047411615,20.24254416461604,-1.0500881671905518,12.17950177192688,7.337142478673944,19.834388688994952,-1.0830790996551514
2024 H2,2024-09-02 22:00:00,2024-09-03 00:00:00,2024-09-03 04:00:00,5.900000095367432,,,,8.208788611079834,3.66233436582873,17.1886971267193,8.208788611079834,3.8365227935667847,16.533627215889737,,,,-1.303910493850708,,,,-1.162001371383667,,,,-1.0830790996551514
2024 H2,2024-09-03 08:00:00,2024-09-03 10:00:00,2024-09-03 14:00:00,5.0,9.953360557556152,6.045323648594355,16.02918325516016,8.4053761496444,3.761865028943363,17.576986113344088,9.665732933357015,4.601720554233484,19.307664030067375,8.649450063705444,5.22730181925383,13.952203897369772,-1.303910493850708,8.9032723903656,5.159663041927921,14.922105376576093,-1.0500881671905518,8.934561252593994,5.284444894754185,14.704729524150345,-1.0187993049621582
2024 H2,2024-09-04 08:00:00,2024-09-04 10:00:00,2024-09-04 14:00:00,12.100000381469727,13.411358833312988,8.269546698768812,21.40533115282687,9.13620975656899,4.131880107492063,19.02048880276249,12.558386820347994,6.120963426363101,24.815306463956073,12.10744833946228,7.458931478087256,19.310508770136213,-1.303910493850708,12.361270666122437,7.310477776555604,20.481743723208115,-1.0500881671905518,12.39255952835083,7.471919415027994,20.17119414548019,-1.0187993049621582
2024 H2,2024-09-05 08:00:00,2024-09-05 10:00:00,2024-09-05 14:00:00,6.099999904632568,9.14029312133789,5.522349607322716,14.765107787415923,9.192980096976042,4.160622466581633,19.13261848355483,9.408064172877065,4.466391046099054,18.81706008830679,8.57011604309082,5.176103368809446,13.829272699799276,-0.5701770782470703,8.163260459899902,4.699388502462585,13.73234228894649,-0.9770326614379883,8.163260459899902,4.796532323104318,13.485443636929038,-0.9770326614379883
2024 H2,2024-09-06 08:00:00,2024-09-06 10:00:00,2024-09-06 14:00:00,4.0,7.039857387542725,4.171325921952367,11.499561580064086,8.115743273531574,3.615226272337537,17.00491904958086,7.443640457322875,3.434661415008424,15.07677734567346,5.735946893692017,3.3470637257619718,9.437615691195317,-1.303910493850708,6.062824726104736,3.3929540380334795,10.355341458115268,-0.9770326614379883,6.062824726104736,3.4678302004452397,10.165037808891064,-0.9770326614379883
2024 H2,2024-09-06 22:00:00,2024-09-07 00:00:00,2024-09-07 04:00:00,19.5,,,,8.650402316633397,3.885919773506137,18.06094843756572,8.650402316633397,4.068461525474634,17.374464204729673,,,,-1.8145291805267334,,,,-1.0500881671905518,,,,-1.0187993049621582
2024 H2,2024-09-07 00:00:00,2024-09-07 02:00:00,2024-09-07 06:00:00,7.599999904632568,,,,8.20816000483292,3.662016107626555,17.1874555379371,8.20816000483292,3.8361926449913546,16.532430343199483,,,,-1.8145291805267334,,,,-1.0500881671905518,,,,-1.0187993049621582
2024 H2,2024-09-07 08:00:00,2024-09-07 10:00:00,2024-09-07 14:00:00,7.199999809265137,10.560930252075195,6.43611925095507,16.97377150402493,9.236185212466365,4.182496863230043,19.217954871777813,10.079823273386893,4.819203814272774,20.09609625089708,9.607471704483032,5.845563986228337,15.436696258740524,-0.9534585475921631,9.607471704483032,5.597662757409846,16.05429029924855,-0.9534585475921631,9.583897590637207,5.695204698920528,15.7312118518433,-0.9770326614379883
2024 H2,2024-09-08 08:00:00,2024-09-08 10:00:00,2024-09-08 14:00:00,7.5,8.318582534790039,4.993816195381644,13.487594818907331,8.439152152738362,3.778965543095229,17.643698632913495,8.65712590026231,4.071992800526009,17.387265976372298,7.534873723983765,4.508006603233946,12.225123848177516,-0.7837088108062744,7.516085386276245,4.296856871954798,12.691838775243903,-0.802497148513794,7.341549873352051,4.276731320392927,12.186469059114103,-0.9770326614379883
2024 H2,2024-09-09 08:00:00,2024-09-09 10:00:00,2024-09-09 14:00:00,6.900000095367432,8.076723098754883,4.838249509214385,13.11157609510196,8.626823333959917,3.873981927403602,18.014376516706538,8.334145994058009,3.902361403368984,16.77230894860476,7.293014287948608,4.351921883785482,11.850353101842172,-0.7837088108062744,7.12326455116272,4.052529150291603,12.060276349789774,-0.9534585475921631,7.057923793792725,4.097313989079947,11.738107953653977,-1.0187993049621582
2024 H2,2024-09-10 09:30:00,2024-09-10 11:30:00,2024-09-10 15:30:00,6.800000190734863,9.428693771362305,5.707852121296411,15.213484109400964,9.132179313833554,4.129839527295411,19.01252809204389,8.688489539276388,4.088465211978506,17.446982664183437,8.64498496055603,5.224420251415049,13.945285043728163,-0.7837088108062744,8.475235223770142,4.893431375088729,14.233923470335267,-0.9534585475921631,8.345614671707153,4.9118866871563585,13.773712388936053,-1.0830790996551514
2024 H2,2024-09-11 08:00:00,2024-09-11 10:00:00,2024-09-11 14:00:00,4.5,4.389519214630127,2.466598855927659,7.379082372106308,8.471158919893126,3.7951703075596006,17.7069166541289,5.101238269805564,2.20441473978371,10.616819746451606,3.088599443435669,1.6385900319929725,5.335446282360163,-1.300919771194458,3.085608720779419,1.5411775067043616,5.5686865932308915,-1.303910493850708,3.22751784324646,1.674260317287331,5.682934716353938,-1.162001371383667
2024 H2,2024-09-11 18:00:00,2024-09-11 20:00:00,2024-09-12 00:00:00,12.0,7.6631951332092285,4.572263710636425,12.468664408829333,7.596075508501997,3.3521227326607037,15.978499616598155,7.999745846988841,3.726732012601324,16.135607666028353,5.676360845565796,3.3086096891641525,9.345284756775248,-1.9868342876434326,6.011823415756226,3.361232110769393,10.273343487575508,-1.651371717453003,6.311631202697754,3.6252212066357234,10.558355472288623,-1.3515639305114746
2024 H2,2024-09-12 08:00:00,2024-09-12 10:00:00,2024-09-12 14:00:00,6.099999904632568,7.020669460296631,4.15898403318827,11.469730120792438,8.182599820622658,3.649075195387889,17.136970455833666,7.4852097718561295,3.456493921513257,15.155925743516935,5.033835172653198,2.89395380044199,8.349665855464025,-1.9868342876434326,5.716758966445923,3.1777071594440467,9.798950067944784,-1.303910493850708,5.858668088912964,3.338683970057359,9.842303398569756,-1.162001371383667
2024 H2,2024-09-13 09:00:00,2024-09-13 11:00:00,2024-09-13 15:00:00,7.199999809265137,8.077628135681152,4.838831639057185,13.11298315548212,8.248246779370662,3.682311713751956,17.266632749147803,7.895769815310559,3.6721230441001285,15.937636243745834,6.776708364486694,4.018722292592276,11.050316686289404,-1.300919771194458,6.773717641830444,3.8351170572011632,11.49828809933436,-1.303910493850708,6.915626764297485,4.007299159253762,11.513162301451237,-1.162001371383667
2024 H2,2024-09-13 20:00:00,2024-09-13 22:00:00,2024-09-14 02:00:00,7.5,7.5780792236328125,4.517516208492284,12.336334753972265,8.17872150263211,3.6471116347055226,17.129310213616108,7.816026409105218,3.63024122684517,15.785803986933317,6.2771594524383545,3.69633688945871,10.276245921598825,-1.300919771194458,5.92670750617981,3.3082914966136134,10.13649735954037,-1.651371717453003,6.226515293121338,3.5713782406708,10.423802742267393,-1.3515639305114746
2024 H2,2024-09-14 08:00:00,2024-09-14 10:00:00,2024-09-14 14:00:00,4.5,6.9484100341796875,4.112505964564449,11.357388433253519,8.348898679430091,3.7332709476373354,17.465434893786792,7.5819747665037935,3.507315600889163,15.340167277920097,5.456730842590332,3.1668708016563367,9.004959394729896,-1.4916791915893555,5.456730842590332,3.015974192679108,9.380886722244036,-1.4916791915893555,5.692278861999512,3.2334288006511294,9.579272376064765,-1.2561311721801758
2024 H2,2024-09-14 16:30:00,2024-09-14 18:30:00,2024-09-14 22:30:00,3.299999952316284,5.00274658203125,2.8610335365733155,8.3324666016932,6.854348482081366,2.976592404905754,14.513480838988817,5.165193193919476,2.238004331346884,10.738590572712583,3.1976377964019775,1.7089582632717186,5.504405515831707,-1.8051087856292725,3.5110673904418945,1.8058053933347746,6.25272288999418,-1.4916791915893555,3.746615409851074,2.0026331532267028,6.5035332987061745,-1.2561311721801758
2024 H2,2024-09-15 08:00:00,2024-09-15 10:00:00,2024-09-15 14:00:00,5.300000190734863,7.279427528381348,4.325420107921903,11.8720211379658,7.585821649149072,3.346931287524696,15.958246752727884,7.691026825430129,3.5645905358407606,15.547803507732022,5.168215274810791,2.9806764063016797,8.55789312996615,-2.1112122535705566,5.474318742752075,3.0269135604295907,9.409163880408483,-1.8051087856292725,6.023296356201172,3.442825184509226,10.102550665062347,-1.2561311721801758
2024 H2,2024-09-16 08:00:00,2024-09-16 10:00:00,2024-09-16 14:00:00,6.699999809265137,7.639545917510986,4.557052271393278,12.431896987009337,8.848921257854888,3.9864282899912777,18.45305222540273,8.253559208184443,3.8600366369747556,16.618870888322462,5.52833366394043,3.2130798992435983,9.115910793761488,-2.1112122535705566,6.147866725921631,3.4458486816053733,10.492068756844992,-1.4916791915893555,6.477544546127319,3.7301753397450526,10.820634209794866,-1.162001371383667
2024 H2,2024-09-16 16:00:00,2024-09-16 18:00:00,2024-09-16 22:00:00,5.300000190734863,5.293900489807129,3.0483069766335893,8.785123411894807,7.905375462025893,3.508718769725626,16.58941201925507,5.561170631778746,2.445974563353323,11.492535643508756,3.6778433322906494,2.0188603600246773,6.248502955359358,-1.6160571575164795,4.182032346725464,2.223133916749863,7.331474873866692,-1.111868143081665,4.131899118423462,2.246357478217651,7.112596575819797,-1.162001371383667
2024 H2,2024-09-17 08:00:00,2024-09-17 10:00:00,2024-09-17 14:00:00,4.900000095367432,5.344968795776367,3.081154680481932,8.864519277329075,8.428411858866474,3.7735278201402522,17.622484990105733,5.765262885925351,2.553165300469693,11.881129372064063,3.7289116382598877,2.051817445927905,6.327635311970787,-1.6160571575164795,3.8532896041870117,2.0186616532699553,6.802934772962873,-1.4916791915893555,4.1829674243927,2.2786624735337075,7.193326253971819,-1.162001371383667
2024 H2,2024-09-18 08:00:00,2024-09-18 10:00:00,2024-09-18 14:00:00,6.699999809265137,7.426244258880615,4.4198542660928615,12.100277023039425,8.727704385964945,3.9250571790450715,18.21363126977326,7.877886360139351,3.6627305233011156,15.903585963133814,5.946479558944702,3.4829316188216675,9.763844369216583,-1.479764699935913,5.757427930831909,3.2030025473731474,9.864336084908214,-1.668816328048706,6.1701130867004395,3.5356991050570223,10.334641140271712,-1.2561311721801758
2024 H2,2024-09-19 08:00:00,2024-09-19 10:00:00,2024-09-19 14:00:00,4.699999809265137,9.089938163757324,5.489960737112321,14.686820964304475,8.244064234092594,3.6801941252818384,17.258371613780866,8.625490978882777,4.055377909600972,17.327032764177016,7.296743869781494,4.354328780715323,11.856132236160613,-1.79319429397583,7.284829378128052,4.153019660327659,12.320034144858898,-1.8051087856292725,7.833806991577148,4.588125317055674,12.96463778760669,-1.2561311721801758
2024 H2,2024-09-20 08:00:00,2024-09-20 10:00:00,2024-09-20 14:00:00,6.900000095367432,9.562211990356445,5.7937325285791506,15.421064806412286,8.745096715364523,3.933862773188464,18.247983650432364,8.690115708617174,4.089319287950394,17.45007890715474,7.5287697315216064,4.504067373214271,12.215665470831693,-2.033442258834839,7.757103204727173,4.446765759667768,13.07933807363152,-1.8051087856292725,8.099891901016235,4.756446384104205,13.385269502178668,-1.46232008934021
2024 H2,2024-09-21 10:00:00,2024-09-21 12:00:00,2024-09-21 16:00:00,5.699999809265137,6.250190734863281,3.6634035255887345,10.271867296806834,8.340203468202724,3.728868633300928,17.448260586703974,6.766536692912671,3.079041590459555,13.78756488863434,4.456996440887451,2.5216891781033457,7.455831463211668,-1.79319429397583,4.581374406814575,2.471517726833819,7.973521877261606,-1.668816328048706,4.713871002197266,2.6145036037365594,8.032587986909176,-1.5363197326660156
2024 H2,2024-09-22 08:00:00,2024-09-22 10:00:00,2024-09-22 14:00:00,3.799999952316284,6.390805244445801,3.753848346106746,10.490480592647202,7.707083618778975,3.408325231087842,16.197756782954226,7.056006570889333,3.2310732769292216,14.338718481688385,4.357362985610962,2.4573904260288084,7.301445490077623,-2.033442258834839,4.585696458816528,2.474205967945678,7.980470708385859,-1.8051087856292725,4.854485511779785,2.703454098318642,8.254873881979572,-1.5363197326660156
2024 H2,2024-09-23 08:00:00,2024-09-23 10:00:00,2024-09-23 14:00:00,4.900000095367432,6.36405086517334,3.7366396310278196,10.448885574833742,8.077056400089523,3.5956394246887236,16.928506846680406,6.846709948950653,3.121149167974759,13.94021558390198,4.066441655158997,2.269643464448328,6.850651401057642,-2.2976092100143433,4.330608606338501,2.31554576398297,7.570350143451088,-2.033442258834839,4.724593639373779,2.6212865728832493,8.049538520743651,-1.6394572257995605
2024 H2,2024-09-24 08:00:00,2024-09-24 10:00:00,2024-09-24 14:00:00,6.800000190734863,9.674654960632324,5.866057100881881,15.595879826562568,9.000048369869397,4.062942710911519,18.75155025637721,8.83860633366113,4.167307644832858,17.732806568146167,7.777505159378052,4.664589534806608,12.601090838003437,-1.8971498012542725,7.641212701797485,4.374683884135303,12.893013722744637,-2.033442258834839,8.138335227966309,4.78076501918491,13.446041390982687,-1.5363197326660156
2024 H2,2024-09-25 08:00:00,2024-09-25 10:00:00,2024-09-25 14:00:00,9.199999809265137,11.00115966796875,6.719279720137483,17.658195919542948,9.01160462208476,4.068793546903025,18.774375535612357,10.522139538629675,5.051511535642132,20.938270920533913,9.104009866714478,5.520653364632036,14.65656226113847,-1.8971498012542725,8.967717409133911,5.199746721816368,15.02571763112972,-2.033442258834839,9.464839935302734,5.6198907262926205,15.543003411906488,-1.5363197326660156
2024 H2,2024-09-26 08:00:00,2024-09-26 10:00:00,2024-09-26 14:00:00,6.699999809265137,8.437604904174805,5.070372710556318,13.672638827005677,8.838518753993817,3.981161587356386,18.43250576700527,8.870229146755397,4.183916176398357,17.793016726043106,6.540455102920532,3.8662555348140963,10.68423292866235,-1.8971498012542725,6.644410610198975,3.7546903343558315,11.290393162952379,-1.79319429397583,6.901285171508789,3.998226896544624,11.490490858801152,-1.5363197326660156
2024 H2,2024-09-27 08:00:00,2024-09-27 10:00:00,2024-09-27 14:00:00,7.599999904632568,8.514278411865234,5.119689965668441,13.79184308458629,8.842341363704609,3.983096943392285,18.440055977266322,9.065779318864653,4.286620549865501,18.165346243482727,6.860513925552368,4.0728064652075435,11.180176712354582,-1.6537644863128662,6.860513925552368,3.8891028348254104,11.637835869126103,-1.6537644863128662,6.877958536148071,3.9834708393039295,11.45361570249237,-1.636319875717163
2024 H2,2024-09-28 02:31:00,2024-09-28 04:31:00,2024-09-28 08:31:00,6.099999904632568,,,,6.932655986665436,3.0162388540907554,14.66814955208264,6.932655986665436,3.166288652436826,14.10385771422091,,,,-1.5506269931793213,,,,-1.5506269931793213,,,,-1.636319875717163
2024 H2,2024-09-28 08:00:00,2024-09-28 10:00:00,2024-09-28 14:00:00,4.900000095367432,7.902005195617676,4.725869005684241,12.83994227324002,8.543377495451127,3.831733981772965,17.84955884662827,8.709233172869043,4.099359919298812,17.486478753612502,6.3513782024383545,3.7442341845217886,10.391250805367488,-1.5506269931793213,6.3513782024383545,3.5724292775029247,10.81926678257982,-1.5506269931793213,6.265685319900513,3.59615657446541,10.4857234109693,-1.636319875717163
2024 H2,2024-09-29 08:00:00,2024-09-29 10:00:00,2024-09-29 14:00:00,6.199999809265137,7.891323566436768,4.718998462687109,12.82333555059727,8.324218082365057,3.7207753631771783,17.416687124250377,8.262600418773628,3.8647851465717094,16.63608544527954,6.340696573257446,3.737340762783584,10.374699199170795,-1.5506269931793213,6.0981292724609375,3.4149128513257287,10.412102767427786,-1.79319429397583,6.237559080123901,3.578364364071961,10.441260955407133,-1.6537644863128662
2024 H2,2024-09-30 08:00:00,2024-09-30 10:00:00,2024-09-30 14:00:00,8.899999618530273,9.68648910522461,5.8736689546430005,15.61427836424159,8.716417745759905,3.9193428454095502,18.191338513479472,9.423396626411856,4.474443762274241,18.846253235846362,8.147124767303467,4.903124668070146,13.173831015493347,-1.5393643379211426,8.032724618911743,4.618197481587106,13.52247171953194,-1.6537644863128662,8.032724618911743,4.713957433421468,13.279090278808543,-1.6537644863128662
2024 H2,2024-10-01 08:00:00,2024-10-01 10:00:00,2024-10-01 14:00:00,7.800000190734863,8.656575202941895,5.21121684840215,14.013071822482079,8.831852200733056,3.97778636595844,18.419338354519198,8.621875266587958,4.053478911191146,17.320148411177428,7.634766578674316,4.5724727595058665,12.37991177094644,-1.0218086242675781,7.002810716629028,3.977608961934724,11.866615247594517,-1.6537644863128662,7.002810716629028,4.062450336060026,11.650984229908905,-1.6537644863128662
2024 H2,2024-10-02 08:00:00,2024-10-02 10:00:00,2024-10-02 14:00:00,9.5,8.926553726196289,5.384870045017195,14.432807274747917,8.687954348719645,3.904932060257052,18.135119163700946,8.761553957614021,4.126839176200412,17.586098060136443,8.28473424911499,4.991931363868767,13.38706234128635,-0.6418194770812988,7.375926733016968,4.209680629349631,12.466497013584972,-1.5506269931793213,7.375926733016968,4.298477573169057,12.240812604762501,-1.5506269931793213
2024 H2,2024-10-03 08:00:00,2024-10-03 10:00:00,2024-10-03 14:00:00,9.399999618530273,9.283730506896973,5.614610133145981,14.988109806886708,8.502810407510111,3.811195196899412,17.769432946574018,8.6910823515822,4.089826975870166,17.45191940519583,8.641911029815674,5.222436480903227,13.940521866667005,-0.6418194770812988,7.8443663120269775,4.501041893431525,13.219636384649068,-1.4393641948699951,7.733103513717651,4.524421904169388,12.805443954913606,-1.5506269931793213
2024 H2,2024-10-04 08:00:00,2024-10-04 10:00:00,2024-10-04 14:00:00,7.300000190734863,9.10901165008545,5.502229016201881,14.716474502347863,9.008024848348263,4.066981136735038,18.767304961726342,9.196144913439067,4.355089508844255,18.41356366203606,8.255521774291992,4.973079004779993,13.341796458047764,-0.853489875793457,7.669647455215454,4.392369805801497,12.938730039779227,-1.4393641948699951,7.669647455215454,4.484280614307067,12.705131499224086,-1.4393641948699951
2024 H2,2024-10-05 08:00:00,2024-10-05 10:00:00,2024-10-05 14:00:00,10.0,10.17174243927002,6.185789310030275,16.368701438987927,9.00445635017158,4.065174435290776,18.760256658711235,9.167759997088794,4.340181544211816,18.359518492485623,8.938263416290283,5.413688390934344,14.399731591447834,-1.2334790229797363,8.621115446090698,4.984166334055457,14.468464153514486,-1.5506269931793213,8.732378244400024,5.156547150571585,14.385115061333854,-1.4393641948699951
2024 H2,2024-10-06 08:00:00,2024-10-06 10:00:00,2024-10-06 14:00:00,7.800000190734863,9.972685813903809,6.057753868967895,16.059228219905712,9.299460261241048,4.214532502971708,19.34293229784842,9.484625364088393,4.506601540881254,18.96283337539133,9.119195938110352,5.530453741794103,14.680093678412206,-0.853489875793457,8.533321619033813,4.929560101840962,14.327312571420013,-1.4393641948699951,8.533321619033813,5.030627106269373,14.070442839593793,-1.4393641948699951
2024 H2,2024-10-07 08:00:00,2024-10-07 10:00:00,2024-10-07 14:00:00,8.0,8.984304428100586,5.422015940444567,14.52259225723569,8.253214781477146,3.684826972590963,17.27644527601273,8.450991199847962,3.9637293557663456,16.994783409341096,7.930081367492676,4.7630550527474504,12.837513697187738,-1.0542230606079102,7.735458850860596,4.433303348323002,13.044539103201625,-1.2488455772399902,7.544940233230591,4.405392815982092,12.507992124753065,-1.4393641948699951
2024 H2,2024-10-08 08:00:00,2024-10-08 10:00:00,2024-10-08 14:00:00,7.699999809265137,8.092592239379883,4.848456717416897,13.136247838754054,8.570449769191564,3.8454404525751396,17.90303052552032,8.668539390086915,4.077987248441168,17.408997377131804,7.239102363586426,4.317129660141269,11.766814446246146,-0.853489875793457,7.038369178771973,3.9997257064264495,11.923784793069174,-1.0542230606079102,6.653228044509888,3.8413099169479064,11.098357780449215,-1.4393641948699951
2024 H2,2024-10-09 08:00:00,2024-10-09 10:00:00,2024-10-09 14:00:00,9.5,8.878597259521484,5.354023910902313,14.358249384045427,8.19022228881182,3.6529343886967687,17.152025939362076,9.089513004358908,4.299085654204003,18.21053542215654,8.025107383728027,4.82438038008446,12.984760261595591,-0.853489875793457,7.824374198913574,4.488607147074909,13.187493824175649,-1.0542230606079102,7.439233064651489,4.338524148204498,12.340888369580675,-1.4393641948699951
2024 H2,2024-10-10 08:00:00,2024-10-10 10:00:00,2024-10-10 14:00:00,9.199999809265137,9.302804946899414,5.626879025649496,15.017764827606998,8.828621600838373,3.9761507396510773,18.41295744976573,8.898529983670093,4.19877998189936,17.84690180749269,8.449315071105957,5.098144095727298,13.642086823693035,-0.853489875793457,8.248581886291504,4.752456944500007,13.869518839114741,-1.0542230606079102,7.863440752029419,4.606871160968812,13.011483358422902,-1.4393641948699951
2024 H2,2024-10-11 08:00:00,2024-10-11 10:00:00,2024-10-11 14:00:00,7.800000190734863,8.381949424743652,5.034574485586935,13.586111285671974,8.776417006908538,3.949719980664998,18.30984578245364,8.806049790651745,4.150208711520916,17.67081857899005,7.528459548950195,4.50386719595251,12.215184830689246,-0.853489875793457,7.528459548950195,4.304553385742674,12.711733484212344,-0.853489875793457,6.942585229873657,4.02435265432546,11.555778718975402,-1.4393641948699951
2024 H2,2024-10-12 08:00:00,2024-10-12 10:00:00,2024-10-12 14:00:00,8.699999809265137,9.302494049072266,5.626679052700336,15.01728147493689,8.75012166717404,3.9364068651963917,18.25790866124537,8.510661045952233,3.995068393175098,17.108395403470595,8.57418966293335,5.1787322917106335,13.83558493459854,-0.728304386138916,8.660674571990967,5.008771421765244,14.532065814295025,-0.6418194770812988,7.8631298542022705,4.606674491965226,13.01099188565819,-1.4393641948699951
2024 H2,2024-10-13 08:00:00,2024-10-13 10:00:00,2024-10-13 14:00:00,8.0,9.189072608947754,5.553725117680313,14.840945228284987,8.853932640248718,3.9889655119150116,18.462950434645776,9.621456643264347,4.578466324465401,19.223361523215022,8.198863983154297,4.936514727697121,13.254002973458231,-0.990208625793457,8.384230613708496,4.836828091734923,14.08760971322147,-0.8048419952392578,7.749708414077759,4.534925899126259,12.831693274063245,-1.4393641948699951
2024 H2,2024-10-14 08:00:00,2024-10-14 10:00:00,2024-10-14 14:00:00,9.0,10.352640151977539,6.302144735985437,16.649943007175924,9.143948586953098,4.135798214028653,19.035774118553334,9.54329422471138,4.537414853430775,19.074539482979333,9.66496467590332,5.882667249435689,15.525783888156338,-0.6876754760742188,9.547798156738281,5.560546849441724,15.958349434660155,-0.8048419952392578,8.98727560043335,5.317791149886773,14.788061294302032,-1.3653645515441895
2024 H2,2024-10-15 08:00:00,2024-10-15 10:00:00,2024-10-15 14:00:00,9.199999809265137,7.442377090454102,4.430231083253791,12.125358726854977,7.775532482829649,3.442980331193129,16.332953246839573,8.602094332030644,4.043089820410042,17.282485310507212,6.819736003875732,4.046490309969077,11.11698971253649,-0.6226410865783691,6.565850734710693,3.7058274592829012,11.16408757762767,-0.8765263557434082,6.256268501281738,3.5901996452977403,10.470837138125875,-1.1861085891723633
2024 H2,2024-10-16 08:00:00,2024-10-16 10:00:00,2024-10-16 14:00:00,9.699999809265137,11.468092918395996,7.019616393459234,18.384136770998605,8.940669583248459,4.032879716835304,18.63426851485685,10.994459354722803,5.29957734026264,21.837572656279086,10.845451831817627,6.644498210277826,17.354995349630943,-0.6226410865783691,10.728285312652588,6.294789311845357,17.856291867350155,-0.7398076057434082,10.413869857788086,6.220231908926605,17.043246639967133,-1.0542230606079102
2024 H2,2024-10-17 08:00:00,2024-10-17 10:00:00,2024-10-17 14:00:00,5.300000190734863,8.309671401977539,4.988084455391002,13.473740685933462,9.076237872341927,4.101516832948122,18.902035607191,8.86619798335389,4.18179898004394,17.78534134990913,7.68703031539917,4.606201320267257,12.460896494717154,-0.6226410865783691,7.433145046234131,4.2452694241795195,12.558490445311634,-0.8765263557434082,7.278903961181641,4.237102516170319,12.087437297024648,-1.0307674407958984
2024 H2,2024-10-18 08:00:00,2024-10-18 10:00:00,2024-10-18 14:00:00,12.0,9.514144897460938,5.76281523844555,15.346334925189144,7.945296135549094,3.52893028026571,16.668261156799023,9.06677062764129,4.287141192449033,18.167233705480108,8.63761854171753,5.219666310710498,13.933870486863313,-0.8765263557434082,8.63761854171753,4.994430972268265,14.49499720413175,-0.8765263557434082,8.459921836853027,4.984195575507844,13.954411170255621,-1.0542230606079102
2024 H2,2024-10-18 12:00:00,2024-10-18 14:00:00,2024-10-18 18:00:00,5.599999904632568,8.966338157653809,5.410459834956154,14.494660107075719,8.502373458787423,3.8109739733344106,17.768569909282956,8.733219658353413,4.11195779603182,17.532149266039767,8.0898118019104,4.866137572297558,13.085022312524531,-0.8765263557434082,8.0898118019104,4.653704715703648,13.614254325071576,-0.8765263557434082,7.912115097045898,4.637661774793298,13.088428620907383,-1.0542230606079102
2024 H2,2024-10-19 08:00:00,2024-10-19 10:00:00,2024-10-19 14:00:00,9.699999809265137,10.451826095581055,6.365942240906966,16.804147335709143,9.309009275039232,4.219367090567462,19.361792989212862,9.778713806697894,4.661058931106724,19.5227807625007,9.829185009002686,5.988647338696387,15.78024977879102,-0.6226410865783691,9.712018489837646,5.662689038069122,16.222376651676644,-0.7398076057434082,9.397603034973145,5.577357736231779,15.436714134819109,-1.0542230606079102
2024 H2,2024-10-20 08:00:00,2024-10-20 10:00:00,2024-10-20 14:00:00,8.100000381469727,8.897671699523926,5.366292803405829,14.38790440476572,8.438673356054265,3.7787231322495916,17.642752939810954,8.77033460264962,4.13145083487241,17.6028164976282,8.275030612945557,4.985669092882094,13.37202617387853,-0.6226410865783691,8.157864093780518,4.696032056670119,13.723666216370013,-0.7398076057434082,7.866904258728027,4.609062120029469,13.01695853085616,-1.0307674407958984
2024 H2,2024-10-21 08:00:00,2024-10-21 10:00:00,2024-10-21 14:00:00,7.599999904632568,7.536596298217773,4.4908339283004,12.271841274081702,8.688750623725284,3.9053352077806016,18.13669192267271,8.107090650108722,3.783110284379176,16.33999326341328,6.913955211639404,4.107294961015695,11.262986095359377,-0.6226410865783691,6.913955211639404,3.9223423845265435,11.723756740025841,-0.6226410865783691,6.554476737976074,3.778841416485978,10.942249974594674,-0.9821195602416992
2024 H2,2024-10-22 08:00:00,2024-10-22 10:00:00,2024-10-22 14:00:00,6.699999809265137,8.34528636932373,5.0109923995209815,13.529111254844972,8.812834344020292,3.968157780629676,18.381775320948023,9.055549237464538,4.2812476366668895,18.145868064404745,7.93288516998291,4.76486449517505,12.841858299858892,-0.4124011993408203,7.722645282745361,4.425333531999316,13.023937934846485,-0.6226410865783691,7.468760013580322,4.3572024248526,12.387565090858086,-0.8765263557434082
2024 H2,2024-10-23 08:00:00,2024-10-23 10:00:00,2024-10-23 14:00:00,6.0,4.725028038024902,2.6824018723037275,7.900697743689356,8.377096816229889,3.747547433699341,17.521130316002495,5.4088614200107274,2.3659806569344166,11.20253735454018,4.144969701766968,2.3203217771268516,6.972333710079682,-0.5800583362579346,4.123580694198608,2.186778006337911,7.2374985260210005,-0.601447343826294,3.848501682281494,2.067084783081388,6.664596913903661,-0.8765263557434082
2024 H2,2024-10-24 08:00:00,2024-10-24 10:00:00,2024-10-24 14:00:00,9.600000381469727,9.140545845031738,5.522512162020653,14.765500696794998,8.815318378799361,3.9694154271242907,18.386681650993907,8.704580509420522,4.096916306596866,17.477620035065186,8.793655633926392,5.320365320681868,14.175656122610064,-0.3468902111053467,8.728144645690918,5.050736633164463,14.640541637323084,-0.4124011993408203,8.26401948928833,4.860270877001216,13.644725286458149,-0.8765263557434082
2024 H2,2024-10-25 08:00:00,2024-10-25 10:00:00,2024-10-25 14:00:00,7.800000190734863,8.996856689453125,5.430089694913406,14.542107250622042,8.79184219089039,3.957529625170388,18.340312764748386,8.568529197111861,4.025461167287467,17.218576952093063,8.649966478347778,5.2276350890070775,13.953004102249514,-0.3468902111053467,8.584455490112305,4.96136447957163,14.409523668068838,-0.4124011993408203,8.206558465957642,4.823921950708814,13.553889888029888,-0.7902982234954834
2024 H2,2024-10-26 08:00:00,2024-10-26 10:00:00,2024-10-26 14:00:00,5.400000095367432,6.364634990692139,3.737015347074937,10.449793714436323,8.82074426784927,3.9721625103782303,18.39739857118178,6.947113928386806,3.1738820686435285,14.131385782369472,6.017744779586792,3.5289228447696877,9.874272642620424,-0.3468902111053467,5.952233791351318,3.324168401657811,10.177537551746804,-0.4124011993408203,5.574336767196655,3.1588205138113974,9.392827433878017,-0.7902982234954834
2024 H2,2024-10-27 08:00:00,2024-10-27 10:00:00,2024-10-27 14:00:00,9.100000381469727,10.006256103515625,6.079346653579476,16.11141992953898,8.906990132553453,4.01582808637344,18.56774670032105,9.086846768402372,4.297685327676657,18.205458881766052,9.659365892410278,5.879054057554115,15.517108352057129,-0.3468902111053467,9.404808759689331,5.47160993347374,15.728456510603921,-0.601447343826294,9.215957880020142,5.462451910229333,15.149566272384382,-0.7902982234954834
2024 H2,2024-10-28 08:00:00,2024-10-28 10:00:00,2024-10-28 14:00:00,10.699999809265137,9.058656692504883,5.4698401459914905,14.638187679236424,8.98785416302346,4.056768883707643,18.727464923942243,9.21940373723303,4.367305212362056,18.457848699200742,8.478598356246948,5.117042152469219,13.687462430315412,-0.5800583362579346,8.457209348678589,4.882219594555672,14.204942152706161,-0.601447343826294,8.2683584690094,4.863015646323507,13.651584422075478,-0.7902982234954834
2024 H2,2024-10-28 14:34:18,2024-10-28 16:34:18,2024-10-28 20:34:18,7.400000095367432,8.327737808227539,4.999704969344633,13.501828517168159,8.825594564654955,3.9746181759860173,18.406978612954823,8.538775492295741,4.009834304991696,17.161925595376086,7.980847597122192,4.7958171927700874,12.916177974582814,-0.3468902111053467,7.915336608886719,4.545184182708237,13.333739733589258,-0.4124011993408203,7.609123945236206,4.445994407837467,12.609454867925633,-0.718613862991333
2024 H2,2024-10-29 08:00:00,2024-10-29 10:00:00,2024-10-29 14:00:00,9.399999618530273,8.915776252746582,5.377937853917639,14.416051543076502,8.707600121741814,3.9148785544782716,18.173922423327355,8.83155389738707,4.163603653979098,17.71937865772108,8.447158098220825,5.096752086744093,13.63874450903607,-0.46861815452575684,8.425769090652466,4.862664301339605,14.154393699465025,-0.4900071620941162,8.273956775665283,4.866557045766149,13.66043432390692,-0.6418194770812988
2024 H2,2024-10-30 08:00:00,2024-10-30 10:00:00,2024-10-30 14:00:00,11.0,10.734066009521484,6.547482100734734,17.24294556490617,9.149076813396391,4.1383945931390995,19.045903111791606,9.50067174644815,4.51502921767078,18.99338585067794,10.309569835662842,6.298665141291655,16.524625036448665,-0.4244961738586426,10.244058847427368,5.993608879337728,17.077770939970286,-0.4900071620941162,10.153196096420288,6.055333847787118,16.631168963637418,-0.5808699131011963
2024 H2,2024-10-31 08:00:00,2024-10-31 10:00:00,2024-10-31 14:00:00,10.199999809265137,,,,8.94312600551876,4.03412338334254,18.63912030618108,8.94312600551876,4.222202137112476,17.931813086861762,,,,-0.04420781135559082,,,,-0.4124011993408203,,,,-0.5808699131011963
2024 H2,2024-10-31 14:30:00,2024-10-31 16:30:00,2024-10-31 20:30:00,11.600000381469727,8.799249649047852,5.302986643061834,14.23488770043113,9.224648607273625,4.176655974365422,19.19516839827045,9.265894132458364,4.391722306258502,18.546366884754445,8.75504183769226,5.295445790351167,14.115822520619021,-0.04420781135559082,8.330631494522095,4.803490372593363,14.001435084256622,-0.46861815452575684,8.157430171966553,4.792844176007927,13.476227015005522,-0.6418194770812988
2024 H2,2024-10-31 21:00:00,2024-10-31 23:00:00,2024-11-01 03:00:00,9.800000190734863,7.00628662109375,4.14973283063381,11.447369129092372,7.881878108815209,3.4968222519525525,16.54300132845972,7.197772340883605,3.3055296910008707,14.608641950239116,7.036601781845093,4.186445296498527,11.453031798785124,0.030315160751342773,6.659396409988403,3.7640112409691313,11.314486762925622,-0.3468902111053467,6.399112939834595,3.680560757357232,10.696648144214944,-0.6071736812591553
2024 H2,2024-11-01 02:00:00,2024-11-01 04:00:00,2024-11-01 08:00:00,8.399999618530273,6.818597793579102,4.0290092839088105,11.155569418684026,7.994899711292023,3.5540441650144583,16.76623543481697,7.626629105970494,3.5307683849396634,15.4251895946273,6.848912954330444,4.065319743299201,11.16220054936368,0.030315160751342773,6.471707582473755,3.64727205732823,11.01272779155758,-0.3468902111053467,6.211424112319946,3.5618318005481067,10.399946337675388,-0.6071736812591553
2024 H2,2024-11-01 08:00:00,2024-11-01 10:00:00,2024-11-01 14:00:00,7.300000190734863,8.08435344696045,4.843157434264162,13.123438992996213,8.337506855036615,3.7275033601073875,17.44293438341951,8.62967397768759,4.057574851014157,17.334997236463828,8.191522598266602,4.931776942728529,13.242627207688656,0.10716915130615234,7.7374632358551025,4.434550040899537,13.047761677300349,-0.3468902111053467,7.594346284866333,4.43664629573603,12.58609408195756,-0.4900071620941162
2024 H2,2024-11-01 18:00:00,2024-11-01 20:00:00,2024-11-02 00:00:00,8.399999618530273,5.819217205047607,3.386196545541508,9.601833001962824,7.768515105449014,3.439427490412273,16.319092905681707,6.1976275061184,2.7802463454379214,12.704356008267169,6.6361048221588135,3.927983370772754,10.832445945501131,0.816887617111206,5.896737337112427,3.289650573140249,10.088312459515919,0.07752013206481934,5.39344596862793,3.044391881618264,9.106872071311038,-0.42577123641967773
2024 H2,2024-11-02 08:00:00,2024-11-02 10:00:00,2024-11-02 14:00:00,9.600000381469727,8.738975524902344,5.264217654310915,14.141179554860225,8.712622565410795,3.9174213766351573,18.18384248019795,9.147833420791152,4.329715961328816,18.32157808845991,9.55586314201355,5.812258244156661,15.356726753349092,0.816887617111206,8.487224340438843,4.900888396963779,14.253199116954539,-0.251751184463501,8.333841323852539,4.904439055203838,13.755100873142927,-0.4051342010498047
2024 H2,2024-11-03 08:00:00,2024-11-03 10:00:00,2024-11-03 14:00:00,9.300000190734863,8.245338439941406,4.946704776849822,13.373722267466915,9.128509763715703,4.127981664079721,19.005280196744774,8.790769359928225,4.142183318104794,17.64172448341248,8.886913776397705,5.380549745331747,14.320163296813273,0.6415753364562988,8.373875617980957,4.830387464640357,14.070961344212826,0.12853717803955078,7.853574275970459,4.600629785680925,12.995886259172847,-0.39176416397094727
2024 H2,2024-11-04 08:00:00,2024-11-04 10:00:00,2024-11-04 14:00:00,9.600000381469727,8.639026641845703,5.199929418225802,13.985789084805264,9.099505097830034,4.113296838937202,18.947991762257153,8.697673633228668,4.0932887649575616,17.4644692725177,9.280601978302002,5.634617618604515,14.930198711059619,0.6415753364562988,8.65420913696289,5.004750033720706,14.521670933313809,0.0151824951171875,8.247262477874756,4.849670659019584,13.618235507474244,-0.39176416397094727
2024 H2,2024-11-05 08:00:00,2024-11-05 10:00:00,2024-11-05 14:00:00,9.600000381469727,8.44553279876709,5.075472020759894,13.68496432009341,9.008057521598966,4.066997678934672,18.76736949614951,8.930242477538311,4.215435614459971,17.907282718495733,9.297141313552856,5.645291328693369,14.955827064112384,0.8516085147857666,8.789986610412598,5.089201258746903,14.739968800404148,0.3444538116455078,8.098642587661743,4.7556560884149475,13.383294565608812,-0.3468902111053467
2024 H2,2024-11-06 08:00:00,2024-11-06 10:00:00,2024-11-06 14:00:00,5.699999809265137,6.163212776184082,3.607458332698477,10.136642715298285,7.639209626493279,3.3739611838559562,16.063695774432375,6.522144087371191,2.950684815513243,13.32223888096287,6.940647602081299,4.124520976017757,11.304347008339962,0.7774348258972168,6.695544242858887,3.7864945637942937,11.372603876280861,0.5323314666748047,5.866581678390503,3.343689980461524,9.85481334029239,-0.2966310977935791
2024 H2,2024-11-07 08:00:00,2024-11-07 10:00:00,2024-11-07 14:00:00,7.800000190734863,8.4049654006958,5.049378617964307,13.62189421002893,9.03248301548163,4.079364106739787,18.81561339979041,8.98502925477247,4.244210028562632,18.0115972998108,9.182400226593018,5.571242820762777,14.778031219136478,0.7774348258972168,8.937296867370605,5.180825674365716,14.976808638982934,0.5323314666748047,8.108334302902222,4.761786912798211,13.398615399876864,-0.2966310977935791
2024 H2,2024-11-08 08:00:00,2024-11-08 10:00:00,2024-11-08 14:00:00,10.600000381469727,9.94562816619873,6.040350088251445,16.017161710837364,8.814905248322797,3.969206262542519,18.385865658203823,9.441178759348771,4.483783067898452,18.880110597893314,10.399325847625732,6.356589455412706,16.663705521141956,0.45369768142700195,10.364604949951172,6.068586456778361,17.27158038713714,0.4189767837524414,9.700014114379883,5.768658158643342,15.914770899122527,-0.24561405181884766
2024 H2,2024-11-08 14:00:00,2024-11-08 16:00:00,2024-11-08 20:00:00,7.300000190734863,6.352427959442139,3.729163648457619,10.430815450088556,8.591298154231362,3.8559958194261204,17.944209118827793,7.087103008401277,3.247405352208297,14.397926415120653,7.1298627853393555,4.24663156751823,11.597543406256365,0.7774348258972168,6.77140474319458,3.8336784745099592,11.494569508715626,0.4189767837524414,6.106813907623291,3.4956570546152226,10.234576682342299,-0.24561405181884766
2024 H2,2024-11-09 08:00:00,2024-11-09 10:00:00,2024-11-09 14:00:00,9.699999809265137,7.736167907714844,4.6192006128981955,12.582115138691078,8.885212929335998,4.004802466474834,18.524733555995773,8.930985083883424,4.215825636716587,17.908696648532924,8.189865589141846,4.930707586872084,13.240059606620248,0.45369768142700195,8.155144691467285,4.694340635767547,13.719294064571516,0.4189767837524414,7.490553855895996,4.370988861676075,12.422017180905879,-0.24561405181884766
2024 H2,2024-11-10 08:00:00,2024-11-10 10:00:00,2024-11-10 14:00:00,13.5,11.417737007141113,6.987226909834887,18.30584846521026,9.134077972995463,4.130800802902163,19.0162782200902,10.504630386505424,5.042315601527293,20.90493331673186,11.871434688568115,7.306619353781843,18.944796298706823,0.45369768142700195,12.059312343597412,7.122664956091391,19.996266595945126,0.6415753364562988,11.172122955322266,6.699890716856948,18.241906500714798,-0.24561405181884766
2024 H2,2024-11-12 08:00:00,2024-11-12 10:00:00,2024-11-12 14:00:00,8.199999809265137,10.039063453674316,6.100448707027474,16.162425497650506,9.158008417013601,4.142916591009304,19.063544328232815,9.066166632798964,4.286823969962398,18.166083693154615,10.816498279571533,6.625812947658131,17.310130677149232,0.7774348258972168,10.816498279571533,6.349656241758144,17.998117326602415,0.7774348258972168,10.000854253768921,5.9589648294716016,16.39034429375824,-0.03820919990539551
2024 H2,2024-11-13 08:00:00,2024-11-13 10:00:00,2024-11-13 14:00:00,5.699999809265137,7.665097236633301,4.57348716476863,12.471621607910707,8.732991259217796,3.9277338797378083,18.224073613539048,8.553100695480053,4.017358005952758,17.18920092799947,8.506272315979004,5.1349016261850915,13.730344323669897,0.8411750793457031,8.405133724212646,4.849829462610979,14.121216940714175,0.7400364875793457,7.804030656814575,4.569289282909297,12.917566832807895,0.13893342018127441
2024 H2,2024-11-14 08:00:00,2024-11-14 10:00:00,2024-11-14 14:00:00,6.400000095367432,8.490249633789062,5.104234387671412,13.75448555735923,7.621657160002825,3.3650745136130285,16.029027099723347,8.527290988227035,4.003802559878742,17.14005898277324,9.331424713134766,5.667416224431173,15.008950545498314,0.8411750793457031,9.230286121368408,5.363059890329319,15.447865638373939,0.7400364875793457,8.629183053970337,5.091267520080636,14.221982285493525,0.13893342018127441
2024 H2,2024-11-15 08:00:00,2024-11-15 10:00:00,2024-11-15 14:00:00,8.699999809265137,8.398694038391113,5.04534480779966,13.612144126720263,9.024979075273498,4.075564923178401,18.80079202626703,8.809631128718026,4.1520896563357645,17.677637483108736,8.862740278244019,5.364949305095636,14.28270550689568,0.4640462398529053,9.138730525970459,5.306113903687258,15.300666027954305,0.7400364875793457,8.360484838485718,4.921293317335552,13.797219410665413,-0.03820919990539551
2024 H2,2024-11-16 08:00:00,2024-11-16 10:00:00,2024-11-16 14:00:00,8.5,9.242530822753906,5.588110036898578,14.924056682036094,8.729979186563266,3.926208891985055,18.21812433187447,8.72819967965454,4.10932126668733,17.52259117551829,9.706577062606812,5.9095219292061785,15.5902639244837,0.4640462398529053,9.982567310333252,5.830965695011855,16.657354774022366,0.7400364875793457,9.38146424293518,5.567148593960499,15.411201647920247,0.13893342018127441
2024 H2,2024-11-17 08:00:00,2024-11-17 10:00:00,2024-11-17 14:00:00,7.199999809265137,8.421582221984863,5.060066742707133,13.647728372372331,8.955225500212473,4.040249258558286,18.663018568337453,8.890267295253912,4.1944403578132,17.831169564674553,8.885628461837769,5.37972026368828,14.318171651149996,0.4640462398529053,9.161618709564209,5.320349955471155,15.337464780598193,0.7400364875793457,8.560515642166138,5.04782961129164,14.113431630654409,0.13893342018127441
2024 H2,2024-11-18 08:00:00,2024-11-18 10:00:00,2024-11-18 14:00:00,7.699999809265137,6.977726936340332,4.131362922939058,11.402967403903107,9.079322801068953,4.103078707134574,18.908128790197264,7.599291184997474,3.5164103098986477,15.37313791492844,7.082809209823608,4.216265400070644,11.524632033010546,0.10508227348327637,7.431424617767334,4.244199347620429,12.555724405737902,0.45369768142700195,7.1166603565216064,4.134469801238288,11.830959747244204,0.13893342018127441
2024 H2,2024-11-19 09:00:00,2024-11-19 11:00:00,2024-11-19 15:00:00,5.900000095367432,10.406811714172363,6.33698848884165,16.73416350324985,9.286443106045473,4.2079420237483465,19.31722152270706,9.563459421410586,4.548005761485188,19.11293422267763,9.730525732040405,5.924977275546949,15.6273733334218,-0.676285982131958,10.860509395599365,6.377030389832106,18.068876728092533,0.45369768142700195,10.368602514266968,6.191596509873012,16.971687225494716,-0.03820919990539551
2024 H2,2024-11-20 08:00:00,2024-11-20 10:00:00,2024-11-20 14:00:00,7.099999904632568,9.216056823730469,5.571081665522268,14.882897571231869,8.933888637410918,4.029446579411219,18.62087516039073,8.388150898291508,3.9307251720817815,16.875134835770933,7.754993438720703,4.650061527709984,12.566208037934306,-1.4610633850097656,9.39376425743103,5.464740445319188,15.71069957917189,0.17770743370056152,9.177847623825073,5.4383439703925,15.089320907700225,-0.03820919990539551
2024 H2,2024-11-21 08:00:00,2024-11-21 10:00:00,2024-11-21 14:00:00,8.5,9.421826362609863,5.703434927410214,15.20280735302844,9.154333898020392,4.141056212092655,19.056286618682023,9.015932304194909,4.260440535009757,18.0704370203529,7.186014413833618,4.282869191006393,11.684552571843277,-2.235811948776245,9.383617162704468,5.458429129028326,15.694385465499767,-0.03820919990539551,9.383617162704468,5.568510496646377,15.414605021436625,-0.03820919990539551
2024 H2,2024-11-22 08:00:00,2024-11-22 10:00:00,2024-11-22 14:00:00,8.0,9.376670837402344,5.674390390079636,15.132604084387625,9.212987382627892,4.170751991690868,19.1721357832148,9.134224430237396,4.322568420453408,18.295666431972645,7.140858888626099,4.253727936072932,11.614582302497547,-2.235811948776245,9.142022609710693,5.308161522468843,15.305958915209589,-0.2346482276916504,9.124919652938843,5.404862580729838,15.005651438470938,-0.251751184463501
2024 H2,2024-11-23 08:00:00,2024-11-23 10:00:00,2024-11-23 14:00:00,7.099999904632568,10.364849090576172,6.309997661430663,16.668924236877494,8.668005624417898,3.8948321842804696,18.095717531226466,9.531788423848194,4.531371923086377,19.052632321063093,8.129037141799927,4.891451764178159,13.145803525557374,-2.235811948776245,9.776684999465942,5.702910481417023,16.326345010826177,-0.5881640911102295,10.113097906112671,6.029968372557721,16.56778103767092,-0.251751184463501
2024 H2,2024-11-24 08:00:00,2024-11-24 10:00:00,2024-11-24 14:00:00,7.5,10.35645580291748,6.304599005217303,16.6558751974615,8.694407800737991,3.908199390238671,18.147865670233013,9.451917773685777,4.4894232763791715,18.900557790461583,8.298577785491943,5.000865331990885,13.40851344753617,-2.057878017425537,9.680169820785522,5.6428797203040375,16.17117157069302,-0.676285982131958,10.009565591812134,5.9644754828865025,16.404115330473765,-0.3468902111053467
2024 H2,2024-11-25 08:00:00,2024-11-25 10:00:00,2024-11-25 14:00:00,7.199999809265137,9.819660186767578,5.95932607924631,15.821319366860521,8.874698052166499,3.9994788701528554,18.50396514396701,9.070594249342266,4.2891493863919905,18.17451392010452,7.761782169342041,4.654442655574223,12.576727444095736,-2.057878017425537,8.604288816452026,4.973700463318995,14.441410937195785,-1.2153713703155518,9.472018003463745,5.624431457650724,15.554350628568434,-0.347642183303833
2024 H2,2024-11-26 08:00:00,2024-11-26 10:00:00,2024-11-26 14:00:00,7.300000190734863,9.121219635009766,5.510081328233155,14.735454249372534,9.765544709958535,4.450507247795291,20.263516886248716,8.830541970201663,4.163072182457233,17.717451938063594,7.0633416175842285,4.20370193046684,11.494466230127237,-2.057878017425537,7.512988805770874,4.2949308527822,12.686860210667454,-1.6082308292388916,8.651849508285522,5.105605957328286,14.257813815969875,-0.46937012672424316
2024 H2,2024-11-27 08:00:00,2024-11-27 10:00:00,2024-11-27 14:00:00,8.100000381469727,6.4415998458862305,3.7865200001501536,10.569450929810548,8.76612608272985,3.9445097699108156,18.28951971016059,7.125578390757219,3.2676129030181627,14.471183934617434,4.2723472118377686,2.4025252389779537,7.169710191634997,-2.169252634048462,4.833369016647339,2.6282539877148166,8.378669244104689,-1.6082308292388916,5.972229719161987,3.4105212449316866,10.021823625184373,-0.46937012672424316
2024 H2,2024-11-28 08:00:00,2024-11-28 10:00:00,2024-11-28 14:00:00,8.899999618530273,10.289315223693848,6.261413435994141,16.551491778194972,9.07509154943069,4.100936459032603,18.899771452683552,8.92793203091126,4.214222151077654,17.9028836046088,8.226560115814209,4.954388510779131,13.296919224639966,-2.0627551078796387,8.477129220962524,4.894609408373845,14.236968567116545,-1.8121860027313232,9.724845170974731,5.784365888746481,15.954024271033553,-0.5644700527191162
2024 H2,2024-11-29 08:00:00,2024-11-29 10:00:00,2024-11-29 14:00:00,7.800000190734863,8.367337226867676,5.025175756976425,13.563393710176937,8.927785020647077,4.026356368158062,18.608819629377514,8.665814565399488,4.076556150685993,17.403809283201564,6.087918519973755,3.5742096806298207,9.983009624270137,-2.279418706893921,6.309459209442139,3.546356393537336,10.751871017073565,-2.057878017425537,7.779173135757446,4.553564811809688,12.878271625408459,-0.5881640911102295
2024 H2,2024-11-30 08:00:00,2024-11-30 10:00:00,2024-11-30 14:00:00,6.5,8.400982856750488,5.046817001290407,13.61570255128547,8.746299782315708,3.9344718761473643,18.25035988267337,8.676742480389102,4.082295571164147,17.424616144534475,6.3109917640686035,3.7181706742209175,10.328670424391742,-2.0899910926818848,6.315868854522705,3.5503430812056505,10.762176201095208,-2.085114002227783,7.812818765640259,4.574848500295941,12.931459230129425,-0.5881640911102295
2024 H2,2024-12-01 08:00:00,2024-12-01 10:00:00,2024-12-01 14:00:00,6.0,10.11619758605957,6.15006224107961,16.282345888174866,8.61238636345025,3.8666726072977324,17.985861399776642,9.363862202312964,4.443175849488218,18.732899086593036,8.136372566223145,4.896185702542947,13.157170055351877,-1.9798250198364258,8.031083583831787,4.6171767863326405,13.519833325631438,-2.085114002227783,9.52803349494934,5.659865963568325,15.642900904778564,-0.5881640911102295
2024 H2,2024-12-02 08:00:00,2024-12-02 10:00:00,2024-12-02 14:00:00,6.900000095367432,10.375530242919922,6.316867897720816,16.68553021818179,8.990562475262722,4.058140080046249,18.732814234598063,9.758631101046472,4.650511347950918,19.484543086596744,8.285539150238037,4.992450809245942,13.388309567359295,-2.0899910926818848,8.207486152648926,4.72689611352202,13.803446678742644,-2.168044090270996,9.787366151809692,5.823915663400164,16.052858539466023,-0.5881640911102295
2024 H2,2024-12-03 08:00:00,2024-12-03 10:00:00,2024-12-03 14:00:00,7.0,8.177807807922363,4.903268321319282,13.268732433347402,8.649424323313228,3.885424623486004,18.059016758487846,9.066840818236281,4.28717805706032,18.16736734908717,5.888124465942383,3.4452719828406586,9.67342084836719,-2.2896833419799805,5.937118768692017,3.314767120668814,10.153236192149256,-2.2406890392303467,7.546417951583862,4.406327597028278,12.510328127970611,-0.631389856338501
2024 H2,2024-12-04 08:00:00,2024-12-04 10:00:00,2024-12-04 14:00:00,7.300000190734863,9.6561279296875,5.854140307988237,15.567075862384122,8.410306833035225,3.7643613936218188,17.586724930316773,8.84555414386285,4.170956685312034,17.74603526946495,7.3664445877075195,4.399310350097874,11.964136250829068,-2.2896833419799805,7.488083839416504,4.279440397227054,12.646818951267162,-2.168044090270996,8.94206428527832,5.289191193483369,14.71659045045823,-0.7140636444091797
2024 H2,2024-12-05 08:00:00,2024-12-05 10:00:00,2024-12-05 14:00:00,6.5,8.48546314239502,5.101155663033889,13.747044001987245,8.519024224623472,3.819404119909973,17.80145759402744,8.65609059776022,4.071449052117714,17.385294749874006,6.141659736633301,3.608891737541195,10.066283761540262,-2.3438034057617188,6.317419052124023,3.551307277129598,10.764668549946151,-2.168044090270996,7.333643913269043,4.271730136221979,12.173971178072808,-1.1518192291259766
2024 H2,2024-12-06 08:00:00,2024-12-06 10:00:00,2024-12-06 14:00:00,7.900000095367432,10.259559631347656,6.242274307200473,16.505230776170386,8.51054227751937,3.8151097794551374,17.784704514612002,9.192654039487257,4.353256076440662,18.406917002511808,7.738737106323242,4.639570454369559,12.541018208977679,-2.520822525024414,7.980140924453735,4.58549133895125,13.437929651895326,-2.279418706893921,8.651328802108765,5.105276566911235,14.256990674468238,-1.6082308292388916
2024 H2,2024-12-07 08:00:00,2024-12-07 10:00:00,2024-12-07 14:00:00,6.5,10.936240196228027,6.6775227920143,17.557265654781567,8.68820658080662,3.905059763299975,18.135617358765398,9.643457452744993,4.590021309710913,19.265251288326727,8.531250715255737,5.151021511798379,13.76904933966044,-2.40498948097229,8.595635414123535,4.968318197699239,14.427498325454016,-2.340604782104492,9.241228342056274,5.4784376012018035,15.189514264161485,-1.695011854171753
2024 H2,2024-12-07 14:39:56,2024-12-07 16:39:56,2024-12-07 20:39:56,9.300000190734863,9.144108772277832,5.524803876554583,14.771039977701506,8.98633464892462,4.055999566145737,18.724463662550455,8.62065395768927,4.052837470869735,17.31782302660738,6.623286247253418,3.9197108646401153,10.812583057523705,-2.520822525024414,6.80350399017334,3.8536436473836386,11.54617745937664,-2.340604782104492,7.333526372909546,4.271655782066481,12.17378536820087,-1.8105823993682861
2024 H2,2024-12-08 08:00:00,2024-12-08 10:00:00,2024-12-08 14:00:00,8.5,7.413708686828613,4.411791246368225,12.080787976498858,8.828179761333828,3.9759270399232167,18.41208475246904,7.8599607015458774,3.6533158369576024,15.869455326776382,5.002582311630249,2.873784671940342,8.30123831324077,-2.4111263751983643,5.073103904724121,2.7773649150668573,8.764105895742553,-2.340604782104492,5.603126287460327,3.1770323048551345,9.438338414924408,-1.8105823993682861
2024 H2,2024-12-09 08:00:00,2024-12-09 10:00:00,2024-12-09 14:00:00,5.0,11.03751277923584,6.7426624466682314,17.714714080376744,8.82496697463439,3.9743004322909345,18.405739031367506,9.882778325418762,4.715714373646631,19.720920665012667,8.626386404037476,5.21241761664531,13.91646584600951,-2.4111263751983643,8.803405523300171,5.097547588981832,14.761543219102649,-2.234107255935669,9.226930379867554,5.469392938513872,15.166911793532822,-1.8105823993682861
2024 H2,2024-12-10 08:00:00,2024-12-10 10:00:00,2024-12-10 14:00:00,7.900000095367432,13.11990737915039,8.082081873554742,20.952211747431793,9.510026841190307,4.321140640421106,19.758831924765474,11.47438596968246,5.551638291004732,22.751357814466118,10.405684471130371,6.360693012346725,16.67355845934261,-2.7142229080200195,10.885800123214722,6.392760782176694,18.10953819980301,-2.234107255935669,11.212231874465942,6.725262978976805,18.30531138701443,-1.9076755046844482
2024 H2,2024-12-10 14:00:00,2024-12-10 16:00:00,2024-12-10 20:00:00,7.300000190734863,14.292580604553223,8.83635836829722,22.77536612538464,8.986224810001552,4.055943955597232,18.724246714698918,12.867509684119575,6.283317003992741,25.403879541934863,11.429376125335693,7.0213355213499575,18.259809099603032,-2.8632044792175293,11.941711187362671,7.049519083980283,19.807191921618447,-2.3508694171905518,12.360072612762451,7.451368710711548,20.11983825673813,-1.9325079917907715
2024 H2,2024-12-11 08:00:00,2024-12-11 10:00:00,2024-12-11 14:00:00,8.0,11.498040199279785,7.038878818457754,18.430695791080534,8.98567813934133,4.055667180712545,18.723166960619768,10.893084643833939,5.246334604370612,21.644554175248334,8.634835720062256,5.2178704083282765,13.929558394824394,-2.8632044792175293,9.037474632263184,5.243134500348534,15.137870646179787,-2.4605655670166016,9.51821517944336,5.653655053877618,15.62737993857948,-1.9798250198364258
2024 H2,2024-12-12 08:00:00,2024-12-12 10:00:00,2024-12-12 14:00:00,5.300000190734863,8.88546371459961,5.358440491374554,14.368924657741045,8.800411168597465,3.9618680285077876,18.357237742265195,9.042821684096324,4.274563033015804,18.121634673287474,5.679619789123535,3.3107128582579315,9.350334618502453,-3.205843925476074,6.364641189575195,3.580678624635074,10.840590509775934,-2.520822525024414,6.800349712371826,3.9343767360045883,11.330930306015993,-2.085114002227783
2024 H2,2024-12-13 08:00:00,2024-12-13 10:00:00,2024-12-13 14:00:00,7.5,5.9686970710754395,3.482343662180346,9.834229262285756,8.25036761000261,3.6833854729571067,17.270821698167122,6.503210481132723,2.9407407477314513,13.286189102033383,2.6392393112182617,1.3485941099058814,4.639145013800242,-3.3294577598571777,3.25447416305542,1.6462088723828625,5.840182040432394,-2.7142229080200195,3.8006529808044434,2.0368164581828374,6.588956843278228,-2.168044090270996
2024 H2,2024-12-14 08:00:00,2024-12-14 10:00:00,2024-12-14 14:00:00,9.600000381469727,9.56978988647461,5.7986067158614345,15.432846157076927,8.806725284279407,3.9650648136417534,18.36970903926334,9.376510784088948,4.449818976684366,18.756982114995154,6.240332126617432,3.672570263218994,10.21918052605463,-3.3294577598571777,6.85556697845459,3.8860259198414098,11.629882355390603,-2.7142229080200195,7.401745796203613,4.314810300473777,12.2816278349074,-2.168044090270996
2024 H2,2024-12-15 08:00:00,2024-12-15 10:00:00,2024-12-15 14:00:00,8.5,12.481026649475098,7.671146664240602,19.95894425051499,9.256764489336781,4.192915982815589,19.258601937303084,11.753754730584024,5.6983647972777955,23.283278777829242,9.15156888961792,5.551345724081876,14.730256845069903,-3.3294577598571777,9.960204124450684,5.817056182665749,16.621400092767242,-2.520822525024414,10.312982559204102,6.1564122139837485,16.883762220232946,-2.168044090270996
2024 H2,2024-12-16 08:00:00,2024-12-16 10:00:00,2024-12-16 14:00:00,6.099999904632568,6.219400882720947,3.6435991493614344,10.223998331681848,7.766820202126978,3.438569374720967,16.3157452250599,6.984251187951805,3.193386827625683,14.202095502456755,3.4850239753723145,1.8944238041383192,5.949721748039907,-2.734376907348633,3.698578357696533,1.922433950989939,6.554195904388549,-2.520822525024414,4.004682540893555,2.1658823016237,6.911490367875928,-2.2147183418273926
2024 H2,2024-12-17 08:00:00,2024-12-17 10:00:00,2024-12-17 14:00:00,11.300000190734863,9.490315437316895,5.747487863965009,15.309287277434642,8.472589883677717,3.7958947928215525,17.70974301576847,8.830609147050291,4.163107464226998,17.717579843466925,5.869281053543091,3.4331113295868083,9.644222236792814,-3.6210343837738037,6.776092529296875,3.836594195865949,11.502106353241503,-2.7142229080200195,7.214411020278931,4.196305311049872,11.985485719361407,-2.275904417037964
2024 H2,2024-12-17 15:00:00,2024-12-17 17:00:00,2024-12-17 21:00:00,7.400000095367432,8.72286319732666,5.25385402555001,14.116129728598073,8.57562262542555,3.848059427383638,17.913247669087582,9.555597457568814,4.5438766008616955,19.097964963526586,5.1018288135528564,2.9378337024961736,8.455024686873518,-3.6210343837738037,6.008640289306641,3.359252261525988,10.268225777715623,-2.7142229080200195,6.446958780288696,3.7108272724183258,10.772283692084871,-2.275904417037964
2024 H2,2024-12-18 08:00:00,2024-12-18 10:00:00,2024-12-18 14:00:00,8.0,12.914212226867676,7.949776457955243,20.632417614433585,9.211429990422262,4.1699634967532555,19.1690597070519,11.777815251697554,5.711001558062017,23.329090254847735,10.179835319519043,6.214940578433813,16.323596280913158,-2.734376907348633,10.199989318847656,5.966198399673274,17.006917624996852,-2.7142229080200195,10.638307809829712,6.36220777540272,17.398042110260057,-2.275904417037964
2024 H2,2024-12-19 08:00:00,2024-12-19 10:00:00,2024-12-19 14:00:00,8.5,11.060690879821777,6.757570859417863,17.750749059807067,8.901660002503704,4.01312948511818,18.55721891808872,10.277402543685794,4.922973884875455,20.472289191936056,9.720301866531372,5.918379272980597,15.6115310501102,-1.3403890132904053,8.649564504623413,5.0018611532540165,14.514203469769477,-2.4111263751983643,8.784786462783813,5.189699753096349,14.467962896646672,-2.275904417037964
2024 H2,2024-12-20 08:00:00,2024-12-20 10:00:00,2024-12-20 14:00:00,11.300000190734863,10.829303741455078,6.608740071884726,17.391011611064414,8.566199397117728,3.8432885239530017,17.89463542236485,10.217253666946915,4.891383257091363,20.35776511860409,9.876949548721313,6.019472329045258,15.854262819142741,-0.9523541927337646,8.553399324417114,4.942048085099559,14.359592743895499,-2.275904417037964,8.553399324417114,5.043327942258632,14.102182030132072,-2.275904417037964
2024 H2,2024-12-20 21:41:32,2024-12-20 23:41:32,2024-12-21 03:41:32,13.100000381469727,9.122204780578613,5.510714984848131,14.736985854612476,8.70563854972383,3.913885426606979,18.170048033238263,9.362934792274748,4.442688766987116,18.73113328844378,8.831663370132446,5.344893728338171,14.234550610656381,-0.290541410446167,6.846300363540649,3.8802622466676104,11.61498384373425,-2.275904417037964,6.907486438751221,4.002149719231186,11.500293931354955,-2.2147183418273926
2024 H2,2024-12-22 08:00:00,2024-12-22 10:00:00,2024-12-22 14:00:00,9.699999809265137,,,,8.917091051124418,4.020942098842266,18.587697483898356,8.917091051124418,4.208528389600647,17.882242268786538,,,,-0.14319610595703125,,,,-1.8684806823730469,,,,-2.168044090270996
2024 H2,2024-12-23 08:00:00,2024-12-23 10:00:00,2024-12-23 14:00:00,7.099999904632568,10.084986686706543,6.1299870425914085,16.23382232119757,8.27584639913785,3.696285175534925,17.3211460131567,9.260650885399414,4.3889685147465105,18.53638368900361,9.941790580749512,6.061317685417456,15.9547365586202,-0.14319610595703125,9.132632493972778,5.302321033932293,15.29086184361709,-0.9523541927337646,7.916942596435547,4.640715573861252,13.096060017026927,-2.168044090270996
2024 H2,2024-12-24 08:00:00,2024-12-24 10:00:00,2024-12-24 14:00:00,8.699999809265137,9.61223316192627,5.825906703905477,15.498832692607971,9.235106258951891,4.181950597889171,19.215823781629325,9.01089616514521,4.2577955181314096,18.060848160359033,9.321691751480103,5.661135028153804,14.99386893709317,-0.290541410446167,8.659878969192505,5.008276570673548,14.53078667432031,-0.9523541927337646,7.397514820098877,4.312133852515465,12.274939433310333,-2.2147183418273926
2024 H2,2024-12-25 08:00:00,2024-12-25 10:00:00,2024-12-25 14:00:00,8.5,9.006062507629395,5.436010979815981,14.556419530758681,8.140468717403749,3.627744562369399,17.05375539808532,8.730599799263269,4.110581826972202,17.52716102767479,8.715521097183228,5.269940960786232,14.054583572661901,-0.290541410446167,8.490928888320923,4.903192561261887,14.259155148398094,-0.5151336193084717,6.91607141494751,4.007580438158431,11.51386521303574,-2.0899910926818848
2024 H2,2024-12-26 08:00:00,2024-12-26 10:00:00,2024-12-26 14:00:00,7.699999809265137,7.894958972930908,4.72133679668158,12.828987514948341,8.600234009055415,3.860519969647585,17.96185873202094,8.003336355171479,3.728617773628016,16.142444030141892,7.822911739349365,4.6938928086921345,12.671450126618959,-0.07204723358154297,7.3798253536224365,4.212105503503488,12.472765067785316,-0.5151336193084717,5.804967880249023,3.3047140751012813,9.757413162250817,-2.0899910926818848
2024 H2,2024-12-27 08:00:00,2024-12-27 10:00:00,2024-12-27 14:00:00,8.300000190734863,7.287819862365723,4.33081815072131,11.885068694704891,8.557899019761566,3.8390861107766994,17.8782409696149,7.668327772387553,3.552668827995202,15.5045842797737,6.997278451919556,4.161067866451455,11.392098746322198,-0.290541410446167,6.244594573974609,3.5060117193661835,10.647584118721467,-1.0432252883911133,5.197828769683838,2.9206475635781164,8.797636955478751,-2.0899910926818848
2024 H2,2024-12-28 08:00:00,2024-12-28 10:00:00,2024-12-28 14:00:00,9.300000190734863,9.653453826904297,5.852420295259882,15.562918436350444,8.54604187602739,3.8330829358698613,17.85482138585885,8.781494210433342,4.137311942092127,17.624064504398593,9.531419277191162,5.796483321972174,15.31885001960249,-0.12203454971313477,9.138320207595825,5.30585869280059,15.300006333649094,-0.5151336193084717,7.673628807067871,4.486799153947316,12.711425290403476,-1.9798250198364258
2024 H2,2024-12-29 08:00:00,2024-12-29 10:00:00,2024-12-29 14:00:00,8.100000381469727,8.296456336975098,4.979584378223801,13.453195232100102,8.410273240775153,3.764344386135256,17.58665858071641,8.306676216122854,3.8879340760918937,16.720006211908338,8.25919485092163,4.9754494359058095,13.347488035322577,-0.0372614860534668,8.00591492652893,4.601522319597568,13.479368113935067,-0.290541410446167,6.33671236038208,3.641087146696502,10.598004208409916,-1.9597439765930176
2024 H2,2024-12-30 08:00:00,2024-12-30 10:00:00,2024-12-30 14:00:00,6.400000095367432,9.434832572937012,5.711800666921386,15.223028100620228,8.510705646096621,3.815192491629798,17.785027191317607,8.656049600588153,4.071427520104596,17.385216690841244,9.397571086883545,5.71010398703561,15.111446963515279,-0.0372614860534668,9.144291162490845,5.309572522809715,15.30960620824507,-0.290541410446167,7.425417900085449,4.329784895587322,12.319049113943228,-2.0094146728515625
2024 H2,2024-12-31 02:50:00,2024-12-31 04:50:00,2024-12-31 08:50:00,2.0999999046325684,,,,8.138962707328853,3.6269820817843823,17.05078080910528,8.138962707328853,3.7998497207734,16.400677984661947,,,,-0.34662675857543945,,,,-0.290541410446167,,,,-2.0094146728515625
2024 H2,2024-12-31 08:00:00,2024-12-31 10:00:00,2024-12-31 14:00:00,2.700000047683716,3.4355645179748535,1.8530045577470298,5.89596956292769,7.926882596602891,3.5196076560801455,16.631891738728047,4.218562882836888,1.7408272030627667,8.936196828348248,3.088937759399414,1.6388083652246699,5.335970516304921,-0.34662675857543945,3.1450231075286865,1.578132221044473,5.664210788609663,-0.290541410446167,1.426149845123291,0.5347436711523226,2.835300435917267,-2.0094146728515625
2025 H1,2025-01-01 08:00:00,2025-01-01 10:00:00,2025-01-01 14:00:00,3.5,5.303370952606201,3.361694991860351,8.109413987063984,7.041494598338125,4.5401102676224205,10.67226503649592,6.0764125309745936,3.8322592559562323,9.362774771823586,4.038843393325806,2.6091287142370083,6.034923038989123,-1.2645275592803955,4.990756869316101,3.333368673987042,7.282048117137742,-0.3126140832901001,3.2939562797546387,1.984582693479284,5.177768360289621,-2.0094146728515625
2025 H1,2025-01-02 08:00:00,2025-01-02 10:00:00,2025-01-02 14:00:00,7.099999904632568,8.218537330627441,5.378880191185759,12.322311748948946,7.705670407075173,4.997687795343571,11.63631916543981,8.63127557476837,5.576894766821888,13.104143746541096,7.75197446346283,5.268700945179456,11.218968120980087,-0.4665628671646118,7.842845559120178,5.396405457724962,11.224978247433329,-0.3756917715072632,6.25348162651062,4.041647916170817,9.435674323344513,-1.9650557041168213
2025 H1,2025-01-03 08:00:00,2025-01-03 10:00:00,2025-01-03 14:00:00,7.699999809265137,7.2473673820495605,4.706867210701716,10.918810482736179,7.8311341899429205,5.084124860391654,11.818430402126628,8.109396968217762,5.220520302225434,12.33989909089886,6.314769864082336,4.239286854888786,9.2124315095595,-0.9325975179672241,6.871675610542297,4.693917020272243,9.882363880084045,-0.3756917715072632,5.3296287059783936,3.3995092314009914,8.106515624422855,-1.917738676071167
2025 H1,2025-01-04 08:00:00,2025-01-04 10:00:00,2025-01-04 14:00:00,5.400000095367432,7.637026309967041,4.97649649433584,11.48193210683927,6.850729353051076,4.4086843888636755,10.395368437796128,8.240082120656222,5.309761077084531,12.531275836504545,6.463592767715454,4.345882947069356,9.42020888856767,-1.173433542251587,7.261334538459778,4.975773858833905,10.42105607886348,-0.3756917715072632,5.82169246673584,3.741525984428789,8.81445388331593,-1.8153338432312012
2025 H1,2025-01-05 08:00:00,2025-01-05 10:00:00,2025-01-05 14:00:00,5.300000190734863,5.833559989929199,3.7285658116515994,8.875624871476742,5.40005527637215,3.409256453061354,8.289708588435566,6.10338999728351,3.850681318082047,9.40228086421858,5.238154411315918,3.4681488294607123,7.709327272815372,-0.5954055786132812,5.430419683456421,3.651395445474122,7.889869242491142,-0.4031403064727783,4.205402612686157,2.6180979819623817,6.489077547165663,-1.628157377243042
2025 H1,2025-01-06 08:00:00,2025-01-06 10:00:00,2025-01-06 14:00:00,4.800000190734863,4.839472770690918,3.040694944107105,7.439004357250683,5.842457354472385,3.7140451046395233,8.931857164814598,5.810041243313922,3.6503626925937813,8.972697787528835,4.208667039871216,2.730766826648938,6.2720203627975755,-0.6308057308197021,4.4220545291900635,2.9220021372898803,6.495833578975328,-0.4174182415008545,3.3302128314971924,2.009783387153381,5.229931112682888,-1.5092599391937256
2025 H1,2025-01-07 08:00:00,2025-01-07 10:00:00,2025-01-07 14:00:00,5.099999904632568,5.238875865936279,3.3170668240684034,8.016207915419892,6.053829452005216,3.859667875818469,9.238664700845666,6.5330780616781565,4.144101764848876,10.031520696403616,4.345476865768433,2.8287584156888803,6.463025821994664,-0.8933990001678467,4.7094643115997314,3.129897829747462,6.893169291169684,-0.5294115543365479,4.009650468826294,2.4820373370205098,6.2074465006414945,-1.2292253971099854
2025 H1,2025-01-08 08:00:00,2025-01-08 10:00:00,2025-01-08 14:00:00,3.5999999046325684,4.554234981536865,2.843321150656451,7.0267885562617165,5.685740373422809,3.606076449658026,8.704381772502803,6.287119149637222,3.976144169938699,9.671335814947595,3.790123701095581,2.430980414527338,5.687675911714184,-0.7641112804412842,4.024823427200317,2.634668023880563,5.946673068530792,-0.5294115543365479,3.6608359813690186,2.239588272644075,5.705602754727219,-0.8933990001678467
2025 H1,2025-01-09 08:00:00,2025-01-09 10:00:00,2025-01-09 14:00:00,3.9000000953674316,5.17517614364624,3.2729890184332326,7.924151276906329,5.9344255585175025,3.7774057132048076,9.065349420441681,6.296137162893504,3.9823022871820415,9.684541890745907,4.411064863204956,2.8757365625332545,6.554595747517362,-0.7641112804412842,4.51245903968811,2.9873955562393113,6.620815200210204,-0.6627171039581299,4.2817771434783936,2.671183315853609,6.598958535494498,-0.8933990001678467
2025 H1,2025-01-10 08:00:00,2025-01-10 10:00:00,2025-01-10 14:00:00,3.5,5.483057975769043,3.486031635685449,8.369091466685694,5.271064469326308,3.320389478669397,8.102477860528126,5.957854210718107,3.751299512877047,9.189156689954283,4.589658975601196,3.003656620556233,6.803937855983814,-0.8933990001678467,4.718946695327759,3.1367568403029096,6.906278412439973,-0.7641112804412842,4.589658975601196,2.8851814862874536,7.041911960559399,-0.8933990001678467
2025 H1,2025-01-11 08:00:00,2025-01-11 10:00:00,2025-01-11 14:00:00,3.5999999046325684,5.313264846801758,3.3685411935335865,8.123712301227817,5.824540933717202,3.7017017590871495,8.905851400711605,5.9882805732035616,3.7720767175837895,9.233713383078447,4.419865846633911,2.882040366705664,6.566883138939789,-0.8933990001678467,4.419865846633911,2.920418970315652,6.492807788638878,-0.8933990001678467,4.419865846633911,2.767164068043873,6.797628471956063,-0.8933990001678467
2025 H1,2025-01-12 08:00:00,2025-01-12 10:00:00,2025-01-12 14:00:00,4.199999809265137,4.379405975341797,2.722346071371665,6.77413171496962,5.7565988027679085,3.654893682221175,8.807233096628138,5.560342245977726,3.4798511112240833,8.607035884860078,3.37849497795105,2.1361466742540407,5.112985221427057,-1.000910997390747,3.48600697517395,2.244919218316626,5.201774906356294,-0.8933990001678467,3.48600697517395,2.118070587736999,5.454074086858601,-0.8933990001678467
2025 H1,2025-01-13 08:00:00,2025-01-13 10:00:00,2025-01-13 14:00:00,6.0,5.902240753173828,3.7760903097865834,8.974879938336514,5.9889013058823,3.814936254775337,9.144421209090833,6.823182921934395,4.342205237482067,10.456353380180563,4.901329755783081,3.226894350792704,7.2390734180426435,-1.000910997390747,4.901329755783081,3.2686822477403172,7.158417718940368,-1.000910997390747,5.0088417530059814,3.1765411512066293,7.644995441320311,-0.8933990001678467
2025 H1,2025-01-14 08:00:00,2025-01-14 10:00:00,2025-01-14 14:00:00,1.600000023841858,,,,5.670935070654781,3.595876478884264,8.682891809941651,5.670935070654781,3.5553714682339144,8.76898920915988,,,,-1.000910997390747,,,,-1.000910997390747,,,,-0.8933990001678467
2025 H1,2025-01-15 08:00:00,2025-01-15 10:00:00,2025-01-15 14:00:00,1.899999976158142,,,,6.185101366656938,3.9501063973294777,9.429206466549251,6.185101366656938,3.9064794388449737,9.521939874120521,,,,-1.176415503025055,,,,-1.000910997390747,,,,-1.000910997390747
2025 H1,2025-01-16 08:00:00,2025-01-16 10:00:00,2025-01-16 14:00:00,7.099999904632568,8.485671997070312,5.56372730640978,12.70836554226381,6.204715464447025,3.9636193411271976,9.457676416389788,8.365110224454432,5.39513883158782,12.714368339116257,7.069591701030731,4.779936554276542,10.26626730412177,-1.4160802960395813,7.309256494045258,5.010437842978202,10.487306796541425,-1.176415503025055,7.484760999679565,4.897468252610768,11.207131287194878,-1.000910997390747
2025 H1,2025-01-17 08:00:00,2025-01-17 10:00:00,2025-01-17 14:00:00,8.199999809265137,7.717368125915527,5.032090001190232,11.598039324302759,7.2900453812747035,4.7113469360966,11.03303759910684,8.065791049088071,5.190743193357544,12.27604211299072,6.301287829875946,4.229630195020163,9.19360872312867,-1.4160802960395813,6.540952622890472,4.454691048375736,9.425148914274782,-1.176415503025055,6.823969125747681,4.438174337526579,10.25644179117929,-0.8933990001678467
2025 H1,2025-01-18 08:00:00,2025-01-18 10:00:00,2025-01-18 14:00:00,7.599999904632568,7.205913543701172,4.678182717836388,10.858902827339163,8.355899281920342,5.445656717262485,12.580129258049192,7.925889111022284,5.095208565862967,12.071168207184426,5.789833247661591,3.8632950512959265,8.47954731201553,-1.4160802960395813,6.205002546310425,4.211684101234896,8.960707649191411,-1.000910997390747,6.441802263259888,4.172543173748749,9.706613568064933,-0.7641112804412842
2025 H1,2025-01-19 08:00:00,2025-01-19 10:00:00,2025-01-19 14:00:00,6.900000095367432,8.700407981872559,5.712316509952831,13.018694570682285,7.181397554172478,4.636495061843237,10.875334796715027,8.383557359547442,5.40773579917682,12.741382522548543,7.523992478847504,5.105406263686917,10.900673704811249,-1.176415503025055,7.807008981704712,5.370483340479561,11.175435215562246,-0.8933990001678467,8.037690877914429,5.281790969883911,12.002638387097933,-0.6627171039581299
2025 H1,2025-01-20 08:00:00,2025-01-20 10:00:00,2025-01-20 14:00:00,10.600000381469727,8.977211952209473,5.903854418831001,13.418722108014418,7.474329573580175,4.838307755813254,11.300526920690242,8.941706897040449,5.788878540212978,13.558742720349354,7.662252128124237,5.204436305161503,11.093703318183984,-1.3149598240852356,7.976300954818726,5.492939408895081,11.4094764724119,-1.000910997390747,8.314494848251343,5.474187977568655,12.40087970548594,-0.6627171039581299
2025 H1,2025-01-21 08:00:00,2025-01-21 10:00:00,2025-01-21 14:00:00,8.300000190734863,10.318591117858887,6.832038216514654,15.357236947993936,7.836865899406949,5.088073666433165,11.82675000380741,9.786876238038099,6.3660180657860925,14.79641781157287,9.437787532806396,6.476183670969836,13.572596577991192,-0.8808035850524902,9.42519211769104,6.540983873754879,13.412526602665986,-0.8933990001678467,9.655874013900757,6.406534928110893,14.330738611542179,-0.6627171039581299
2025 H1,2025-01-22 08:00:00,2025-01-22 10:00:00,2025-01-22 14:00:00,6.099999904632568,8.678353309631348,5.697055508468881,12.986821920110907,8.09526558765433,5.266095643380783,12.201818296111515,8.770568182739158,5.672013301984566,13.308125342789614,7.797549724578857,5.301344742716519,11.282597495700829,-0.8808035850524902,7.677442312240601,5.276762270021111,10.996313042139514,-1.000910997390747,7.9142420291900635,5.1959858816556395,11.825030991475556,-0.7641112804412842
2025 H1,2025-01-23 08:00:00,2025-01-23 10:00:00,2025-01-23 14:00:00,6.099999904632568,8.697774887084961,5.710494507656838,13.014889313040348,7.591932678993589,4.91932928282389,11.471228349226179,8.384809880084788,5.408591106005438,12.743216727121661,7.816971302032471,5.315255667782472,11.309712706874672,-0.8808035850524902,7.696863889694214,5.290810721188937,11.023162811290621,-1.000910997390747,7.933663606643677,5.209485158353314,11.852973056760561,-0.7641112804412842
2025 H1,2025-01-23 20:00:00,2025-01-23 22:00:00,2025-01-24 02:00:00,5.900000095367432,9.064228057861328,5.964066282465009,13.544474778432317,7.39033296918517,4.780439104064068,11.178605477272644,8.692544779926179,5.618733577438561,13.193867030863467,7.7492682337760925,5.266762577481293,11.215189849641618,-1.3149598240852356,7.901866674423218,5.439097935109235,11.306573232429388,-1.1623613834381104,8.300116777420044,5.464194270466643,12.380193795971117,-0.7641112804412842
2025 H1,2025-01-24 08:00:00,2025-01-24 10:00:00,2025-01-24 14:00:00,6.699999809265137,11.435638427734375,7.604992829814148,16.9715551382608,8.564887947130416,5.589637445694026,12.883477231504228,10.576732832325972,6.905386258626593,15.953092320417195,9.979410648345947,6.864127368759195,14.328777438663531,-1.4562277793884277,10.12067860364914,7.044058763485165,14.374016555801335,-1.3149598240852356,10.542239427566528,7.022617324244796,15.605963567608171,-0.8933990001678467
2025 H1,2025-01-25 08:00:00,2025-01-25 10:00:00,2025-01-25 14:00:00,7.5,7.6502275466918945,4.985631252315672,11.501010078193346,8.335716899771453,5.431752259428086,12.550834440944127,8.352688966378324,5.386656745637325,12.69617851492752,6.193999767303467,4.1527839036990075,9.04381973302047,-1.4562277793884277,6.234147250652313,4.2327657027024195,9.000999360069477,-1.4160802960395813,6.6493165493011475,4.316779282925864,10.005166954986473,-1.000910997390747
2025 H1,2025-01-26 08:00:00,2025-01-26 10:00:00,2025-01-26 14:00:00,8.899999618530273,10.089177131652832,6.673292389524425,15.025695778913692,7.545069913841682,4.887043632039406,11.403206837987563,8.937714870171602,5.786152510787393,13.552896753181123,8.325297355651855,5.679349967427215,12.019406258903311,-1.7638797760009766,8.531828880310059,5.894776332402873,12.177477763350314,-1.5573482513427734,8.926815748214722,5.899791370295975,13.281833407779798,-1.1623613834381104
2025 H1,2025-01-27 08:00:00,2025-01-27 10:00:00,2025-01-27 14:00:00,6.0,8.491092681884766,5.567478215881144,12.716199328731323,7.616637639926866,4.936349527761434,11.507087709473598,8.578520200210647,5.54086978299115,13.0268882075018,6.727212905883789,4.534703860133392,9.788259101439609,-1.7638797760009766,6.933744430541992,4.738814031799389,9.968172228682594,-1.5573482513427734,7.4901816844940186,4.901235985915436,11.214930093926032,-1.000910997390747
2025 H1,2025-01-28 08:00:00,2025-01-28 10:00:00,2025-01-28 14:00:00,7.900000095367432,9.8422212600708,6.502408239378623,14.668803682971474,8.294554211808379,5.403393621933721,12.491086616998704,8.868603320677737,5.738958410206995,13.451689055297232,8.078341484069824,5.502465024256189,11.674621669466134,-1.7638797760009766,8.42614096403122,5.818327777468617,12.031367275624696,-1.4160802960395813,8.841310262680054,5.840359420900604,13.15881560118083,-1.000910997390747
2025 H1,2025-01-29 08:00:00,2025-01-29 10:00:00,2025-01-29 14:00:00,6.199999809265137,9.636486053466797,6.360047234919094,14.371482268325057,8.335680265944672,5.4317270209058925,12.550781266782254,9.155986089386275,5.935203052250623,13.872535478876141,7.83087158203125,5.325211900942242,11.32911942234063,-1.8056144714355469,8.079137802124023,5.567325664649647,11.551645439735465,-1.5573482513427734,8.474124670028687,5.585141227299241,12.630541117499908,-1.1623613834381104
2025 H1,2025-01-30 08:00:00,2025-01-30 10:00:00,2025-01-30 14:00:00,5.900000095367432,10.45106315612793,6.923703871324439,15.54868096221683,8.663845615724973,5.6578133785553115,13.02711472589092,9.269078260388424,6.01243013415254,14.0381488728695,8.368215322494507,5.710090447810797,12.079325682898078,-2.082847833633423,8.893714904785156,6.156543851302889,12.677774726322308,-1.5573482513427734,9.136103332042694,6.045260038339506,13.582938060304995,-1.3149598240852356
2025 H1,2025-01-31 08:00:00,2025-01-31 10:00:00,2025-01-31 14:00:00,7.400000095367432,11.470381736755371,7.629033889446675,17.021764968450455,8.670671624244646,5.66251609139361,13.037022707499148,10.81766818471143,7.069913422857839,16.305920646975565,9.12486720085144,6.25205093510765,13.135716468648265,-2.3455145359039307,9.913033485412598,6.893860237605865,14.086953185005566,-1.5573482513427734,10.155421912670135,6.753753650448747,15.049444392972026,-1.3149598240852356
2025 H1,2025-02-01 08:00:00,2025-02-01 10:00:00,2025-02-01 14:00:00,9.600000381469727,10.786572456359863,7.155863654644687,16.03354741467576,8.488083569932241,5.536723809614251,12.771995337727247,10.036211705038202,6.536281403738138,15.161547356499735,8.318819761276245,5.674710317008397,12.010362640288255,-2.467752695083618,9.133287906646729,6.329837170335293,13.00897747286461,-1.6532845497131348,9.370492160320282,6.208175726074956,13.920156185735326,-1.4160802960395813
2025 H1,2025-02-02 08:00:00,2025-02-02 10:00:00,2025-02-02 14:00:00,10.5,7.818995952606201,5.102412624758354,11.744908349288215,8.790554499866516,5.7451082441362225,13.211033232592946,9.071429561005015,5.877462062005445,13.748709987461268,5.351243257522583,3.549149997833006,7.867214960034568,-2.467752695083618,6.165711402893066,4.18326314979853,8.906388779729921,-1.6532845497131348,6.40291565656662,4.1455144184975445,9.650666922869366,-1.4160802960395813
2025 H1,2025-02-03 02:48:22,2025-02-03 04:48:22,2025-02-03 08:48:22,10.699999809265137,,,,9.051646344209743,5.924984956101845,13.590009201397487,9.051646344209743,5.863952726299945,13.719739231585434,,,,-1.9278526306152344,,,,-1.6532845497131348,,,,-1.3149598240852356
2025 H1,2025-02-03 08:00:00,2025-02-03 10:00:00,2025-02-03 14:00:00,8.5,,,,8.870860811392577,5.800434504149174,13.327598199561809,8.870860811392577,5.740499979519732,13.45499494902869,,,,-1.9278526306152344,,,,-1.6532845497131348,,,,-1.3149598240852356
2025 H1,2025-02-04 08:00:00,2025-02-04 10:00:00,2025-02-04 14:00:00,7.099999904632568,7.858516216278076,5.129759156864853,11.802021669346935,8.72105372780765,5.697226356486806,13.110152554033537,8.67923705588576,5.6096461517990095,13.17437905636328,6.570978879928589,4.422799467557383,9.57013476954986,-1.2875373363494873,6.205231666564941,4.2118498336381895,8.961024401317047,-1.6532845497131348,6.442435920238495,4.172983607122713,9.707525218249208,-1.4160802960395813
2025 H1,2025-02-05 08:00:00,2025-02-05 10:00:00,2025-02-05 14:00:00,7.400000095367432,,,,8.786677667568998,5.742437337856963,13.205405993337195,8.786677667568998,5.683013961829784,13.331716245983998,,,,-1.2875373363494873,,,,-1.6532845497131348,,,,-1.3149598240852356
2025 H1,2025-02-07 08:00:00,2025-02-07 10:00:00,2025-02-07 14:00:00,8.300000190734863,8.753271102905273,5.748895796178587,13.095090527346738,8.745554770259513,5.714106113750222,13.145715925701742,8.813430127395375,5.701282374114927,13.370892836461095,7.07567024230957,4.784290378390065,10.27475378936213,-1.6776008605957031,7.07567024230957,4.8414749943722235,10.16438055890934,-1.6776008605957031,7.438311278820038,4.865182634415741,11.140303495486043,-1.3149598240852356
2025 H1,2025-02-08 08:00:00,2025-02-08 10:00:00,2025-02-08 14:00:00,8.100000381469727,9.324167251586914,6.143934401918194,13.920129923102323,8.621698153922832,5.6287762906074414,12.965937498355151,8.819491866819755,5.705421745062062,13.379769713000638,8.054048299789429,5.485064755563027,11.640705020655231,-1.2701189517974854,7.646566390991211,5.25442840589655,10.953627973954202,-1.6776008605957031,8.009207427501678,5.2619930940757,11.961658892364502,-1.3149598240852356
2025 H1,2025-02-09 08:00:00,2025-02-09 10:00:00,2025-02-09 14:00:00,9.899999618530273,9.275338172912598,6.110146520876088,13.849563825121471,8.35521621946162,5.4451861279591265,12.57913778986412,8.199577352538414,5.2821016465763595,12.471960217558854,8.394282817840576,5.7287615869230715,12.115719515622018,-0.8810553550720215,7.5977373123168945,5.219108261126414,10.886123184840242,-1.6776008605957031,8.112976789474487,5.334119641641555,12.110953165383899,-1.1623613834381104
2025 H1,2025-02-10 08:00:00,2025-02-10 10:00:00,2025-02-10 14:00:00,9.5,10.408656120300293,6.894359801749639,15.487395778745517,8.495345616148212,5.5417269264245705,12.78253622998347,9.257042082270377,6.004211007177864,14.0205229639213,9.851377964019775,6.7724225068906,14.150026084354163,-0.5572781562805176,8.77278995513916,6.069073703518499,12.510599480626693,-1.6358661651611328,9.246294736862183,6.121850329056954,13.741471806323624,-1.1623613834381104
2025 H1,2025-02-11 08:00:00,2025-02-11 10:00:00,2025-02-11 14:00:00,6.800000190734863,10.358744621276855,6.859822926645254,15.415265404262094,8.769924221195659,5.73089521230605,13.181088291701885,9.798124481599016,6.3736991370665725,14.812889860664155,9.801466464996338,6.736672829785196,14.080342721133242,-0.5572781562805176,8.96261191368103,6.206379981627249,12.773022848596321,-1.3961327075958252,9.256478309631348,6.128928583483516,13.756123039254119,-1.1022663116455078
2025 H1,2025-02-12 08:00:00,2025-02-12 10:00:00,2025-02-12 14:00:00,9.600000381469727,10.528885841369629,6.977554234729038,15.661147618991723,8.791090779830153,5.74547770905304,13.211811645336097,9.428924096357852,6.1215838214211,14.272228837698359,9.97060775756836,6.8578221984267,14.316487384318323,-0.5582780838012695,9.108436822891235,6.311861326846762,12.974621568274294,-1.4204490184783936,9.28807520866394,6.150890511336604,13.801581891279964,-1.2408106327056885
2025 H1,2025-02-13 08:00:00,2025-02-13 10:00:00,2025-02-13 14:00:00,11.600000381469727,9.189007759094238,6.050409130132633,13.72480209285806,8.80808032115855,5.757182489949753,13.236472039844669,8.909311897712927,5.766757015406176,13.511303134217954,8.157622337341309,5.559250834351084,11.785308717602817,-1.0313854217529297,7.895400047302246,5.434420349287668,11.297633307451665,-1.2936077117919922,7.874047935009003,5.168048336404311,11.767203247752827,-1.3149598240852356
2025 H1,2025-02-13 14:46:39,2025-02-13 16:46:39,2025-02-13 20:46:39,8.899999618530273,8.170567512512207,5.345686886046837,12.252987424649872,8.56206786158249,5.587694574911913,12.879383864837317,8.62189452061485,5.570488740383272,13.09040602974043,7.139182090759277,4.829781459981868,10.363425123442374,-1.0313854217529297,7.139182090759277,4.887415809615221,10.252183852607166,-1.0313854217529297,6.855607688426971,4.460165224360797,10.301960585212363,-1.3149598240852356
2025 H1,2025-02-14 08:00:00,2025-02-14 10:00:00,2025-02-14 14:00:00,7.0,8.296147346496582,5.432583395404554,12.434471063292056,9.205904340207715,6.0312595170109375,13.813915366012601,8.795457371662755,5.689009345251242,13.344573339276481,7.7378692626953125,5.258597935195547,11.1992753077483,-0.5582780838012695,7.4150919914245605,5.08699314958534,10.63362131087034,-0.8810553550720215,6.981187522411346,4.547451487829969,10.482633855859499,-1.3149598240852356
2025 H1,2025-02-14 20:41:16,2025-02-14 22:41:16,2025-02-15 02:41:16,11.899999618530273,6.134220600128174,3.936611615653081,9.310129200747308,8.080383736434621,5.255842935288363,12.180217223133608,7.463988925597722,4.779791476119283,11.394756597817855,5.102835178375244,3.3712248945272303,7.520402887768277,-1.0313854217529297,5.102835178375244,3.414439671209096,7.436993138069834,-1.0313854217529297,4.7664636969566345,3.0080724234800003,7.296283114427283,-1.3677569031715393
2025 H1,2025-02-15 00:39:46,2025-02-15 02:39:46,2025-02-15 06:39:46,8.0,7.317676544189453,4.755518499463435,11.020418855435723,8.890182464657734,5.81374597110755,13.355643664878764,8.573874781683825,5.537697572979965,13.020085406548125,6.286291122436523,4.218888633274004,9.172671243147782,-1.0313854217529297,6.286291122436523,4.270483577999183,9.073086754792943,-1.0313854217529297,5.949919641017914,3.83065232393076,8.998935915409282,-1.3677569031715393
2025 H1,2025-02-15 08:00:00,2025-02-15 10:00:00,2025-02-15 14:00:00,9.100000381469727,8.10876750946045,5.302923614483966,12.16367619476461,8.428797663111844,5.495879355006413,12.685941581317376,8.734816993426357,5.6475999407351996,13.255770915874601,7.558804035186768,5.130340435631562,10.949275457355998,-0.5499634742736816,7.227712154388428,4.951453361598272,10.374574105255427,-0.8810553550720215,6.793807685375214,4.417210148074882,10.213048151399509,-1.3149598240852356
2025 H1,2025-02-16 08:00:00,2025-02-16 10:00:00,2025-02-16 14:00:00,7.300000190734863,,,,8.522766991310826,5.560618618787594,12.822338477519565,8.522766991310826,5.5027976725006775,12.945242607544712,,,,0.06835079193115234,,,,-0.5572781562805176,,,,-1.2408106327056885
2025 H1,2025-02-17 08:00:00,2025-02-17 10:00:00,2025-02-17 14:00:00,8.699999809265137,8.43699836730957,5.530046990153713,12.63802409368377,8.361691244421479,5.449647034053703,12.588536317280282,8.962542490291783,5.803106510657238,13.589254587648753,8.469611167907715,5.782716371781737,12.220888322034668,0.03261280059814453,8.210812091827393,5.662571266268466,11.733681337185892,-0.22618627548217773,7.405612945556641,4.842455137160198,11.093259996319262,-1.0313854217529297
2025 H1,2025-02-18 08:00:00,2025-02-18 10:00:00,2025-02-18 14:00:00,8.5,8.053106307983398,5.264408162109551,12.083236548885576,8.668891881347896,5.661289954663002,13.03443940279955,8.419266875520023,5.432120703014592,12.793675922575028,8.739429950714111,5.975977134352154,12.597592701065564,0.6863236427307129,8.085719108581543,5.572086202901999,11.560743905579402,0.03261280059814453,7.172050952911377,4.680114154698348,10.757231449607424,-0.8810553550720215
2025 H1,2025-02-19 08:00:00,2025-02-19 10:00:00,2025-02-19 14:00:00,10.199999809265137,9.007843017578125,5.925049960933524,13.46298906571147,8.862758199001929,5.7948522873670765,13.315837221778999,8.976049538343648,5.812330048386784,13.609034454379389,9.694166660308838,6.659818128041015,13.930537337406696,0.6863236427307129,9.04045581817627,6.262687781219024,12.880639795289241,0.03261280059814453,8.126787662506104,5.343719108880277,12.130823040362596,-0.8810553550720215
2025 H1,2025-02-20 08:00:00,2025-02-20 10:00:00,2025-02-20 14:00:00,5.699999809265137,9.421802520751953,6.211494326242494,14.061229041851632,9.13377794953375,5.981568734700152,13.709223590400844,8.76355244103713,5.667222472926956,13.297851415033538,10.633835792541504,7.332866798598062,15.242445549542529,1.2120332717895508,9.454415321350098,6.562122257109797,13.452926836579815,0.03261280059814453,8.65255069732666,5.7091590790064375,12.887244864412908,-0.769251823425293
2025 H1,2025-02-21 08:00:00,2025-02-21 10:00:00,2025-02-21 14:00:00,9.399999618530273,9.139530181884766,6.016172512559822,13.653298807192847,8.25045785131068,5.373013858996546,12.42708055437194,8.479675397768569,5.473371780378502,12.882138813569622,9.825853824615479,6.754140552632555,14.114390851756244,0.6863236427307129,8.913343906402588,6.170742341170885,12.704911253381116,-0.22618627548217773,8.579955339431763,5.65870051942082,12.782801019182925,-0.5595748424530029
2025 H1,2025-02-22 08:00:00,2025-02-22 10:00:00,2025-02-22 14:00:00,9.100000381469727,9.261604309082031,6.100643205025081,13.829716119470755,8.91878953159014,5.8334545343977044,13.397166949271796,8.684438177128545,5.613197833693866,13.18199563436294,9.36698579788208,6.425471125532996,13.473747553058361,0.10538148880004883,9.116501331329346,6.317694728034483,12.985770517961702,-0.14510297775268555,8.702029466629028,5.743550085559246,12.958430585828706,-0.5595748424530029
2025 H1,2025-02-23 08:00:00,2025-02-23 10:00:00,2025-02-23 14:00:00,10.300000190734863,9.13724136352539,6.014588736569101,13.64999108595393,8.921627862635749,5.8354099752397515,13.40128679935943,8.771792675493685,5.672849469522992,13.30991850317552,9.24262285232544,6.336394755668023,13.30011966217138,0.10538148880004883,8.911055088043213,6.169086741720712,12.70174702819267,-0.22618627548217773,8.549444675445557,5.637493596535009,12.738904947042155,-0.587796688079834
2025 H1,2025-02-24 08:00:00,2025-02-24 10:00:00,2025-02-24 14:00:00,9.399999618530273,8.967101097106934,5.896858088391976,13.404110249441477,8.90014650797505,5.820610602801851,13.370106517898513,8.948946250961038,5.7938220670122975,13.569344108248126,9.072482585906982,6.214529860681976,13.062580293181995,0.10538148880004883,8.821998119354248,6.104668056947572,12.578628344537494,-0.14510297775268555,8.3793044090271,5.519234894877828,12.494122027465885,-0.587796688079834
2025 H1,2025-02-25 08:00:00,2025-02-25 10:00:00,2025-02-25 14:00:00,9.399999618530273,9.326139450073242,6.1452990888968655,13.922980076236524,8.801752401045302,5.752822930322697,13.227287035765093,8.671169967508146,5.604137391207296,13.162565525205267,10.107200145721436,6.95565804521695,14.507189270318875,0.7810606956481934,9.431520938873291,6.545561778692885,13.421276014918824,0.10538148880004883,8.937595129013062,5.907283750581456,13.297341837139792,-0.38854432106018066
2025 H1,2025-02-26 08:00:00,2025-02-26 10:00:00,2025-02-26 14:00:00,8.800000190734863,10.029908180236816,6.63228051024463,14.940042337431805,8.912547795623766,5.829154350508725,13.388107041863243,9.526705259480341,6.1883554982401945,14.415420626748249,10.231117248535156,7.044415075162042,14.680194703006796,0.20120906829833984,10.231117248535156,7.123943722028187,14.526694788433717,0.20120906829833984,9.641363859176636,6.396449413995739,14.309862671286284,-0.38854432106018066
2025 H1,2025-02-27 08:00:00,2025-02-27 10:00:00,2025-02-27 14:00:00,10.300000190734863,9.92055892944336,6.556614952381136,14.782014577025128,9.060509497326494,5.9310911400935336,13.602874107413731,8.953600194736357,5.797000098647189,13.576159393667574,9.94405221939087,6.83880149310267,14.279412176228904,0.023493289947509766,9.94405221939087,6.91629740423779,14.129835687658371,0.023493289947509766,9.673336744308472,6.418672676974683,14.355862459194212,-0.2472221851348877
2025 H1,2025-02-28 08:00:00,2025-02-28 10:00:00,2025-02-28 14:00:00,10.600000381469727,9.244625091552734,6.088894226800562,13.805178340746686,8.84925362194839,5.785548439048922,13.296235268355161,8.883622213525019,5.74921433913395,13.473682883839206,9.268118381500244,6.354656217524793,13.33571495092765,0.023493289947509766,9.445834159851074,6.555915138837854,13.441063628977473,0.20120906829833984,9.018438816070557,5.963475442706146,13.41365265622934,-0.22618627548217773
2025 H1,2025-03-01 08:00:00,2025-03-01 10:00:00,2025-03-01 14:00:00,7.800000190734863,8.026368141174316,5.245906359004583,12.044595473729057,8.711921460649494,5.690934768967736,13.09689702779391,8.565764607806898,5.532159390657687,13.008208780520595,8.472470760345459,5.784764587289239,12.22488070900765,0.4461026191711426,8.554358959197998,5.911073294573964,12.208624945835474,0.5279908180236816,7.854863166809082,5.154713657749602,11.73960188288943,-0.17150497436523438
2025 H1,2025-03-02 08:00:00,2025-03-02 10:00:00,2025-03-02 14:00:00,10.0,8.498796463012695,5.572808941903256,12.72733256713466,9.072934708346141,5.93965136957644,13.620909356257359,8.937885883002194,5.786269290063601,13.553147186213222,8.522289752960205,5.820448005630519,12.294434920473902,0.023493289947509766,9.026787281036377,6.252800748252518,12.861743437992,0.5279908180236816,8.327291488647461,5.483082486262422,12.419290391344536,-0.17150497436523438
2025 H1,2025-03-03 08:00:00,2025-03-03 10:00:00,2025-03-03 14:00:00,8.300000190734863,9.161670684814453,6.031492905643426,13.68529549731069,8.528934829120463,5.564867891253097,12.83129112142622,9.17762688438711,5.949980869610946,13.904226492295052,9.607773303985596,6.597937906988995,13.809920250235665,0.4461026191711426,9.689661502838135,6.7322858033482715,13.778147879088799,0.5279908180236816,9.059828758239746,5.992244181145498,13.47320088134113,-0.10184192657470703
2025 H1,2025-03-06 08:00:00,2025-03-06 10:00:00,2025-03-06 14:00:00,8.5,9.451127052307129,6.231785796216983,14.103607842008143,8.816222368969974,5.762791875385249,13.248290258315446,9.32007240718921,6.047252431015404,14.112825251001045,10.392704010009766,7.1601534252467145,14.905792194804032,0.9415769577026367,9.97911787033081,6.94166187764755,14.17831293597249,0.5279908180236816,9.37568712234497,6.211786567159965,13.927630242278546,-0.0754399299621582
2025 H1,2025-03-07 08:00:00,2025-03-07 10:00:00,2025-03-07 14:00:00,8.399999618530273,8.01416015625,5.237458893814059,12.026952915570956,8.351442909308982,5.442586542264712,12.573660813460307,9.072228445391953,5.878007594993568,13.749879882366962,8.955737113952637,6.130909592656645,12.899587450134497,0.9415769577026367,8.542150974273682,5.902242741006604,12.191747759736616,0.5279908180236816,7.91542387008667,5.196807338991638,11.82673132068766,-0.09873628616333008
2025 H1,2025-03-08 08:00:00,2025-03-08 10:00:00,2025-03-08 14:00:00,8.0,7.874538421630859,5.140845918753251,11.82517640712798,8.162095949218553,5.312137777434742,12.298822862006974,9.025961562089602,5.8464133974954136,13.682126159847554,8.4498610496521,5.768570125641138,12.19331442241254,0.5753226280212402,8.204967498779297,5.658343624089138,11.725601356324484,0.3304290771484375,7.775802135467529,5.099761028869064,11.62585579277283,-0.09873628616333008
2025 H1,2025-03-09 08:00:00,2025-03-09 10:00:00,2025-03-09 14:00:00,9.5,8.316703796386719,5.446807683521241,12.464178534669122,8.710825908766052,5.6901799990473005,13.095306829381363,9.286877395006716,6.024584602625198,14.064214117423202,8.892026424407959,6.085276088875974,12.810638506354778,0.5753226280212402,8.892026424407959,6.155322501791833,12.675440451032248,0.5753226280212402,8.340197086334229,5.492052727456198,12.437857835413736,0.023493289947509766
2025 H1,2025-03-10 08:00:00,2025-03-10 10:00:00,2025-03-10 14:00:00,10.199999809265137,9.281441688537598,6.114369923518017,13.858384415091926,8.552405232127404,5.581037599395518,12.865358515373982,9.154316827387335,5.934063165802557,13.870090993615504,9.998040676116943,6.877471337389854,14.35478753688504,0.7165989875793457,9.8004789352417,6.812444754977381,13.931349774509522,0.5190372467041016,9.482650756835938,6.286133344708342,14.081520154939144,0.20120906829833984
2025 H1,2025-03-11 08:00:00,2025-03-11 10:00:00,2025-03-11 14:00:00,8.100000381469727,8.946500778198242,5.882603444568801,13.374339380074,8.895122990964376,5.817149699131511,13.362814860701347,9.416322694497888,6.112978720953979,14.253775209011161,9.759138584136963,6.706355005177921,14.021247138872514,0.8126378059387207,9.663099765777588,6.713072571729007,13.741427045776904,0.7165989875793457,9.265336036682129,6.135085287729428,13.768866761442537,0.3188352584838867
2025 H1,2025-03-12 08:00:00,2025-03-12 10:00:00,2025-03-12 14:00:00,8.600000381469727,8.739738464355469,5.739531720633432,13.075533625521611,8.415240606295578,5.486539351261082,12.666263453285433,8.88097495180301,5.747406607475694,13.469806205244343,9.49609088897705,6.517944110909407,13.653996135698936,0.756352424621582,9.25877571105957,6.420607824606916,13.182460733316105,0.5190372467041016,9.058573722839355,5.9913718488040235,13.471395246285155,0.3188352584838867
2025 H1,2025-03-13 08:00:00,2025-03-13 10:00:00,2025-03-13 14:00:00,7.699999809265137,7.541123867034912,4.910135620417847,11.343337208711256,8.798497121581986,5.750580236883293,13.222561983201912,9.108366070239297,5.9026848408992425,13.802800209643317,8.297476291656494,5.659422814886757,11.98056420155154,0.756352424621582,8.257722854614258,5.696503811749423,11.798534110063784,0.7165989875793457,7.907290935516357,5.191154413301594,11.8150303664647,0.3661670684814453
2025 H1,2025-03-14 08:00:00,2025-03-14 10:00:00,2025-03-14 14:00:00,9.899999618530273,8.982359886169434,5.907416594996802,13.426161724367622,8.739982126419326,5.710266894438528,13.137627208478692,8.837222692375155,5.717529567426967,13.405734925026483,9.738712310791016,6.691724455287176,13.992729233126047,0.756352424621582,9.501397132873535,6.596106195157019,13.517877832281263,0.5190372467041016,9.30119514465332,6.16000973178095,13.820457706533691,0.3188352584838867
2025 H1,2025-03-15 08:00:00,2025-03-15 10:00:00,2025-03-15 14:00:00,10.399999618530273,10.828855514526367,7.185121936353321,16.094653429913294,8.41921980735797,5.489280783515137,12.672039281256932,10.01159799649782,6.5194734773493,15.125502776454857,11.58520793914795,8.01429788589691,16.570692790105554,0.756352424621582,11.545454502105713,8.07465963421092,16.343728030422174,0.7165989875793457,11.147690773010254,7.443445923705604,16.477033956287308,0.3188352584838867
2025 H1,2025-03-16 08:00:00,2025-03-16 10:00:00,2025-03-16 14:00:00,10.5,9.869890213012695,6.521554111386483,14.708789898098487,8.53288985519771,5.567592668383931,12.837031859299678,9.338461289776085,6.059809619802542,14.139754128835566,10.388927459716797,7.15744842827833,14.90051960770615,0.5190372467041016,10.586489200592041,7.380999335909701,15.017986234676687,0.7165989875793457,10.195981979370117,6.781945570727463,15.107798665914158,0.3260917663574219
2025 H1,2025-03-17 08:00:00,2025-03-17 10:00:00,2025-03-17 14:00:00,12.399999618530273,12.03905963897705,8.022537552288602,17.843598631038645,8.809578845296588,5.758214883724555,13.238647154270085,11.17846236264982,7.3162884042776675,16.834271529374707,12.558096885681152,8.71114062511513,17.92898046251263,0.5190372467041016,12.755658626556396,8.950051634992144,18.016800232967306,0.7165989875793457,12.329413414001465,8.26482106425467,18.177193032562414,0.29035377502441406
2025 H1,2025-03-18 08:00:00,2025-03-18 10:00:00,2025-03-18 14:00:00,12.300000190734863,11.486404418945312,7.6401209812884066,17.044920395340096,8.46416969683256,5.520248577021849,12.737284244975125,10.442711281367933,6.813867162293553,15.75682971686356,12.057822227478027,8.352813228729374,17.230527773255176,0.5714178085327148,12.057822227478027,8.445276953378446,17.05206159290346,0.5714178085327148,11.812496185302734,7.905529512542906,17.433497779911626,0.3260917663574219
2025 H1,2025-03-19 08:00:00,2025-03-19 10:00:00,2025-03-19 14:00:00,10.300000190734863,12.14019775390625,8.09252131378538,17.9897599415007,9.068436434015819,5.9365523267928815,13.614380091137757,11.410877114560606,7.474997118788831,17.174622196772702,12.711615562438965,8.82110011804007,18.143313790964385,0.5714178085327148,12.711615562438965,8.918193417655633,17.9559119705651,0.5714178085327148,12.506364822387695,8.38781395860396,18.431775226887787,0.3661670684814453
2025 H1,2025-03-20 08:00:00,2025-03-20 10:00:00,2025-03-20 14:00:00,11.300000190734863,9.943842887878418,6.572726573553437,14.815663749545244,8.855686265674464,5.789980147000593,13.305572279222718,9.198789189067194,5.964431941000592,13.935216799331634,10.333909034729004,7.118040857545224,14.823706268750593,0.39006614685058594,10.515260696411133,7.329476736103752,14.919514887598735,0.5714178085327148,10.310009956359863,6.861202532029248,15.271852136080211,0.3661670684814453
2025 H1,2025-03-21 08:00:00,2025-03-21 10:00:00,2025-03-21 14:00:00,9.600000381469727,9.139457702636719,6.016122359653451,13.653194062686952,9.19678099983983,6.024974079518065,13.800672797048604,8.875428678434393,5.7436192320641775,13.461684182751961,9.529523849487305,6.541890847960085,13.700673177590483,0.39006614685058594,9.856056690216064,6.852646503709664,14.008184413434327,0.7165989875793457,9.569599151611328,6.3465682111498,14.20661389302724,0.4301414489746094
2025 H1,2025-03-22 08:00:00,2025-03-22 10:00:00,2025-03-22 14:00:00,8.800000190734863,8.639026641845703,5.669842937414932,12.929988378140315,8.942127764915824,5.849533185510959,13.431042498341652,9.035982186548038,5.853256166352908,13.696800470295294,9.029092788696289,6.183451426447354,13.002002128665334,0.39006614685058594,9.210444450378418,6.385647772717189,13.115644163180626,0.5714178085327148,9.069168090820312,5.9987356329844514,13.486637495401336,0.4301414489746094
2025 H1,2025-03-23 08:00:00,2025-03-23 10:00:00,2025-03-23 14:00:00,6.900000095367432,,,,8.860252609122938,5.793126085347627,13.312200346968888,8.860252609122938,5.733255972279886,13.439460183301986,,,,0.21919918060302734,,,,0.4301414489746094,,,,0.4301414489746094
2025 H1,2025-03-24 04:00:00,2025-03-24 06:00:00,2025-03-24 10:00:00,6.800000190734863,,,,8.731335916637914,5.704310171468656,13.125077196674834,8.731335916637914,5.645222823027884,13.250673189510547,,,,0.39006614685058594,,,,0.5714178085327148,,,,0.5714178085327148
2025 H1,2025-03-24 08:00:00,2025-03-24 10:00:00,2025-03-24 14:00:00,6.5,,,,9.146424113673753,5.990281187707649,13.727579553677577,9.146424113673753,5.92867348017723,13.858532818594709,,,,0.39006614685058594,,,,0.5714178085327148,,,,0.5714178085327148
2025 H1,2025-03-24 22:01:00,2025-03-25 00:01:00,2025-03-25 04:01:00,11.0,7.824182987213135,5.106001857097332,11.752404472545923,7.129592858531462,4.600804715636804,10.800140051476758,7.900214774408712,5.077676369965905,12.033570431958935,8.135838031768799,5.543647578479788,11.754894810839332,0.31165504455566406,8.254324436187744,5.694045591482468,11.793835894872526,0.4301414489746094,8.254324436187744,5.432365574450289,12.314311784516477,0.4301414489746094
2025 H1,2025-03-25 04:00:00,2025-03-25 06:00:00,2025-03-25 10:00:00,13.399999618530273,5.246894836425781,3.3226156492425707,8.027796654602177,7.626034491370108,4.942823398075888,11.52072728097524,6.724368200561361,4.274727776284109,10.31164803729007,5.558549880981445,3.697635717466191,8.156643709385563,0.31165504455566406,5.677036285400391,3.829783699356161,8.23080956244409,0.4301414489746094,5.677036285400391,3.6409804019425014,8.60633523423049,0.4301414489746094
2025 H1,2025-03-25 08:00:00,2025-03-25 10:00:00,2025-03-25 14:00:00,8.100000381469727,,,,7.295525607135346,4.715122484931229,11.040992171223136,7.295525607135346,4.664753181451518,11.14805709875697,,,,0.87469482421875,,,,0.5714178085327148,,,,0.5714178085327148
2025 H1,2025-03-25 18:00:00,2025-03-25 20:00:00,2025-03-26 00:00:00,10.5,,,,8.138801288765203,5.296089145432296,12.265010559154355,8.138801288765203,5.240599586680448,12.3829590947946,,,,3.5772244930267334,,,,0.9635906219482422,,,,0.7165989875793457
2025 H1,2025-03-26 08:00:00,2025-03-26 10:00:00,2025-03-26 14:00:00,8.300000190734863,7.049012660980225,4.569613223905609,10.632155090868102,8.41604828641291,5.487095794700328,12.667435804554081,8.499125467765586,5.486653620627452,12.910621705683814,10.842329263687134,7.482202611344164,15.533531302591326,3.793316602706909,8.324040412902832,5.744474115985092,11.890216216471778,1.2750277519226074,7.76561164855957,5.092677968660226,11.611194612384772,0.7165989875793457
2025 H1,2025-03-26 21:07:57,2025-03-26 23:07:57,2025-03-27 03:07:57,10.199999809265137,9.492019653320312,6.260081934011253,14.162704416593028,8.433583784424576,5.499176707196668,12.692888657607222,8.91969801485373,5.773849367705792,13.526512676088613,13.285336256027222,9.232034070050567,18.944307314719232,3.793316602706909,10.47132134437561,7.297693538117325,14.858770004150378,0.9793016910552979,10.224329710006714,6.801649112343925,15.148582898915887,0.7323100566864014
2025 H1,2025-03-27 08:00:00,2025-03-27 10:00:00,2025-03-27 14:00:00,5.400000095367432,8.556597709655762,5.612805224828999,12.810864932372086,8.261494203979872,5.3806172478929755,12.44309986916669,8.645799580639055,5.586812753018279,13.125412857261217,12.349914312362671,8.562027496462889,17.638328765876437,3.793316602706909,9.750162124633789,6.776048470564632,13.861788239023074,1.1935644149780273,9.288907766342163,6.151469193809329,13.802779702377123,0.7323100566864014
2025 H1,2025-03-29 08:00:00,2025-03-29 10:00:00,2025-03-29 14:00:00,8.399999618530273,8.956419944763184,5.8894671337685995,13.388674216993175,8.64871804016685,5.647391381046153,13.005156982947149,8.889917657531932,5.753513299580306,13.482901999888009,12.749736547470093,8.848404705809768,18.19653596417573,3.793316602706909,9.862418413162231,6.857248207889767,14.01697931142425,0.9059984683990479,9.688730001449585,6.429372005488165,14.378008929892237,0.7323100566864014
2025 H1,2025-03-30 08:00:00,2025-03-30 10:00:00,2025-03-30 14:00:00,10.199999809265137,9.165471076965332,6.034122633694689,13.690787692784479,8.789919501914415,5.7446707684118605,13.210111530252178,9.197125716618334,5.96329600805394,13.932780792350524,10.648077011108398,7.343067232873037,15.26232826245483,1.4826059341430664,10.07146954536438,7.008463763337559,14.305986455865078,0.9059984683990479,9.841495752334595,6.535554273434741,14.597794917654369,0.6760246753692627
2025 H1,2025-03-31 08:00:00,2025-03-31 10:00:00,2025-03-31 14:00:00,8.600000381469727,7.957972049713135,5.198578843008445,11.945751804698377,8.355062482665831,5.445080212474082,12.578914640223916,8.365299466325027,5.395268058901349,12.714645466950989,8.939233779907227,6.119088892520809,12.87654651080902,0.9812617301940918,8.724971055984497,6.034484264464028,12.444491235483925,0.7669990062713623,8.690282106399536,5.735384895755073,12.941529512409577,0.7323100566864014
2025 H1,2025-04-01 08:00:00,2025-04-01 10:00:00,2025-04-01 14:00:00,7.0,10.3768892288208,6.872378310811719,15.44148736438365,8.03890385766114,5.227265772239569,12.120008995321596,9.294133497072727,6.029539566205567,14.07484003148662,11.358150959014893,7.851665749353116,16.253689808267083,0.9812617301940918,11.143888235092163,7.7841897119680095,15.788574279706653,0.7669990062713623,11.109199285507202,7.416691802339835,16.42165577399001,0.7323100566864014
2025 H1,2025-04-02 08:00:00,2025-04-02 10:00:00,2025-04-02 14:00:00,7.300000190734863,10.727255821228027,7.114818780031753,15.947825062334731,8.201502840444977,5.339286775674909,12.356022139210273,9.706531715922013,6.311153321968314,14.678760427524892,11.49425482749939,7.949151688391582,16.443709653171446,0.7669990062713623,11.49425482749939,8.03762473680192,16.272945960990636,0.7669990062713623,11.459565877914429,7.660219681978993,16.925732552619802,0.7323100566864014
2025 H1,2025-04-03 08:00:00,2025-04-03 10:00:00,2025-04-03 14:00:00,9.899999618530273,9.723196983337402,6.420047928421004,14.496793909244433,10.275916104868756,6.768433818551911,15.367042182994293,8.96438927408074,5.804367621144913,13.591959037731819,10.095544576644897,6.947309611707261,14.490916482095749,0.3723475933074951,10.490195989608765,7.3113463699998675,14.88486365532416,0.7669990062713623,10.399221658706665,6.923210546441376,15.400202122949935,0.6760246753692627
2025 H1,2025-04-05 08:00:00,2025-04-05 10:00:00,2025-04-05 14:00:00,5.800000190734863,8.260677337646484,5.408039486894972,12.383211031609045,8.515031109081328,5.555289057218578,12.811109810190425,8.790985726075721,5.68595579930791,13.338025013288558,8.232502937316895,5.612884913129789,11.88985240289364,-0.028174400329589844,8.676939249038696,5.999740820169037,12.378088651477274,0.4162619113922119,8.8320951461792,5.833954307425995,13.14555769834103,0.5714178085327148
2025 H1,2025-04-06 08:00:00,2025-04-06 10:00:00,2025-04-06 14:00:00,6.800000190734863,8.400036811828613,5.5044709876235105,12.584608530326728,8.036301535195234,5.225472927235855,12.116231712733015,8.755627820350192,5.661810999034391,13.286246515097108,8.042428493499756,5.476741937554935,11.624482162234171,-0.3576083183288574,8.816298723220825,6.100545441858362,12.570749094211473,0.4162619113922119,8.971454620361328,5.930818329255326,13.346055908899919,0.5714178085327148
2025 H1,2025-04-07 08:00:00,2025-04-07 10:00:00,2025-04-07 14:00:00,7.5,8.519709587097168,5.587280035111833,12.757555491738128,7.804573339016206,5.0658260179145,11.779877209331406,8.624739398085248,5.572431417612478,13.09457209896691,7.748033285140991,5.26587803151873,11.213465690360033,-0.7716763019561768,8.616583347320557,5.956082835126241,12.294648362864804,0.09687376022338867,9.091127395629883,6.0139987974941835,13.518230620628561,0.5714178085327148
2025 H1,2025-04-08 08:00:00,2025-04-08 10:00:00,2025-04-08 14:00:00,6.800000190734863,9.352396965026855,6.163468299043783,13.960926529932873,8.85826709398422,5.791758183812406,13.309318362948417,8.865378113931325,5.736756018093123,13.446966027780205,7.964342832565308,5.420812197523326,11.515463768082437,-1.3880541324615479,9.324222564697266,6.4679483112184135,13.272939115725327,-0.028174400329589844,9.782538414001465,6.494575036530933,14.51297226096395,0.4301414489746094
2025 H1,2025-04-09 08:00:00,2025-04-09 10:00:00,2025-04-09 14:00:00,8.100000381469727,9.578997611999512,6.320267401378748,14.288401958323615,8.848007108118628,5.784689665349262,13.294425948008708,8.79794205001666,5.690706053847749,13.348211929034957,8.190943479537964,5.583117480266776,11.83182964564658,-1.3880541324615479,9.550823211669922,6.631858175450412,13.58620795679855,-0.028174400329589844,9.916683197021484,6.587814504224102,14.705968030423989,0.33768558502197266
2025 H1,2025-04-10 08:00:00,2025-04-10 10:00:00,2025-04-10 14:00:00,6.099999904632568,8.149968147277832,5.331432902130322,12.223217933499573,8.952184872528656,5.856461932955488,13.44564043459865,8.784580018723254,5.681581543495461,13.328644426408232,6.548247337341309,4.4065177424338495,9.538398388762387,-1.6017208099365234,7.792359828948975,5.359886986623625,11.155183185535837,-0.3576083183288574,8.487653732299805,5.594544817481044,12.650005547828876,0.33768558502197266
2025 H1,2025-04-11 08:00:00,2025-04-11 10:00:00,2025-04-11 14:00:00,7.400000095367432,8.966068267822266,5.8961434094761636,13.402617640232416,8.76170878491661,5.725235266592481,13.169163549545205,9.218105616096153,5.977622520675551,13.963503983243157,7.06935977935791,4.779770437748701,10.26594350935539,-1.8967084884643555,8.194391965866089,5.650693892337955,11.71098098791992,-0.7716763019561768,9.185267448425293,6.0794323403695785,13.65367108664763,0.21919918060302734
2025 H1,2025-04-12 08:00:00,2025-04-12 10:00:00,2025-04-12 14:00:00,8.699999809265137,9.338664054870605,6.153965643099441,13.941080202499345,8.718385259570622,5.69538794099103,13.106279260565119,8.996062703198183,5.825996408380069,13.638341948671323,7.27076530456543,4.924029428848774,10.547133508500592,-2.067898750305176,8.566987752914429,5.9202082369985725,12.226083887919504,-0.7716763019561768,9.462738513946533,6.272293023185679,14.05287216318279,0.12407445907592773
2025 H1,2025-04-13 08:00:00,2025-04-13 10:00:00,2025-04-13 14:00:00,5.300000190734863,7.498697280883789,4.880778022756459,11.282023771787696,8.077570979036944,5.2539051131647945,12.176134493309247,8.719613152288064,5.637217716444994,13.23350624706211,5.430798530578613,3.606132364210139,7.978285136185758,-2.067898750305176,6.727020978927612,4.5892821865007685,9.682383035337056,-0.7716763019561768,7.717896461486816,5.059512768021152,11.542546178679668,0.21919918060302734
2025 H1,2025-04-14 08:00:00,2025-04-14 10:00:00,2025-04-14 14:00:00,7.699999809265137,8.674123764038086,5.694128822419357,12.980709526904818,8.036442511497574,5.225570051501815,12.116436340460442,8.791499881606377,5.686306899927207,13.33877794818863,6.60622501373291,4.448044910538902,9.619343252406011,-2.067898750305176,7.52301287651062,5.165056905618602,10.782818813393733,-1.1511108875274658,8.798198223114014,5.810393711241178,13.096789773103728,0.12407445907592773
2025 H1,2025-04-15 08:00:00,2025-04-15 10:00:00,2025-04-15 14:00:00,8.5,5.771812915802002,3.685839164908515,8.786390132645135,7.291884714974932,4.712614127337433,11.0357074001217,6.65779200779337,4.229264990964392,10.214153143118718,3.703914165496826,2.3692318571535123,5.5673154637257545,-2.067898750305176,4.1700921058654785,2.73974702394203,6.147502815566618,-1.6017208099365234,5.851973056793213,3.7625729907664365,8.85801894523082,0.08016014099121094
2025 H1,2025-04-16 08:00:00,2025-04-16 10:00:00,2025-04-16 14:00:00,7.699999809265137,9.267708778381348,6.104867267573675,13.838538087658396,8.348858490449716,5.440806031778387,12.56990951803608,8.406669895976304,5.423518622407959,12.775228769975396,7.201065540313721,4.874106182401069,10.449822987202008,-2.066643238067627,7.665987968444824,5.268476857064374,10.980477743105306,-1.6017208099365234,9.239534378051758,6.117151434007081,13.731745593935255,-0.028174400329589844
2025 H1,2025-04-17 08:00:00,2025-04-17 10:00:00,2025-04-17 14:00:00,5.199999809265137,6.691183090209961,4.322008655095824,10.115032154352365,7.872752059001565,5.112797090518627,11.878838923448905,7.036943645469329,4.488175703497185,10.769386887393217,4.795730113983154,3.1512574099943307,7.0916416971061915,-1.8954529762268066,5.0894622802734375,3.4047664865049057,7.418505493192768,-1.6017208099365234,6.39219331741333,4.138061685915844,9.635240560034285,-0.29898977279663086
2025 H1,2025-04-18 08:00:00,2025-04-18 10:00:00,2025-04-18 14:00:00,8.800000190734863,10.347382545471191,6.851960798664637,15.398845324745214,8.425480182050542,5.493593808375048,12.68112624285914,9.639834443247445,6.265607854993634,14.581088222633488,8.231833219528198,5.612405220169927,11.888917384133666,-2.115549325942993,8.451929569244385,5.836981770013187,12.067019276516815,-1.8954529762268066,10.014294624328613,6.655660881235498,14.846402806172362,-0.3330879211425781
2025 H1,2025-04-18 18:00:00,2025-04-18 20:00:00,2025-04-19 00:00:00,10.0,7.866405487060547,5.1352182347328785,11.813422970992344,7.898984372757302,5.130869590475499,11.916915243084905,8.273363601680048,5.3324879523232696,12.580013595985493,5.750856161117554,3.835377271110555,8.425129902559126,-2.115549325942993,5.97095251083374,4.0423857781674135,8.637140243950181,-1.8954529762268066,7.285017490386963,4.7586333455623935,10.919757813529337,-0.581387996673584
2025 H1,2025-04-19 08:00:00,2025-04-19 10:00:00,2025-04-19 14:00:00,8.800000190734863,9.0922269821167,5.9834404821782,13.584937856704613,8.484689403084051,5.534385431048458,12.767068689509594,8.797886629472504,5.690668208903536,13.348130770592835,6.976677656173706,4.713385816126282,10.136546432924199,-2.115549325942993,7.196774005889893,4.929074485863659,10.331803009697802,-1.8954529762268066,8.759139060974121,5.783245018578853,13.040594870238758,-0.3330879211425781
2025 H1,2025-04-20 08:00:00,2025-04-20 10:00:00,2025-04-20 14:00:00,11.800000190734863,9.944456100463867,6.573150893537618,14.81654994319384,8.344716802355055,5.437952655648126,12.56389783941736,9.154848827071596,5.9344264516323735,13.87087005968642,8.648951530456543,5.911170939937989,12.471272299037508,-1.2955045700073242,8.04900312423706,5.545527973305354,11.509985119061701,-1.8954529762268066,9.611368179321289,6.375600439031201,14.266707513226237,-0.3330879211425781
2025 H1,2025-04-21 08:00:00,2025-04-21 10:00:00,2025-04-21 14:00:00,11.399999618530273,5.930509567260742,3.795651263085349,9.01573305207157,7.468350361130204,4.834188434972917,11.291848067328827,6.911450906756891,4.402480664443978,10.585613968405807,5.3326921463012695,3.5358625540758672,7.841315040242952,-0.5978174209594727,4.0350565910339355,2.6420701055473224,5.960820121584249,-1.8954529762268066,5.597421646118164,3.585642979046592,8.491792661477117,-0.3330879211425781
2025 H1,2025-04-22 08:00:00,2025-04-22 10:00:00,2025-04-22 14:00:00,10.600000381469727,9.89028549194336,6.535666875277159,14.738264450771648,8.682621570181094,5.670748891574031,13.0543681069689,9.317216528826956,6.045302241623607,14.108643071949976,9.292468070983887,6.372096958710472,13.36971048882581,-0.5978174209594727,7.994832515716553,5.5063440733183775,11.435095819414213,-1.8954529762268066,9.557197570800781,6.337948294912308,14.188771584312978,-0.3330879211425781
2025 H1,2025-04-23 08:00:00,2025-04-23 10:00:00,2025-04-23 14:00:00,13.5,9.989471435546875,6.60429980783518,14.881604550660338,8.815830757786223,5.762522078631239,13.247721832947239,9.068483794199574,5.875450490626703,13.744396174805283,9.705709457397461,6.668085787335675,13.946652680320648,-0.28376197814941406,8.387750625610352,5.790558416513773,11.97829374301927,-1.6017208099365234,9.656383514404297,6.406889064549667,14.331471636260007,-0.3330879211425781
2025 H1,2025-04-24 08:00:00,2025-04-24 10:00:00,2025-04-24 14:00:00,12.399999618530273,9.277626991271973,6.111730296866809,13.852871546360387,8.626123898779648,5.631825364908653,12.972361486622624,8.658998529956174,5.595825899824994,13.144741540884358,9.484481811523438,6.5096289775517935,13.637788256218498,0.20685482025146484,7.675906181335449,5.275651121348458,10.994189385588562,-1.6017208099365234,8.944539070129395,5.912110247436596,13.307332171677302,-0.3330879211425781
2025 H1,2025-04-25 08:00:00,2025-04-25 10:00:00,2025-04-25 14:00:00,9.399999618530273,7.847834587097168,5.122367872288144,11.786584947790043,7.609815585109211,4.9316495387880686,11.497185466681366,8.276260087780068,5.3344658714603055,12.584255241445373,8.289974689483643,5.654049707272282,11.970090926270741,0.4421401023864746,6.846062183380127,4.67538974144601,9.846954057781225,-1.001772403717041,7.7878522872924805,5.108136678793612,11.64319249623017,-0.0599822998046875
2025 H1,2025-04-26 04:00:00,2025-04-26 06:00:00,2025-04-26 10:00:00,9.0,9.773552894592285,6.454892320030254,14.569566532935081,7.881182664676686,5.118605275115638,11.891075984937268,9.281527136905375,6.020931079866484,14.056379141800646,10.21569299697876,7.033367280094322,14.658660312242247,0.4421401023864746,8.805768966674805,6.0929288220961855,12.556192010310683,-0.9677839279174805,9.440464973449707,6.256811444157321,14.02082694316002,-0.3330879211425781
2025 H1,2025-04-26 08:00:00,2025-04-26 10:00:00,2025-04-26 14:00:00,9.5,8.926115989685059,5.868497939651414,13.344879987789847,8.901982351849886,5.821875389761085,13.372771253416351,8.865563554855122,5.736882649859788,13.44723758946748,9.368256092071533,6.426380988149635,13.475521059627651,0.4421401023864746,7.958332061767578,5.479941746003288,11.384634997435084,-0.9677839279174805,8.59302806854248,5.667786927972381,12.801608917312583,-0.3330879211425781
2025 H1,2025-04-27 08:00:00,2025-04-27 10:00:00,2025-04-27 14:00:00,7.699999809265137,9.051628112792969,5.9553475956360735,13.526265773012053,8.525203107895603,5.562296957849993,12.825874511535332,8.762113818616792,5.666240082983454,13.295744680857371,9.493768215179443,6.516280469465846,13.650753361487599,0.4421401023864746,8.453810691833496,5.838342465811296,12.069619874093563,-0.5978174209594727,8.71854019165039,5.75502612791857,12.982184771478744,-0.3330879211425781
2025 H1,2025-04-28 08:00:00,2025-04-28 10:00:00,2025-04-28 14:00:00,10.0,9.284339904785156,6.1163753798662714,13.862572817110713,8.69087247883213,5.676433275636699,13.066344337430674,8.639025934008492,5.582187243060538,13.115493456136823,9.491194725036621,6.514437177971103,13.647160412931125,0.20685482025146484,8.882014513015747,6.148080461405256,12.66159927308034,-0.4023253917694092,8.882014513015747,5.868651558311444,13.21737731291477,-0.4023253917694092
2025 H1,2025-04-29 08:00:00,2025-04-29 10:00:00,2025-04-29 14:00:00,7.5,9.32941722869873,6.147567188096915,13.927717008694097,8.500326811898853,5.545158673270347,12.7897664576842,8.809802565041077,5.698805226028042,13.36558059505575,9.589590549468994,6.584914302898281,13.7845346074053,0.26017332077026367,9.182676076889038,6.36556172976279,13.077255189902205,-0.14674115180969238,8.927091836929321,5.899983270153769,13.282230620050852,-0.4023253917694092
2025 H1,2025-04-30 08:00:00,2025-04-30 10:00:00,2025-04-30 14:00:00,6.5,7.710566520690918,5.02738354687113,11.588209879354427,8.3261102292761,5.42513383629814,12.536890316158765,7.926498584843709,5.095624756341115,12.07206072721673,7.7357072830200195,5.25704939273915,11.1962568847809,0.025140762329101562,7.563825368881226,5.194578313314505,10.83924090378517,-0.14674115180969238,7.308241128921509,4.774775305362175,10.953169951427881,-0.4023253917694092
2025 H1,2025-05-01 08:00:00,2025-05-01 10:00:00,2025-05-01 14:00:00,11.300000190734863,9.540848731994629,6.29386981505336,14.233270514573885,8.590806464249793,5.607493758479997,12.921098073932308,9.504463714801949,6.173167447844817,14.382849869027334,9.394107580184937,6.4448974096322775,13.511613316347127,-0.14674115180969238,9.13852334022522,6.33362418161929,13.016215308376385,-0.4023253917694092,8.959460735321045,5.92248178845551,13.32880015716622,-0.581387996673584
2025 H1,2025-05-02 08:00:00,2025-05-02 10:00:00,2025-05-02 14:00:00,8.300000190734863,8.80850601196289,5.7871162702747325,13.174914110145025,8.734068810737902,5.706192972542327,13.129044004568772,9.096149514083603,5.894342539443404,13.784910153152875,8.661764860153198,5.920348632619296,12.489161481386091,-0.14674115180969238,8.661764860153198,5.988764540730938,12.357110497691469,-0.14674115180969238,8.227118015289307,5.413455318342692,12.275169568044564,-0.581387996673584
2025 H1,2025-05-03 08:00:00,2025-05-03 10:00:00,2025-05-03 14:00:00,9.899999618530273,10.180212020874023,6.736285099835477,15.157256256540261,8.44838727552483,5.509375429839362,12.714375990524573,9.134012842626339,5.9201982140541025,13.840357619518421,9.901303052902222,6.8081819178866105,14.21972842089987,-0.27890896797180176,10.033470869064331,6.980977708215711,14.253454384814681,-0.14674115180969238,9.59882402420044,6.366881424248839,14.248660081076663,-0.581387996673584
2025 H1,2025-05-04 08:00:00,2025-05-04 10:00:00,2025-05-04 14:00:00,8.399999618530273,9.408856391906738,6.202536093294964,14.042519743593983,8.82207926715317,5.76682692898932,13.256791571976736,9.103981951923194,5.899691064572684,13.796380059534213,9.129947423934937,6.255689702494163,13.142809163464033,-0.27890896797180176,9.380678653717041,6.5087853962397,13.350988026066196,-0.028177738189697266,8.827468395233154,5.830738410499956,13.138901134150986,-0.581387996673584
2025 H1,2025-05-05 08:00:00,2025-05-05 10:00:00,2025-05-05 14:00:00,8.600000381469727,8.619953155517578,5.656644804158899,12.90242403448263,8.905597399090139,5.824365941746012,13.378018510501672,9.03963548183189,5.855750886646965,13.702150395279999,8.341044187545776,5.690628814319318,12.041391016482471,-0.27890896797180176,8.59177541732788,5.938138206585673,12.260352117103558,-0.028177738189697266,8.038565158843994,5.282398652766924,12.003896225956261,-0.581387996673584
2025 H1,2025-05-06 08:00:00,2025-05-06 10:00:00,2025-05-06 14:00:00,8.5,8.441410064697266,5.5330997183758335,12.644399726371791,8.679461194977618,5.668571581510559,13.049780808359339,8.791106603718765,5.686038342843478,13.338202027811713,8.116523265838623,5.529813158378599,11.727928723340986,-0.3248867988586426,8.413232326507568,5.808990412142486,12.013521457570366,-0.028177738189697266,7.860022068023682,5.1582994341942925,11.747024058296219,-0.581387996673584
2025 H1,2025-05-07 08:00:00,2025-05-07 10:00:00,2025-05-07 14:00:00,9.699999809265137,9.186071395874023,6.048377277517868,13.720558562151963,8.664200669901756,5.658057989711397,13.027630088601551,9.189187712608232,5.957875395111474,13.921156293731421,8.86118459701538,6.063185280300828,12.767579045055392,-0.3248867988586426,9.157893657684326,6.347635554257764,13.042994212067546,-0.028177738189697266,8.60468339920044,5.675888151157286,12.818377586641368,-0.581387996673584
2025 H1,2025-05-08 08:00:00,2025-05-08 10:00:00,2025-05-08 14:00:00,9.399999618530273,9.405804634094238,6.200424391973998,14.038109448608752,9.048608421338464,5.9228920083934815,13.585599642890624,9.383139309532776,6.090318832424342,14.205181102455759,9.080917835235596,6.220571703658078,13.074357069161989,-0.3248867988586426,9.377626895904541,6.506577930306135,13.346769059148269,-0.028177738189697266,8.824416637420654,5.828617237633147,13.134510532191152,-0.581387996673584
2025 H1,2025-05-09 08:00:00,2025-05-09 10:00:00,2025-05-09 14:00:00,9.699999809265137,9.566864967346191,6.311872068814586,14.270868279322961,8.589960385932036,5.606910860970323,12.91986998750562,9.407280036040532,6.106803774278989,14.240533042514802,9.241978168487549,6.335932993559279,13.299219594272852,-0.3248867988586426,9.592005729675293,6.66164723839076,13.643141596928782,0.025140762329101562,8.985476970672607,5.940564787145052,13.366230038873798,-0.581387996673584
2025 H1,2025-05-10 08:00:00,2025-05-10 10:00:00,2025-05-10 14:00:00,9.199999809265137,8.590249061584473,5.636090691332617,12.859496703887338,8.812771496480357,5.760414430013846,13.243281301608036,8.978552977890802,5.814039568411301,13.612700518231442,8.511373519897461,5.8126291299237955,12.2791943476921,-0.07887554168701172,8.615389823913574,5.9552195089962865,12.292998351271747,0.025140762329101562,8.119109153747559,5.3383820390874295,12.119775874212724,-0.47113990783691406
2025 H1,2025-05-11 08:00:00,2025-05-11 10:00:00,2025-05-11 14:00:00,11.0,9.113590240478516,5.9982230513316175,13.615811299818397,9.045264667257108,5.9205883612179475,13.580746169027378,9.438522396828677,6.128138198527945,14.286284692347321,9.282962799072266,6.365288699926662,13.356439813168084,0.16937255859375,9.138731002807617,6.333774392777738,13.016502395890878,0.025140762329101562,8.751014709472656,5.777598058687496,13.02890626458382,-0.3625755310058594
2025 H1,2025-05-11 12:00:00,2025-05-11 14:00:00,2025-05-11 18:00:00,8.699999809265137,8.214056968688965,5.375779949683916,12.315836884623753,8.888409547446615,5.812524536867329,13.3530702676921,8.969314254808326,5.807730735378589,13.599171232585094,8.383429527282715,5.7209877944991545,12.100566819291847,0.16937255859375,8.239197731018066,5.683103803699583,11.77292366244482,0.025140762329101562,7.8514814376831055,5.152363133066571,11.734736547092696,-0.3625755310058594
2025 H1,2025-05-12 08:00:00,2025-05-12 10:00:00,2025-05-12 14:00:00,9.399999618530273,8.807641983032227,5.786518394838234,13.173665445377333,9.369937541644616,6.144268611576437,14.052010284630356,9.395434174702963,6.098714608639947,14.223185835510947,9.049153327941895,6.197820015141793,13.030009418969371,0.24151134490966797,8.832782745361328,6.112469034606855,12.593537778097287,0.025140762329101562,8.482755184173584,5.591140003596554,12.642957945651784,-0.3248867988586426
2025 H1,2025-05-13 08:00:00,2025-05-13 10:00:00,2025-05-13 14:00:00,8.699999809265137,9.898743629455566,6.541519587469549,14.750487858966652,8.880938701988129,5.8073775698295185,13.342226302410301,9.754258859099856,6.343744684946656,14.748652570342976,10.068116188049316,6.927663717374312,14.452622653970634,0.16937255859375,9.752002477645874,6.777379675997538,13.864332473838658,-0.14674115180969238,9.608831405639648,6.373837214085666,14.263057825347124,-0.28991222381591797
2025 H1,2025-05-14 08:00:00,2025-05-14 10:00:00,2025-05-14 14:00:00,9.199999809265137,8.939634323120117,5.877852116596626,13.36441621635723,9.007353580997943,5.8944698834060585,13.525718059361063,9.432811055134225,6.124238103155304,14.27792094201967,9.109006881713867,6.240690801690485,13.11357326716389,0.16937255859375,8.792893171310425,6.083615212897579,12.538391595591731,-0.14674115180969238,8.6497220993042,5.7071930169055145,12.883175325221387,-0.28991222381591797
2025 H1,2025-05-15 08:00:00,2025-05-15 10:00:00,2025-05-15 14:00:00,8.300000190734863,8.103426933288574,5.299228137172279,12.155958178540462,8.88910815753723,5.813005837561963,13.354084303333748,9.064653668387665,5.87283501833406,13.738787297289615,8.381392002105713,5.719528393988307,12.097722152035628,0.27796506881713867,8.027525663375854,5.5299924144230665,11.480293150556435,-0.07590126991271973,7.844640493392944,5.147608225795685,11.724894395371322,-0.2587864398956299
2025 H1,2025-05-16 08:00:00,2025-05-16 10:00:00,2025-05-16 14:00:00,9.0,9.031952857971191,5.941733061275811,13.497831774311965,8.533595250586849,5.568078643744643,12.838055743832193,9.273115544639328,6.015187068419015,14.044061115435747,9.423295974731445,6.4658039281837,13.55236435646445,0.3913431167602539,9.156085014343262,6.346327285775574,13.040493814955093,0.12413215637207031,8.885211706161499,5.870873818322687,13.221977154499253,-0.14674115180969238
2025 H1,2025-05-17 08:00:00,2025-05-17 10:00:00,2025-05-17 14:00:00,6.800000190734863,5.6604204177856445,3.608759757019967,8.625409541924123,8.269106434946146,5.385861621114898,12.454149056139435,6.437411720795001,4.078774233533735,9.891425875832137,6.1213414669036865,4.10074157218939,8.942378685629865,0.460921049118042,5.8297929763793945,3.940279096493836,8.441991269947984,0.16937255859375,5.632242679595947,3.6098458928901374,8.541890115870368,-0.028177738189697266
2025 H1,2025-05-18 08:00:00,2025-05-18 10:00:00,2025-05-18 14:00:00,7.900000095367432,7.645434856414795,4.982314891381762,11.49408384774076,8.60591557085621,5.617903031982723,12.943029009110852,8.531366012139733,5.508669673010931,12.957835106316955,8.194348096847534,5.585556076018577,11.836582962803003,0.5489132404327393,7.886946201324463,5.428305323735142,11.28594610987543,0.24151134490966797,7.68809700012207,5.038800177843288,11.499673322605004,0.04266214370727539
2025 H1,2025-05-19 00:00:00,2025-05-19 02:00:00,2025-05-19 06:00:00,6.900000095367432,8.632160186767578,5.66509160944276,12.920065214423548,8.883122636854013,5.808882170725079,13.34539629354383,8.89601249267518,5.7576752705515535,13.49182734215493,9.187507390975952,6.296917681540589,13.223170847019555,0.555347204208374,8.965175151824951,6.208234080553165,12.776566451200585,0.33301496505737305,8.756292343139648,5.7812663620140325,13.036499261848105,0.12413215637207031
2025 H1,2025-05-19 08:00:00,2025-05-19 10:00:00,2025-05-19 14:00:00,7.599999904632568,7.158116340637207,4.645108855803434,10.78982796035019,8.758487394947602,5.7230159209938405,13.164487687733157,8.239019031413362,5.309035126921049,12.52971903716054,7.713463544845581,5.241117063057367,11.165201546493572,0.555347204208374,7.49113130569458,5.14199561248562,10.738743463766248,0.33301496505737305,7.200778484344482,4.700081682906746,10.798562106743697,0.04266214370727539
2025 H1,2025-05-20 08:00:00,2025-05-20 10:00:00,2025-05-20 14:00:00,11.300000190734863,8.915982246398926,5.861485771452485,13.330235052004522,8.836867792652985,5.777015341225703,13.278257182258745,8.937906116511996,5.786283106890219,13.553176816383031,9.43104076385498,6.471351221209016,13.563177154399275,0.5150585174560547,9.157493591308594,6.3473461692705335,13.042441131873145,0.24151134490966797,8.958644390106201,5.921914374713637,13.327625671141961,0.04266214370727539
2025 H1,2025-05-21 08:00:00,2025-05-21 10:00:00,2025-05-21 14:00:00,10.199999809265137,8.196571350097656,5.363680561021448,12.290567272575572,8.817984894689667,5.764006150507517,13.250848572206268,8.440907873859514,5.446898659228478,12.825367233765258,8.711629867553711,5.9560650095726295,12.558779935864333,0.5150585174560547,8.52958631515503,5.893154189858255,12.17437748187922,0.33301496505737305,8.320703506469727,5.478503404336197,12.409812179363744,0.12413215637207031
2025 H1,2025-05-21 20:02:41,2025-05-21 22:02:41,2025-05-22 02:02:41,9.0,8.891035079956055,5.844223273060258,13.294182268717456,8.633733178118584,5.637067704635346,12.983406389295215,9.009794999367365,5.835373760955065,13.658451671172426,9.446382284164429,6.482339759083051,13.58459604088839,0.555347204208374,9.282378196716309,6.437680504103724,13.215090487144769,0.3913431167602539,9.060407638549805,5.992646541123672,13.474033723650393,0.16937255859375
2025 H1,2025-05-22 08:00:00,2025-05-22 10:00:00,2025-05-22 14:00:00,8.800000190734863,6.860586166381836,4.4392291954226,10.359847628982445,8.570104049175548,5.593231028969352,12.891048426732137,8.055152300300124,5.183478326862363,12.260462614613406,7.456221580505371,5.0568645893177155,10.80605614738695,0.5956354141235352,7.321507215499878,5.019299309691547,10.504243064657475,0.460921049118042,7.102097511291504,4.631491901092191,10.656588562214704,0.24151134490966797
2025 H1,2025-05-23 08:00:00,2025-05-23 10:00:00,2025-05-23 14:00:00,10.0,9.846379280090332,6.505285432428437,14.674812709888847,9.079466218994696,5.9441511909423115,13.630389872900917,9.296145066114642,6.030913203352813,14.077785794869987,10.577479839324951,7.29250120810532,15.163764835989806,0.7311005592346191,10.361437797546387,7.2182101055555385,14.706859178527893,0.5150585174560547,10.179394245147705,6.770416001896581,15.08393368616779,0.33301496505737305
2025 H1,2025-05-24 08:00:00,2025-05-24 10:00:00,2025-05-24 14:00:00,8.0,8.944211959838867,5.881019668578077,13.371031658835076,8.911540967003317,5.8284607056259645,13.38664562566001,9.055105833116285,5.866315102322589,13.724805344422581,9.675312519073486,6.646313635600365,13.904214345758929,0.7311005592346191,9.459270477294922,6.565634197443476,13.459638949260798,0.5150585174560547,9.27722692489624,6.143350238944991,13.785974330360093,0.33301496505737305
2025 H1,2025-05-25 08:00:00,2025-05-25 10:00:00,2025-05-25 14:00:00,8.300000190734863,9.155190467834473,6.027008839869687,13.675930511552988,8.712609573850996,5.691408837931696,13.097895827154503,9.031008663363107,5.849859904003886,13.689517189344349,9.716971158981323,6.6761521087878,13.962375574990377,0.5617806911468506,9.670248985290527,6.718243905594935,13.751310634995727,0.5150585174560547,9.39670181274414,6.226393162380762,13.957864338992893,0.24151134490966797
2025 H1,2025-05-26 08:00:00,2025-05-26 10:00:00,2025-05-26 14:00:00,6.699999809265137,7.781850337982178,5.076709260242231,11.691226790014877,8.513361366984812,5.554138704480033,12.808686172139714,8.000764521584431,5.146338625642371,12.180816565332998,8.13237738609314,5.541168851775488,11.75006327032634,0.3505270481109619,8.296908855438232,5.724848709086047,11.852707622930682,0.5150585174560547,8.023361682891846,5.271831234691095,11.982022795817628,0.24151134490966797
2025 H1,2025-05-27 08:00:00,2025-05-27 10:00:00,2025-05-27 14:00:00,9.199999809265137,8.478041648864746,5.558447393200705,12.697338426583554,8.224547293521217,5.3551630297142765,12.389471264946495,9.038980324784301,5.855303500532395,13.701190976238975,8.585675716400146,5.86584892065671,12.382930501650883,0.10763406753540039,8.9931001663208,6.228433428594937,12.815171976140341,0.5150585174560547,8.66105318069458,5.715068865473322,12.899477493091931,0.18301153182983398
2025 H1,2025-05-28 08:00:00,2025-05-28 10:00:00,2025-05-28 14:00:00,7.5,8.78933048248291,5.77384752700578,13.147202297248773,8.254813607566195,5.37601471532485,12.433402953874547,8.846004977905503,5.723526713630176,13.418595798602533,9.180145740509033,6.291644815922354,13.212892963697499,0.39081525802612305,9.344677686691284,6.4827443690129565,13.301217730313088,0.555347204208374,8.972342014312744,5.931435126553004,13.34733261362606,0.18301153182983398
2025 H1,2025-05-29 08:00:00,2025-05-29 10:00:00,2025-05-29 14:00:00,8.699999809265137,9.453474998474121,6.2334104864208015,14.107001012712404,9.153533141610614,5.995178884048073,13.737898339223744,9.365540513988725,6.078301169196091,14.1794092366014,9.844290256500244,6.767345856014581,14.140130663315913,0.39081525802612305,9.968533515930176,6.934005764940153,14.16368037211668,0.5150585174560547,9.619397640228271,6.381181443703731,14.2782595986015,0.1659226417541504
2025 H1,2025-05-30 08:00:00,2025-05-30 10:00:00,2025-05-30 14:00:00,10.0,7.713553428649902,5.029450374539024,11.59252645557122,8.563775415207934,5.588870977539204,12.881862386489788,8.411278776167377,5.426665881540383,12.781978063796434,8.104368686676025,5.521107303236664,11.71095924794641,0.39081525802612305,8.228611946105957,5.6754466562425305,11.758289120948266,0.5150585174560547,7.879476070404053,5.171821248353676,11.775012773727044,0.1659226417541504
2025 H1,2025-05-31 08:00:00,2025-05-31 10:00:00,2025-05-31 14:00:00,6.800000190734863,6.5767388343811035,4.242817545886309,9.949641268646122,8.58639928102017,5.604457472033099,12.914701027948942,7.4071052875932235,4.740947431194468,11.31145558529741,6.967554092407227,4.70685096012949,10.12380867468716,0.39081525802612305,7.1320860385894775,4.882282933944858,10.242373765702624,0.555347204208374,6.742661476135254,4.38166016083948,10.139463463385542,0.1659226417541504
2025 H1,2025-06-01 08:00:00,2025-06-01 10:00:00,2025-06-01 14:00:00,8.699999809265137,8.949552536010742,5.884715145889766,13.378749675059229,9.412320075602192,6.173467650222158,14.113528720441202,8.99927744823045,5.828191656518828,13.643049655941413,9.057186603546143,6.203573939879975,13.041224983974178,0.10763406753540039,9.504899740219116,6.5986397796906155,13.522720085639959,0.555347204208374,9.115475177764893,6.030922111205449,13.553260077920912,0.1659226417541504
2025 H1,2025-06-02 08:00:00,2025-06-02 10:00:00,2025-06-02 14:00:00,8.399999618530273,7.074953556060791,4.587563345040477,10.669643976459737,8.562115944674511,5.587727701295142,12.879453657658413,7.7426701615655125,4.970094115496528,11.802860403076068,7.1328301429748535,4.825231805358655,10.354556924865241,0.0578765869140625,7.590012073516846,5.213520268065526,10.875443265615662,0.5150585174560547,7.240876197814941,4.72795223721031,10.85625118633813,0.1659226417541504
2025 H1,2025-06-03 08:00:00,2025-06-03 10:00:00,2025-06-03 14:00:00,23.299999237060547,7.465601921081543,4.857877281837258,11.23419550089007,8.546219234570577,5.57677581594706,12.856379512513826,8.969069074906002,5.807563309744882,13.598812188493866,7.5954060554504395,5.1565570476635365,11.000376945441044,0.12980413436889648,8.027382612228394,5.52988893945743,11.480095386482155,0.5617806911468506,7.648613452911377,5.011356509579171,11.442867851654992,0.18301153182983398
2025 H1,2025-06-03 15:30:00,2025-06-03 17:30:00,2025-06-03 21:30:00,8.5,,,,7.929749483297238,5.152064917128091,11.961570937335253,7.929749483297238,5.097844692512654,12.076821377946535,,,,0.5017132759094238,,,,0.5617806911468506,,,,0.24151134490966797
2025 H1,2025-06-04 08:00:00,2025-06-04 10:00:00,2025-06-04 14:00:00,6.900000095367432,8.141324043273926,5.3254515081386895,12.210725772953914,8.741781526313758,5.711506573668402,13.140239045397514,9.19991825185152,5.965202942417798,13.936870211040747,8.887072563171387,6.0817278295950965,12.803722230172973,0.7457485198974609,8.686128854751587,6.0063880519614825,12.390793015608873,0.5448048114776611,8.474339008331299,5.585290206549808,12.630849488684436,0.33301496505737305
2025 H1,2025-06-05 08:00:00,2025-06-05 10:00:00,2025-06-05 14:00:00,9.199999809265137,8.791934967041016,5.775649732101891,13.150966208375229,8.686327699753324,5.673302193854492,13.059747570462614,9.356663847847935,6.072239573446392,14.166410151042292,9.537683486938477,6.547735280803897,13.71206516122924,0.7457485198974609,9.16577434539795,6.353335990114642,13.053889034919507,0.3738393783569336,9.124949932098389,6.037507690090369,13.566891524943083,0.33301496505737305
2025 H1,2025-06-06 08:00:00,2025-06-06 10:00:00,2025-06-06 14:00:00,8.800000190734863,8.611560821533203,5.650837625526245,12.890295723273251,8.66956944641185,5.661756756589172,13.035422891491761,9.292660452497415,6.028533670456509,14.072682889135748,9.024138450622559,6.179902825626455,12.995085186752835,0.41257762908935547,9.024138450622559,6.250884736805496,12.858081506549961,0.41257762908935547,8.944575786590576,5.912135767797651,13.307384996107142,0.33301496505737305
2025 H1,2025-06-07 08:00:00,2025-06-07 10:00:00,2025-06-07 14:00:00,9.100000381469727,10.037126541137695,6.637275343775377,14.95047406328906,8.542639932270408,5.574309890094398,12.851184139367405,9.299638091925754,6.033298480671392,14.082901019511608,10.663022994995117,7.353772463299432,15.283194925333117,0.6258964538574219,10.622219562530518,7.406844622993113,15.067382426722611,0.5850930213928223,10.370141506195068,6.902997923336885,15.358364145477829,0.33301496505737305
2025 H1,2025-06-08 08:00:00,2025-06-08 10:00:00,2025-06-08 14:00:00,9.100000381469727,9.025086402893066,5.936981733303639,13.487908610595198,8.283616904678583,5.395858469507896,12.4752110672432,8.985680831817266,5.818906955376165,13.623138624337198,9.437664031982422,6.476095212104328,13.572424153741396,0.41257762908935547,9.437664031982422,6.550005338633838,13.429768663481887,0.41257762908935547,9.35810136795044,6.199563308514978,13.902329398485003,0.33301496505737305
2025 H1,2025-06-09 08:00:00,2025-06-09 10:00:00,2025-06-09 14:00:00,9.300000190734863,8.79096794128418,5.774980586745811,13.149568696151787,8.95738381856765,5.8600436967655885,13.45318672780764,9.16442149498034,5.940963325069831,13.884888377735226,8.959510326385498,6.1336121988448795,12.904855377117517,0.16854238510131836,9.009267807006836,6.240128169211098,12.837523271815208,0.21829986572265625,9.10422134399414,6.023099954825834,13.537069047162475,0.31325340270996094
2025 H1,2025-06-10 08:00:00,2025-06-10 10:00:00,2025-06-10 14:00:00,8.800000190734863,9.18830680847168,6.049924098735475,13.723789103228643,8.67087281875893,5.662654702416815,13.037314742228002,9.047487297720444,5.861112644435597,13.71364867908507,9.454440116882324,6.488111273132324,13.595845891023943,0.26613330841064453,9.406606674194336,6.527540233761196,13.386832764529036,0.21829986572265625,9.510655403137207,6.305598420093916,14.121810788236179,0.32234859466552734
2025 H1,2025-06-11 08:00:00,2025-06-11 10:00:00,2025-06-11 14:00:00,7.800000190734863,8.624034881591797,5.65946920467569,12.908322804025376,8.683512485786714,5.671362679301415,13.055661274917567,9.151459553918528,5.932112023736431,13.865906771555363,8.890236854553223,6.083994289176182,12.808140019059529,0.2662019729614258,8.842334747314453,6.119378402978913,12.606743144550393,0.21829986572265625,8.946383476257324,5.913392231287975,13.309985741736787,0.32234859466552734
2025 H1,2025-06-12 08:00:00,2025-06-12 10:00:00,2025-06-12 14:00:00,9.899999618530273,8.77254581451416,5.762233169740471,13.12294567483001,8.795764150337769,5.748697382661848,13.218595063332785,9.022554238432322,5.8440866434786205,13.677136438363604,9.02965259552002,6.183852394432314,13.0027836965003,0.2571067810058594,8.990845680236816,6.226802663136515,12.812055214329721,0.21829986572265625,9.094894409179688,6.016617120251649,13.523650269922726,0.32234859466552734
2025 H1,2025-06-13 08:00:00,2025-06-13 10:00:00,2025-06-13 14:00:00,9.199999809265137,8.468855857849121,5.552091172224601,12.684063438678015,8.329103563863717,5.4271960653378395,12.541235154574348,9.074165970562934,5.87933066991326,13.752717215107772,8.632430076599121,5.899337261281348,12.448206061945656,0.16357421875,8.63739824295044,5.971139132459359,12.323424354099375,0.16854238510131836,8.791204452514648,5.805532579610321,13.08672774826859,0.32234859466552734
2025 H1,2025-06-14 08:00:00,2025-06-14 10:00:00,2025-06-14 14:00:00,8.300000190734863,8.774517059326172,5.763597196812483,13.125794449747033,8.591768495684624,5.608156540773102,12.922494466822146,9.05122710185784,5.863666438901266,13.719125288567193,8.938091278076172,6.118270562629868,12.87495142006577,0.16357421875,9.031623840332031,6.256299236840669,12.868429841343337,0.2571067810058594,9.165860176086426,6.065943006669719,13.62574960230931,0.3913431167602539
2025 H1,2025-06-15 08:00:00,2025-06-15 10:00:00,2025-06-15 14:00:00,8.0,7.32330846786499,4.75941557826061,11.028557917009245,8.597321252214574,5.611982058913913,12.93055431752628,8.204178012425166,5.285243292321848,12.478697473477652,7.48688268661499,5.078825954224802,10.848863296753242,0.16357421875,7.58041524887085,5.206578477537572,10.862175933085952,0.2571067810058594,7.645657062530518,5.00930162336445,11.438614456006402,0.32234859466552734
2025 H1,2025-06-16 08:00:00,2025-06-16 10:00:00,2025-06-16 14:00:00,9.600000381469727,8.656737327575684,5.68209806404982,12.955583249443656,8.545400699910397,5.576211894375042,12.855191405828142,9.009652370375107,5.8352763641081475,13.65824280373907,8.65714979171753,5.917043037523526,12.4827182068625,0.0004124641418457031,8.825279712677002,6.107041772659258,12.583165052401425,0.16854238510131836,8.92293930053711,5.897096983605238,13.276256314243476,0.2662019729614258
2025 H1,2025-06-17 08:00:00,2025-06-17 10:00:00,2025-06-17 14:00:00,9.300000190734863,7.540892601013184,4.909975593052118,11.343002991044408,8.188484133405426,5.330317662824184,12.337125428264333,8.21610441492696,5.293387456985411,12.49616262583038,7.541305065155029,5.117806599931335,10.924844472341082,0.0004124641418457031,7.797999382019043,5.363966314685539,11.162979704557442,0.2571067810058594,7.807094573974609,5.121511336585363,11.670876613650035,0.2662019729614258
2025 H1,2025-06-18 08:00:00,2025-06-18 10:00:00,2025-06-18 14:00:00,8.5,8.932259559631348,5.872749058373183,13.353758462881988,8.83879697446638,5.778344432458907,13.28105739820793,8.872472024887008,5.741600226472225,13.457354427433748,8.932672023773193,6.11438896028824,12.867385390726445,0.0004124641418457031,9.100801944732666,6.3063386954725,12.964066570023299,0.16854238510131836,9.189366340637207,6.08228134067631,13.659568213904926,0.2571067810058594
2025 H1,2025-06-19 08:00:00,2025-06-19 10:00:00,2025-06-19 14:00:00,10.600000381469727,8.945869445800781,5.882166586358023,13.373427000298925,8.66990571477493,5.661988425439806,13.035910986510572,9.200009506126511,5.965265257088267,13.937003844784478,8.943497657775879,6.122142943390924,12.882499474676354,-0.0023717880249023438,9.020947933197021,6.248576900155264,12.853670708479985,0.07507848739624023,9.20297622680664,6.091741108795759,13.679148926582675,0.2571067810058594
2025 H1,2025-06-20 08:00:00,2025-06-20 10:00:00,2025-06-20 14:00:00,8.300000190734863,8.342647552490234,5.464759784376099,12.50167155491231,8.604753888408519,5.617102702046855,12.941342821891313,8.895840622537746,5.757557905847503,13.491575653673452,8.340275764465332,5.6900784225750565,12.040318191468806,-0.0023717880249023438,8.511189937591553,5.879847309277487,12.148945021927105,0.16854238510131836,8.60884952545166,5.678783883553741,12.824371444348094,0.2662019729614258
2025 H1,2025-06-21 08:00:00,2025-06-21 10:00:00,2025-06-21 14:00:00,3.200000047683716,8.19250774383545,5.3608686987312515,12.284694689159304,8.554251751863514,5.582309741386574,12.868038746951761,9.001329242112254,5.829592761942412,13.64605432501381,8.086639404296875,5.508408503706168,11.686206715006206,-0.10586833953857422,8.35608196258545,5.767651128621312,11.934512732255667,0.16357421875,8.449614524841309,5.568105060562796,12.595278066462667,0.2571067810058594
2025 H1,2025-06-21 13:57:36,2025-06-21 15:57:36,2025-06-21 19:57:36,8.399999618530273,6.957457065582275,4.506260204556667,10.499842106659676,8.311917147226543,5.415355649092965,12.516288994682855,7.895911700216354,5.0747379361190825,12.027268963738043,6.851588726043701,4.623789451578938,9.961904967055329,-0.10586833953857422,7.121031284332275,4.874286561058796,10.227090887649231,0.16357421875,7.214563846588135,4.709663418466034,10.818395279034135,0.2571067810058594
2025 H1,2025-06-22 08:00:00,2025-06-22 10:00:00,2025-06-22 14:00:00,7.699999809265137,7.068086624145508,4.582811687114973,10.659720123634377,8.636537046280358,5.638999402605435,12.987476216354274,8.007975058260897,5.151262474053235,12.191375752948915,6.853883266448975,4.625432942161246,9.965108463155712,-0.2142033576965332,6.996016979217529,4.7838584089234315,10.0542622262836,-0.07206964492797852,7.197890758514404,4.698074523081528,10.794407499639204,0.12980413436889648
2025 H1,2025-06-23 08:00:00,2025-06-23 10:00:00,2025-06-23 14:00:00,7.599999904632568,7.724821090698242,5.037247171760027,11.608810091587,8.783514118260515,5.74025784102441,13.200814087500152,8.329001817855522,5.3704815379038155,12.661490799357788,7.510617733001709,5.095826450323077,10.882000707786608,-0.2142033576965332,7.652751445770264,5.25890231849409,10.962178633312387,-0.07206964492797852,7.854625225067139,5.154548272552645,11.739259553142874,0.12980413436889648
2025 H1,2025-06-24 08:00:00,2025-06-24 10:00:00,2025-06-24 14:00:00,9.199999809265137,8.762626647949219,5.755369480540672,13.108610837910833,8.555106856349182,5.582898857387712,12.86927993490116,9.422730194990287,6.117354201245217,14.26315842178493,8.401097297668457,5.733642535366908,12.125233472972502,-0.3615293502807617,8.69055700302124,6.009591119522739,12.39691480252814,-0.07206964492797852,8.837705135345459,5.837853619735057,13.153628859599996,0.07507848739624023
2025 H1,2025-06-25 08:00:00,2025-06-25 10:00:00,2025-06-25 14:00:00,8.5,8.2894926071167,5.427978566711523,12.42485386378989,8.302017666014343,5.4085354968392805,12.50191985384472,8.69183381367304,5.618248080975155,13.192825884220394,7.898792266845703,5.373860861570624,11.423946102419242,-0.3907003402709961,8.200982093811035,5.655460811546523,11.720091649215107,-0.08851051330566406,8.36457109451294,5.50899426999679,12.472925024441686,0.07507848739624023
2025 H1,2025-06-26 08:00:00,2025-06-26 10:00:00,2025-06-26 14:00:00,7.199999809265137,6.4287238121032715,4.1403967322861845,9.735735070776586,8.3482837262293,5.440410053503447,12.569075245223713,7.211917378910186,4.607659755517588,11.025620308310382,6.038023471832275,4.041064113504489,8.82605522857092,-0.3907003402709961,6.340213298797607,4.309487776462508,9.147632604164771,-0.08851051330566406,6.558527946472168,4.253675218721463,9.87454826176033,0.12980413436889648
2025 H1,2025-06-27 08:00:00,2025-06-27 10:00:00,2025-06-27 14:00:00,8.899999618530273,7.5701727867126465,4.930236377366784,11.385317704101908,8.32632981102553,5.425285115029939,12.5372090400409,8.536361167405724,5.512080707226838,12.965150065520533,7.17947244644165,4.858639884078296,10.419676038446882,-0.3907003402709961,7.498103141784668,5.147038637394159,10.748381825532965,-0.07206964492797852,7.699976921081543,5.047057506093861,11.516765112796772,0.12980413436889648
2025 H1,2025-06-28 08:00:00,2025-06-28 10:00:00,2025-06-28 14:00:00,9.800000190734863,7.203894138336182,4.6767853654779055,10.855984452454404,8.191622353469342,5.3324797093176,12.341680568590665,7.997929955391247,5.1444029896596355,12.176665596051993,7.239184856414795,4.901409574780696,10.503042830355927,0.03529071807861328,7.201522350311279,4.9325091648896615,10.338367458536657,-0.0023717880249023438,7.333698272705078,4.792469698553853,10.989795461135792,0.12980413436889648
2025 H1,2025-06-29 08:00:00,2025-06-29 10:00:00,2025-06-29 14:00:00,8.5,7.767113208770752,5.066511722581957,11.669929199887768,8.515223555114629,5.555421641060054,12.811389146460375,8.648109954787849,5.588390434762577,13.128796194063277,7.802403926849365,5.304821620132954,11.289374634167554,0.03529071807861328,7.76474142074585,5.339909419924865,11.117001534928615,-0.0023717880249023438,7.896917343139648,5.183944082720745,11.80010574995905,0.12980413436889648
2025 H1,2025-06-30 08:00:00,2025-06-30 10:00:00,2025-06-30 14:00:00,8.0,7.514319896697998,4.891588283753147,11.304601036569117,8.580102872334416,5.600119621900575,12.905561762845984,8.378916952809009,5.404567011558087,12.734587060911796,7.939909219741821,5.403311345293905,11.481351061582103,0.42558932304382324,7.511948108673096,5.157053289484946,10.767522091855142,-0.0023717880249023438,7.6441240310668945,5.00823606543214,11.436408864553144,0.12980413436889648
2025 H2,2025-07-01 08:00:00,2025-07-01 10:00:00,2025-07-01 14:00:00,8.199999809265137,7.777136325836182,5.266030313499522,11.294565814075668,8.416895574904652,5.754676923357266,12.128373610589117,7.544296908102812,5.062441922954574,11.042178808739127,8.314138412475586,5.8601706645267715,11.645920722547748,0.5370020866394043,7.945094585418701,5.3150946340665985,11.670390830004328,0.16795825958251953,7.995436191558838,5.544571538984568,11.364120675340882,0.21829986572265625
2025 H2,2025-07-02 08:00:00,2025-07-02 10:00:00,2025-07-02 14:00:00,8.800000190734863,8.104071617126465,5.499430635623669,11.752520129298116,8.551093102705401,5.850935922620566,12.315462367023958,8.143019361871719,5.4872539517243935,11.886007496182659,8.64107370376587,6.10096930796372,12.089804804141622,0.5370020866394043,8.19954776763916,5.494734537291431,12.030814214674509,0.09547615051269531,8.272614002227783,5.746230466057417,11.745098298510898,0.16854238510131836
2025 H2,2025-07-03 08:00:00,2025-07-03 10:00:00,2025-07-03 14:00:00,9.300000190734863,7.392424583435059,4.991383167738686,10.755681186925054,8.651095193438847,5.922666761004799,12.454878249736662,7.814690451154021,5.2542944731082715,11.42326661844098,7.985900640487671,5.618412701024204,11.200268246829207,0.5934760570526123,7.487900733947754,4.992323040029029,11.022792894857316,0.09547615051269531,7.649531364440918,5.292910714701513,10.888678580750495,0.2571067810058594
2025 H2,2025-07-04 08:00:00,2025-07-04 10:00:00,2025-07-04 14:00:00,9.399999618530273,7.310166358947754,4.93265871490606,10.640458052959223,8.368223020521748,5.719764421962731,12.060517757942375,7.390963299011767,4.953647002793275,10.826073170332231,8.00968599319458,5.635931399121583,11.232561913872692,0.6995196342468262,7.687385320663452,5.133155988313424,11.305355326602857,0.37721896171569824,7.571657180786133,5.23625385503227,10.781641436169897,0.2614908218383789
2025 H2,2025-07-05 08:00:00,2025-07-05 10:00:00,2025-07-05 14:00:00,8.600000381469727,8.56120491027832,5.825779796199855,12.392849178525365,8.551916170586209,5.851526303768645,12.316609830384909,8.466172042315737,5.716540735471467,12.341453087819321,9.280372858047485,6.571834256479538,12.957789159217183,0.719167947769165,9.098206996917725,6.129173672895703,13.303731292210019,0.5370020866394043,8.8226957321167,6.146438878065786,12.501179131592565,0.2614908218383789
2025 H2,2025-07-06 08:00:00,2025-07-06 10:00:00,2025-07-06 14:00:00,9.300000190734863,8.293404579162598,5.634596142392761,12.017728105580217,8.448833710629899,5.777585936910871,12.172899513514505,8.229022395284877,5.548275753854274,12.007218628894243,9.086427927017212,6.428987407155779,12.694467731755495,0.7930233478546143,8.830406665802002,5.9401108946454935,12.92440217195992,0.5370020866394043,8.563921928405762,5.958169667464238,12.145497598361152,0.27051734924316406
2025 H2,2025-07-07 08:00:00,2025-07-07 10:00:00,2025-07-07 14:00:00,8.5,7.987093925476074,5.4159198258705,11.588663732931009,8.44694257273206,5.776229436202564,12.17026302204293,8.089426792239603,5.4492283722775365,11.810475089798505,8.842402458190918,6.249254587167056,12.363151339793092,0.8553085327148438,8.628940343856812,5.79787887278011,12.639032686623223,0.6418464183807373,8.257611274719238,5.735315328495583,11.724477226955859,0.27051734924316406
2025 H2,2025-07-08 08:00:00,2025-07-08 10:00:00,2025-07-08 14:00:00,9.199999809265137,7.942441940307617,5.3840426073522085,11.526117504867214,8.674002674944024,5.939098146004714,12.486814249587724,8.017664049386273,5.398310495071319,11.709333967183039,8.735465288162231,6.170491828413578,12.21796142371185,0.7930233478546143,8.641961574554443,5.807071654737005,12.657476771305745,0.6995196342468262,8.212959289550781,5.702829064898174,11.663103601346197,0.27051734924316406
2025 H2,2025-07-09 08:00:00,2025-07-09 10:00:00,2025-07-09 14:00:00,8.199999809265137,7.322153568267822,4.941216428286074,10.657249125632765,8.9480642913957,6.135680731157026,12.868891683119848,7.999823037736623,5.385651747589103,11.684189165366739,8.094744443893433,5.698579758251912,11.34804682258735,0.7725908756256104,8.021673202514648,5.369157920853433,11.778861567631688,0.6995196342468262,7.704083681106567,5.332599900576757,10.963660094932813,0.3819301128387451
2025 H2,2025-07-10 08:00:00,2025-07-10 10:00:00,2025-07-10 14:00:00,7.599999904632568,7.3479390144348145,4.959624754342703,10.69336806615921,8.56938305381614,5.864055183603588,12.340960930705714,7.992464030839278,5.380430305449906,11.673817513039372,8.105652093887329,5.706613602843144,11.362856273658782,0.7577130794525146,8.04745864868164,5.387362036100201,11.815385684569973,0.6995196342468262,7.72986912727356,5.351359935500119,10.999101885779528,0.3819301128387451
2025 H2,2025-07-11 08:00:00,2025-07-11 10:00:00,2025-07-11 14:00:00,9.100000381469727,8.281960487365723,5.6264261626354,12.0016978042888,8.516366901786828,5.826027048340846,12.267049539663912,8.328354102219071,5.618754660530072,12.14721495499856,9.039673566818237,6.39455127618245,12.630988759645984,0.7577130794525146,8.981480121612549,6.046766353794496,13.138392053327891,0.6995196342468262,8.555652618408203,5.952153384350825,12.134131529553109,0.27369213104248047
2025 H2,2025-07-12 08:00:00,2025-07-12 10:00:00,2025-07-12 14:00:00,8.800000190734863,8.42310905456543,5.727192650467766,12.199411532841827,8.438819430852575,5.7704027602495325,12.158938308857207,8.024245964148147,5.402980566396657,11.71861039979286,9.23438549041748,6.537963040873422,12.895351542388475,0.8112764358520508,9.127399206161499,6.149782908739047,13.345080961213275,0.7042901515960693,8.69680118560791,6.054845113355642,12.32813856610419,0.27369213104248047
2025 H2,2025-07-13 08:00:00,2025-07-13 10:00:00,2025-07-13 14:00:00,8.5,8.344449996948242,5.671037656268828,12.089229928632143,8.477853655589595,5.7984017515259065,12.213357080082933,8.857644067055523,5.99430219905026,12.893186737906449,9.176158905029297,6.495077237024883,12.81629658849415,0.8317089080810547,9.06718921661377,6.107275612893355,13.259795770301622,0.7227392196655273,8.618142127990723,5.99761722370112,12.220022621543306,0.27369213104248047
2025 H2,2025-07-14 08:00:00,2025-07-14 10:00:00,2025-07-14 14:00:00,9.800000190734863,8.95834732055664,6.1093012420563015,12.94914605252456,8.364497086153163,5.7170918338791905,12.05532332225492,8.816201383158196,5.964897337894201,12.834778162552238,9.769623756408691,6.9321837071636025,13.622051144611778,0.8112764358520508,9.72190523147583,6.569494715532318,14.187176438191669,0.7635579109191895,9.340277433395386,6.523002104034344,13.212589059658427,0.3819301128387451
2025 H2,2025-07-15 08:00:00,2025-07-15 10:00:00,2025-07-15 14:00:00,9.399999618530273,9.155552864074707,6.250087014066815,13.225381540236718,8.399127523705364,5.741932017729482,12.103602643063686,8.766991448414764,5.929981372938498,12.765422563171695,9.966829299926758,7.077432105309871,13.88979954590632,0.8112764358520508,9.954084634780884,6.73340968478738,14.516049850815794,0.7985317707061768,9.692554950714111,6.779299337939659,13.696790341573525,0.5370020866394043
2025 H2,2025-07-16 08:00:00,2025-07-16 10:00:00,2025-07-16 14:00:00,9.100000381469727,8.33460521697998,5.664009431182558,12.075439861946203,8.296085293112059,5.668020507127761,11.959948411142241,8.382628290098976,5.65726386912574,12.223708021915408,9.133136987686157,6.46339017352862,12.757885200133783,0.7985317707061768,9.133136987686157,6.15383369131846,13.35320831344196,0.7985317707061768,8.810248136520386,6.137382710234275,12.484070058636762,0.4756429195404053
2025 H2,2025-07-17 08:00:00,2025-07-17 10:00:00,2025-07-17 14:00:00,8.100000381469727,8.368175506591797,5.687975385969135,12.122463414926138,8.315582035049987,5.6820053911908,11.987129397733245,8.29973225964231,5.598446581326386,12.106875843442397,9.166707277297974,6.488115800934606,12.803463996825851,0.7985317707061768,9.179451942443848,6.186531313403316,13.418811708962279,0.8112764358520508,8.905177593231201,6.206448023730008,12.614549474356313,0.5370020866394043
2025 H2,2025-07-18 08:00:00,2025-07-18 10:00:00,2025-07-18 14:00:00,9.399999618530273,8.963470458984375,6.112958669661015,12.956322284069353,8.452068628432915,5.779906322058948,12.177409408434732,8.66505347403524,5.857653239205991,12.621753010476864,9.762002229690552,6.926570200933046,13.611703303684989,0.7985317707061768,9.762002229690552,6.59780255910512,14.24397233158766,0.7985317707061768,9.504313468933105,6.64234546289841,13.438054650798527,0.5408430099487305
2025 H2,2025-07-19 08:00:00,2025-07-19 10:00:00,2025-07-19 14:00:00,7.900000095367432,8.266587257385254,5.615451156494675,11.980163766220658,8.36250037415726,5.715659605568487,12.052539646799834,8.267580969605412,5.575634250400489,12.06156239194134,9.068830728530884,6.416026489088245,12.67057579810128,0.8022434711456299,9.06511902809143,6.105814092693196,13.256863425940214,0.7985317707061768,8.908433675765991,6.208816965561395,12.61902492129759,0.6418464183807373
2025 H2,2025-07-20 08:00:00,2025-07-20 10:00:00,2025-07-20 14:00:00,9.5,8.347834587097168,5.6734539277820675,12.09397089023908,8.45004314570806,5.778453456694622,12.17458562285251,8.287706175251808,5.589913703903924,12.08992649580654,9.150078058242798,6.4758678316985545,12.780886300796768,0.8022434711456299,9.146366357803345,6.163173416398093,13.371947219802188,0.7985317707061768,8.989681005477905,6.267927935872104,12.73069841524667,0.6418464183807373
2025 H2,2025-07-21 08:00:00,2025-07-21 10:00:00,2025-07-21 14:00:00,9.300000190734863,7.643547534942627,5.170660778128541,11.107441435384064,8.852183487996161,6.0669060649239475,12.735221409397466,7.919224388880209,5.3284645228219905,11.570594875314471,8.569447755813599,6.048214430893938,11.992557370254605,0.9259002208709717,8.454823970794678,5.674955480218092,12.392403377616672,0.8112764358520508,8.343067169189453,5.797488212931476,11.841935343399443,0.6995196342468262
2025 H2,2025-07-22 08:00:00,2025-07-22 10:00:00,2025-07-22 14:00:00,9.899999618530273,7.7311015129089355,5.233165889093888,11.2300825912725,8.432899721308583,5.76615659173978,12.150685466087365,7.598250247569463,5.100723479715065,11.11821967765719,8.644257068634033,6.10331396136224,12.094126897927545,0.9131555557250977,8.542377948760986,5.73676719737394,12.51642030208419,0.8112764358520508,8.430621147155762,5.861187544472605,11.962277250798817,0.6995196342468262
2025 H2,2025-07-23 08:00:00,2025-07-23 10:00:00,2025-07-23 14:00:00,8.5,8.098849296569824,5.495702401527726,11.745204968475468,8.328895277965204,5.691554892295401,12.005689784812962,8.058338100025775,5.427169987247844,11.766659244610144,9.01386570930481,6.375542936474853,12.595949112855196,0.9150164127349854,8.930558204650879,6.010816289601187,13.066263068714457,0.8317089080810547,8.79836893081665,6.1287400708003625,12.467742230867167,0.6995196342468262
2025 H2,2025-07-24 08:00:00,2025-07-24 10:00:00,2025-07-24 14:00:00,8.199999809265137,8.758811950683594,5.966852198333521,12.669647062641163,8.49668072740006,5.811906285634944,12.239604459673705,8.437266945913619,5.69603167895108,12.300714763402247,9.618783950805664,6.821085206839109,13.417254078153606,0.8599720001220703,9.570088386535645,6.4623144354707165,13.972133574016045,0.8112764358520508,9.45833158493042,6.608891639988161,13.374853094967115,0.6995196342468262
2025 H2,2025-07-24 11:00:00,2025-07-24 13:00:00,2025-07-24 17:00:00,120.0,,,,8.131600722453175,5.550036812306006,11.730635589351813,8.131600722453175,5.479152075226114,11.869914270594931,,,,0.8599720001220703,,,,0.8112764358520508,,,,0.6995196342468262
2025 H2,2025-07-24 11:15:00,2025-07-24 13:15:00,2025-07-24 17:15:00,45.900001525878906,,,,8.057995414389374,5.497240211572735,11.62802024480459,8.057995414389374,5.426926841229998,11.76617626962074,,,,0.8599720001220703,,,,0.8112764358520508,,,,0.6995196342468262
2025 H2,2025-07-24 13:20:00,2025-07-24 15:20:00,2025-07-24 19:20:00,2.0999999046325684,4.776909828186035,3.1241574424695373,7.092001245958477,8.080918940169123,5.5136831050247,11.659978612455019,5.489600263363541,3.6045713442521174,8.146326211411656,5.6368818283081055,3.8882827381549188,8.010976402635894,0.8599720001220703,5.588186264038086,3.651154811943304,8.331918631950538,0.8112764358520508,5.476429462432861,3.7118844524574595,7.901775713110419,0.6995196342468262
2025 H2,2025-07-25 08:00:00,2025-07-25 10:00:00,2025-07-25 14:00:00,9.600000381469727,6.985686779022217,4.701011534271515,10.185943573222229,7.7763068243516615,5.295186848703193,11.235309821030711,7.1969774993603455,4.816008100855143,10.552673063701643,7.915719032287598,5.566721627900513,11.104981810856742,0.9300322532653809,7.7842185497283936,5.201518709291713,11.442515962062672,0.7985317707061768,7.689976930618286,5.32233662531282,10.944270533197308,0.7042901515960693
2025 H2,2025-07-26 08:00:00,2025-07-26 10:00:00,2025-07-26 14:00:00,7.300000190734863,5.777153968811035,3.8382354598756785,8.493092326298514,8.202890637354303,5.601172596835042,11.830022975571033,6.112149428192919,4.046289158667347,9.02373583805947,6.707186222076416,4.676597285253423,9.464141892903838,0.9300322532653809,6.579397439956665,4.350934151166162,9.735932069039162,0.8022434711456299,6.4814441204071045,4.4430763798720125,9.283156476317927,0.7042901515960693
2025 H2,2025-07-27 08:00:00,2025-07-27 10:00:00,2025-07-27 14:00:00,8.899999618530273,7.757041931152344,5.251684850293064,11.2664186087956,8.13939137177179,5.55562499354385,11.741496764790185,7.914016458092801,5.324769335461696,11.563254911073988,8.795214653015137,6.214499209648002,12.299083874086902,1.038172721862793,8.61238145828247,5.786188562695842,12.61557764655263,0.855339527130127,8.479781150817871,5.896953587827492,12.029847094521225,0.7227392196655273
2025 H2,2025-07-28 08:00:00,2025-07-28 10:00:00,2025-07-28 14:00:00,10.199999809265137,8.735923767089844,5.950512238818797,12.637586460058326,8.687052333131538,5.94845857952718,12.505007165375462,8.5178718695284,5.753223355852593,12.414317896986406,9.864746332168579,7.00224462690344,13.751200240181674,1.1288225650787354,9.702175378799438,6.555565753062687,14.15922984220645,0.9662516117095947,9.499481678009033,6.638830124599009,13.43141341130874,0.7635579109191895
2025 H2,2025-07-28 14:00:00,2025-07-28 16:00:00,2025-07-28 20:00:00,35.099998474121094,,,,7.9053318918570845,5.387735676401362,11.415187497051328,7.9053318918570845,5.318607368128824,11.551015039190832,,,,1.4307897090911865,,,,1.0386731624603271,,,,0.7985317707061768
2025 H2,2025-07-28 19:26:26,2025-07-28 21:26:26,2025-07-29 01:26:26,3.5,5.551279067993164,3.676982526909682,8.176698262134476,6.319522177602082,4.25024485508868,9.204363108223795,5.874062016010188,3.8773588037805053,8.68817970974943,6.982068777084351,4.8790573686820515,9.837353331761744,1.4307897090911865,6.589952230453491,4.35838566553459,9.75088253372643,1.0386731624603271,6.349810838699341,4.347307435409245,9.102228087158418,0.7985317707061768
2025 H2,2025-07-29 08:00:00,2025-07-29 10:00:00,2025-07-29 14:00:00,8.300000190734863,7.861602306365967,5.326330891593673,11.4128814603323,8.394234223537676,5.738422085877861,12.096780748068761,8.16716945937136,5.50438919001257,11.920044210433943,9.292392015457153,6.580686763004856,12.974107717630588,1.4307897090911865,8.972196578979492,6.040212320216951,13.125242263538125,1.1105942726135254,8.672878742218018,6.03744049407777,12.295257450544812,0.8112764358520508
2025 H2,2025-07-30 08:00:00,2025-07-30 10:00:00,2025-07-30 14:00:00,10.0,7.361842155456543,4.96955025850043,10.712842878440624,8.475225601312935,5.796516665572189,12.209693231616265,7.400422927330791,4.960358900555446,10.839405400813813,8.79263186454773,6.212596900610695,12.295577190295496,1.4307897090911865,8.615811347961426,5.788610010306057,12.620435956581792,1.2539691925048828,8.193551063537598,5.6887087353351395,11.636427224191028,0.8317089080810547
2025 H2,2025-07-31 08:00:00,2025-07-31 10:00:00,2025-07-31 14:00:00,6.599999904632568,9.644612312316895,6.5992283756711,13.910431122491696,8.290889612212716,5.664293679576924,11.952704958194781,9.047155150116076,6.128766151692318,13.160280259233957,11.075402021408081,7.893932540091303,15.394922417202121,1.4307897090911865,10.98923134803772,7.464206815207432,15.982296327933916,1.3446190357208252,10.499920845031738,7.36669318310486,14.806505216307995,0.8553085327148438
2025 H2,2025-08-01 08:00:00,2025-08-01 10:00:00,2025-08-01 14:00:00,5.300000190734863,8.894391059875488,6.063642629350637,12.85955937789903,8.088751001081782,5.519300990525103,11.670897521025724,8.794805963874026,5.949716628676976,12.804623842368962,10.239010095596313,7.277902253724119,14.25934277275239,1.3446190357208252,10.148360252380371,6.8705651836495605,14.791233973266383,1.2539691925048828,9.749699592590332,6.820874553289361,13.775334976103832,0.8553085327148438
2025 H2,2025-08-03 08:00:00,2025-08-03 10:00:00,2025-08-03 14:00:00,10.199999809265137,8.323923110961914,5.656383435910708,12.060476911549108,8.344344089966183,5.7026362229830205,12.027227432137957,7.996353158915992,5.383189761652049,11.67929878039392,9.66854214668274,6.857733762031123,13.484811395051072,1.3446190357208252,9.577892303466797,6.467823876814909,13.983187529519629,1.2539691925048828,9.155632019042969,6.388664524639494,12.958796121040963,0.8317089080810547
2025 H2,2025-08-04 08:00:00,2025-08-04 10:00:00,2025-08-04 14:00:00,7.5,9.667500495910645,6.6155683351858245,13.942491725074532,8.65951178674857,5.928703927728191,12.466612072270799,8.691872266392176,5.876681998723175,12.659550935393355,10.778987884521484,7.675613735241165,14.992477283781135,1.1114873886108398,10.705673217773438,7.264019281159784,15.58064687647587,1.038172721862793,10.478776931762695,7.351310065482037,14.777443157543937,0.8112764358520508
2025 H2,2025-08-05 08:00:00,2025-08-05 10:00:00,2025-08-05 14:00:00,6.599999904632568,9.921660423278809,6.797014053953788,14.29850601473875,8.353925484467691,5.709508893898623,12.040585138584385,8.640046646066468,5.83991012425241,12.586508835669017,10.658166408538818,7.586624726438062,14.828436474079242,0.7365059852600098,10.959833145141602,7.443452151118903,15.940654876651692,1.038172721862793,10.73293685913086,7.536222480131252,15.126782972300747,0.8112764358520508
2025 H2,2025-08-05 12:05:08,2025-08-05 14:05:08,2025-08-05 18:05:08,3.5999999046325684,14.545884132385254,10.098264582827595,20.77588321614641,7.74303003781719,5.271317629776429,11.18891766528157,12.50942745275937,8.58535502986249,18.039944742034944,15.282390117645264,10.992518264903275,21.10680209836066,0.7365059852600098,15.584056854248047,10.708080607893882,22.49069424406755,1.038172721862793,15.357160568237305,10.900546592053082,21.48272377957544,0.8112764358520508
2025 H2,2025-08-06 08:00:00,2025-08-06 10:00:00,2025-08-06 14:00:00,7.900000095367432,8.724478721618652,5.942341578229787,12.621554822908465,8.256434364375323,5.639579158150561,11.904669874566986,8.51670489841764,5.752395353892824,12.412673188834114,8.21629524230957,5.788105937122875,11.513077842361975,-0.508183479309082,9.456062316894531,6.381813842250818,13.810619925013684,0.7315835952758789,9.535755157470703,6.665220660449575,13.481270879899256,0.8112764358520508
2025 H2,2025-08-07 08:00:00,2025-08-07 10:00:00,2025-08-07 14:00:00,6.300000190734863,6.7339091300964355,4.521266532956375,9.833266257943505,7.413123589946969,5.034677916341111,10.728985294817065,6.640259523996815,4.420999543754842,9.768044734715426,6.2257256507873535,4.321985667837523,8.81045693076081,-0.508183479309082,7.090511322021484,4.711772429979443,10.459905704260244,0.35660219192504883,7.545185565948486,5.216994602521537,10.74525651459923,0.8112764358520508
2025 H2,2025-08-08 08:00:00,2025-08-08 10:00:00,2025-08-08 14:00:00,7.400000095367432,7.604178428649902,5.142555026515745,11.052295195153924,8.314260346612532,5.68105735281474,11.985286792655414,7.641839707727893,5.131651544774792,11.17965388096846,7.290292501449585,5.10607432487946,10.255832487913256,-0.3138859272003174,7.738680839538574,5.169369809520861,11.37801350430789,0.13450241088867188,8.402710199356079,5.8408811145557005,11.923913983091774,0.7985317707061768
2025 H2,2025-08-09 08:00:00,2025-08-09 10:00:00,2025-08-09 14:00:00,7.599999904632568,9.427167892456055,6.443993994459696,13.605846046945672,8.24301229274267,5.629951594926611,11.8859577661423,8.117569321767794,5.469196364104681,11.850138666141143,9.113281965255737,6.448766293531491,12.730927791033743,-0.3138859272003174,9.445169687271118,6.374123818827499,13.795190923880476,0.018001794815063477,10.175848007202148,7.130916081711186,14.36107093283376,0.7486801147460938
2025 H2,2025-08-10 08:00:00,2025-08-10 10:00:00,2025-08-10 14:00:00,9.300000190734863,9.060182571411133,6.1820018069271905,13.091791688566245,8.564671351317449,5.8606755105590596,12.334392206410882,8.35050596976049,5.63447209309348,12.178435399787682,8.417122602462769,5.936021922879752,11.785743628819928,-0.6430599689483643,8.94943380355835,6.024142162484596,13.092999646290497,-0.1107487678527832,9.753818273544312,6.823871073032882,13.780996054372173,0.6936357021331787
2025 H2,2025-08-12 08:00:00,2025-08-12 10:00:00,2025-08-12 14:00:00,8.0,8.493127822875977,5.7771793099498945,12.297490259576486,8.209648548836432,5.606020002052114,11.839444380540321,8.236459279157087,5.553552452106679,12.017700039633151,7.730061769485474,5.429978920037646,10.852912652874707,-0.7630660533905029,8.33137559890747,5.587802891338823,12.21754339103941,-0.16175222396850586,9.116570949554443,6.360245895657745,12.905107142921457,0.6234431266784668
2025 H2,2025-08-13 08:00:00,2025-08-13 10:00:00,2025-08-13 14:00:00,9.199999809265137,9.862651824951172,6.75488759582989,14.21584977370488,8.406669016829534,5.747341480876683,12.114116462456527,8.59557449278286,5.808355761222853,12.523830580499428,9.20622730255127,6.5172236052099715,12.857120823058628,-0.6564245223999023,9.700899600982666,6.554665074196966,14.157422750800496,-0.16175222396850586,10.401044845581055,7.294756587912196,14.670601324259891,0.5383930206298828
2025 H2,2025-08-14 08:00:00,2025-08-14 10:00:00,2025-08-14 14:00:00,10.5,8.494064331054688,5.777847886626704,12.298802072565499,8.080615489932992,5.513465442176995,11.659555563474548,8.395568765566251,5.666445535191367,12.24194609593402,7.837639808654785,5.509213700086448,10.998972684900862,-0.6564245223999023,8.18017840385437,5.481060074250873,12.00337823767748,-0.3138859272003174,8.996876001358032,6.273162608683674,12.740587852003934,0.5028116703033447
2025 H2,2025-08-14 12:00:00,2025-08-14 14:00:00,2025-08-14 18:00:00,11.800000190734863,1.1352885961532593,0.5243904816861205,1.9910035805386064,6.652139141783959,4.48882880395011,9.668074289925398,1.2917395202584037,0.6260598026422388,2.2299365743990194,0.47886407375335693,0.08923224954403976,1.0078720121938036,-0.6564245223999023,0.8214026689529419,0.2858813410345738,1.5799485353755522,-0.3138859272003174,1.638100266456604,0.9193328209076612,2.626037621024576,0.5028116703033447
2025 H2,2025-08-14 18:00:00,2025-08-14 20:00:00,2025-08-15 00:00:00,4.699999809265137,,,,7.248164703134888,4.9163539976792485,10.499011214799957,7.248164703134888,4.852326999111982,10.62481539058964,,,,-0.4450564384460449,,,,-0.3138859272003174,,,,0.6234431266784668
2025 H2,2025-08-15 08:00:00,2025-08-15 10:00:00,2025-08-15 14:00:00,8.100000381469727,8.198331832885742,5.566723354726829,11.884555041743322,8.113602967773934,5.537127141891046,11.705544385387476,7.764987287738397,5.219028547212299,11.353215871416573,7.753275394439697,5.447076521756232,10.884430078089354,-0.4450564384460449,7.753275394439697,5.179673333364299,11.398686143688208,-0.4450564384460449,8.736724853515625,6.083891320249518,12.383013175550742,0.5383930206298828
2025 H2,2025-08-16 08:00:00,2025-08-16 10:00:00,2025-08-16 14:00:00,8.300000190734863,6.544707298278809,4.386194640538668,9.568241962197034,7.858816826294758,5.354370727470675,11.350339463602738,6.5701866583441575,4.371280686490955,9.669285294716351,6.072109699249268,4.208842444312585,8.601890656690047,-0.472597599029541,6.072109699249268,3.992797067351402,9.017378019481084,-0.472597599029541,7.047518968582153,4.854920481859851,10.061219661367181,0.5028116703033447
2025 H2,2025-08-16 18:00:00,2025-08-16 20:00:00,2025-08-17 00:00:00,5.199999809265137,10.305337905883789,7.070922837794056,14.835941903410157,8.431371597389811,5.765060478558099,12.14855506317811,9.448467160321556,6.413509388148397,13.725882208342963,9.832740306854248,6.978671131833261,13.707745264439986,-0.472597599029541,9.852959632873535,6.662017040381354,14.372810080166566,-0.4523782730102539,10.78482174873352,7.573970996664064,15.198098139526989,0.47948384284973145
2025 H2,2025-08-17 08:00:00,2025-08-17 10:00:00,2025-08-17 14:00:00,7.900000095367432,8.716849327087402,5.936894925058214,12.610867955380856,8.366850923037948,5.718780225511076,12.058604876116915,8.462564449711127,5.713981037361447,12.336368611509448,8.210419178009033,5.783778021630078,11.505099837310468,-0.5064301490783691,8.244251728057861,5.526294822972688,12.094135697163617,-0.472597599029541,9.021040439605713,6.2907432897583435,12.773801586633782,0.30419111251831055
2025 H2,2025-08-18 08:00:00,2025-08-18 10:00:00,2025-08-18 14:00:00,9.199999809265137,9.521876335144043,6.511606704436684,13.738508812858122,8.406452689130102,5.7471863104484235,12.113814873590231,8.703604149769397,5.885006131461801,12.676085641397995,9.015446186065674,6.37670700982557,12.598094945667276,-0.5064301490783691,9.015446186065674,6.070745855556047,13.18650370910398,-0.5064301490783691,9.656378746032715,6.752979573727608,13.647066576018231,0.13450241088867188
2025 H2,2025-08-19 08:00:00,2025-08-19 10:00:00,2025-08-19 14:00:00,6.699999809265137,11.490982055664062,7.917358612259343,16.496731879821812,8.207572781356975,5.604531067765841,11.83655049148928,10.494655365536783,7.155812154872559,15.200361099970447,11.018384456634521,7.851937219869478,15.317508965523825,-0.472597599029541,10.984551906585693,7.460903203901598,15.975668074705606,-0.5064301490783691,11.625484466552734,8.185589730849276,16.353579104433443,0.13450241088867188
2025 H2,2025-08-20 08:00:00,2025-08-20 10:00:00,2025-08-20 14:00:00,7.099999904632568,10.44110107421875,7.167844669318935,15.02611203934713,8.329440717283402,5.691946132311436,12.006450197954877,9.389643294327115,6.371772042745904,13.64297690669613,9.968503475189209,7.078665190702648,13.892072594330877,-0.472597599029541,9.93467092514038,6.719703914277373,14.488551059578155,-0.5064301490783691,10.447877168655396,7.328829142279763,14.734971798538956,0.006776094436645508
2025 H2,2025-08-21 08:00:00,2025-08-21 10:00:00,2025-08-21 14:00:00,6.599999904632568,10.974455833435059,7.54860861840574,15.773208238608985,8.428188314967148,5.762777131126894,12.144117154674156,9.870635172995783,6.713050600970666,14.320878233250745,10.522077560424805,7.486390793651478,14.643666964731217,-0.4523782730102539,10.46802568435669,7.096243898937928,15.244028062731289,-0.5064301490783691,10.871461153030396,7.637004936035232,15.31718297623246,-0.10299468040466309
2025 H2,2025-08-22 08:00:00,2025-08-22 10:00:00,2025-08-22 14:00:00,8.5,5.45582389831543,3.608836725753523,8.042989519062758,6.9849522334389675,4.727553433751055,10.132058898758276,5.479751097800287,3.597583057812754,8.132444974124933,5.003445625305176,3.421736046958073,7.150952248900169,-0.4523782730102539,4.983226299285889,3.2240626900266425,7.475015542025614,-0.472597599029541,5.351175308227539,3.620756601034205,7.729615359270595,-0.10464859008789062
2025 H2,2025-08-23 08:00:00,2025-08-23 10:00:00,2025-08-23 14:00:00,11.399999618530273,7.521291255950928,5.083381565212286,10.936191062546285,7.9888897236000735,5.447671156555165,11.531677950246547,7.464835784232879,5.006061807214761,10.930187725999756,7.068912982940674,4.943020995484256,9.955262782302084,-0.4523782730102539,7.068912982940674,4.6965243457997286,10.4293124673951,-0.4523782730102539,7.416642665863037,5.123474045260826,10.568575818436198,-0.10464859008789062
2025 H2,2025-08-23 20:00:00,2025-08-23 22:00:00,2025-08-24 02:00:00,8.899999618530273,7.532731056213379,5.091548481227241,10.952215352474722,8.365206283340914,5.71760053633215,12.056312035103046,7.618412144531298,5.115028966837335,11.146635493604258,7.266127824783325,5.088276242153782,10.22302380804672,-0.2666032314300537,7.107893943786621,4.724044284724722,10.484527535735728,-0.4248371124267578,7.428082466125488,5.1317969981021285,10.584299688622664,-0.10464859008789062
2025 H2,2025-08-24 08:00:00,2025-08-24 10:00:00,2025-08-24 14:00:00,9.399999618530273,7.596056938171387,5.136757064214603,11.04091902467078,8.363459188840784,5.7163473570004815,12.053876358807365,7.599713226040459,5.101761508017491,11.120281573273706,7.498138189315796,5.259159540870917,10.538027144561148,-0.09791874885559082,7.171219825744629,4.768751351098556,10.574226271327701,-0.4248371124267578,7.491408348083496,5.177869334775741,10.671340364552972,-0.10464859008789062
2025 H2,2025-08-25 08:00:00,2025-08-25 10:00:00,2025-08-25 14:00:00,10.899999618530273,8.751182556152344,5.961405545161946,12.65896019511355,8.695630230491886,5.9546114485794055,12.516965866674015,8.323896594482616,5.615591921446444,12.140932623546234,8.8384690284729,6.246357486225717,12.357810873699611,0.08728647232055664,8.478479146957397,5.691655658693184,12.425910047028845,-0.2727034091949463,8.646533966064453,6.018273522232944,12.259046867245564,-0.10464859008789062
2025 H2,2025-08-27 08:00:00,2025-08-27 10:00:00,2025-08-27 14:00:00,8.699999809265137,10.336462020874023,7.093142459407494,14.879538979489048,8.88075129655194,6.087397565086363,12.775048639185966,9.139477529637363,6.194271724597444,13.29039776500431,10.64623737335205,7.5778385979074026,14.812240275720596,0.30977535247802734,10.06985878944397,6.815144398254606,14.680039596657702,-0.2666032314300537,10.231813430786133,7.171633364403787,14.437994745765506,-0.10464859008789062
2025 H2,2025-08-27 20:00:00,2025-08-27 22:00:00,2025-08-28 02:00:00,9.300000190734863,7.917264461517334,5.36606831147019,11.490850174096877,8.658224202549812,5.927780352097023,12.464817012924337,8.15727236082708,5.497366893646258,11.906095417263504,8.227039813995361,5.79601966915235,11.527665880000995,0.30977535247802734,7.772838830947876,5.193484808663631,11.426397017415653,-0.144425630569458,7.806515693664551,5.407123650152898,11.104451684947467,-0.1107487678527832
2025 H2,2025-08-28 08:00:00,2025-08-28 10:00:00,2025-08-28 14:00:00,7.800000190734863,8.182775497436523,5.555617628909988,11.86276451885452,8.546228263673889,5.847446405753716,12.30868015054369,7.7865383186143,5.234319667648558,11.383589507786134,8.383551597595215,5.911295768664286,11.740163861016315,0.2007761001586914,8.084856748580933,5.41376450034952,11.868358689773963,-0.09791874885559082,8.07202672958374,5.600294490561241,11.46939346418216,-0.1107487678527832
2025 H2,2025-08-29 08:00:00,2025-08-29 10:00:00,2025-08-29 14:00:00,8.0,7.860805034637451,5.325761716337243,11.411764682675665,8.540193444532553,5.843117669890991,12.300266830067786,7.672722712755313,5.1535639884080995,11.223179834325569,8.061581134796143,5.674153885440839,11.303020588364767,0.2007761001586914,7.76891827583313,5.190716959052733,11.42084369820812,-0.09188675880432129,7.7561564445495605,5.37048510350945,11.03523349253101,-0.10464859008789062
2025 H2,2025-08-30 08:00:00,2025-08-30 10:00:00,2025-08-30 14:00:00,11.100000381469727,8.249916076660156,5.60354953848314,11.95681162481439,8.668568118616605,5.935199974688964,12.479237773316257,8.186163428522581,5.517865996367049,11.946813969873103,8.457917928695679,5.966069028460441,11.841131946938631,0.20800185203552246,8.27151894569397,5.545545045330358,12.132758687786815,0.021602869033813477,8.145267486572266,5.653580330566487,11.570062018599701,-0.10464859008789062
2025 H2,2025-08-31 08:00:00,2025-08-31 10:00:00,2025-08-31 14:00:00,8.600000381469727,9.646138191223145,6.600317706305418,13.912568495997224,8.590684804782887,5.879334788706743,12.370658333955726,8.605320554941688,5.8152708926199566,12.53756650569725,9.955913543701172,7.069392290211181,13.874979088904032,0.30977535247802734,9.667741060256958,6.531255671354906,14.110454922083271,0.021602869033813477,9.541489601135254,6.6693927179240236,13.489152804907068,-0.10464859008789062
2025 H2,2025-09-01 08:00:00,2025-09-01 10:00:00,2025-09-01 14:00:00,7.599999904632568,10.11612319946289,6.935841754149121,14.570899573574733,8.630662708867087,5.90801067493844,12.426392716567376,8.872259627276303,6.0046723893611675,12.913785646331736,10.363062620162964,7.36927103655783,14.427770417009908,0.24693942070007324,10.02423644065857,6.7829357449802385,14.615417251508212,-0.09188675880432129,10.005374431610107,7.006889132132515,14.126757019012132,-0.1107487678527832
2025 H2,2025-09-02 08:00:00,2025-09-02 10:00:00,2025-09-02 14:00:00,7.199999809265137,9.461033821105957,6.46817100705667,13.653283716042301,8.952908365214128,6.139155353273848,12.87564495020025,8.601143118516665,5.812306872761339,12.531678901727798,9.598973989486694,6.806494515839308,13.390357849080944,0.1379401683807373,9.369147062301636,6.320453053646879,13.68750772823754,-0.09188675880432129,9.310508012771606,6.501343554210017,13.171671343030882,-0.15052580833435059
2025 H2,2025-09-03 08:00:00,2025-09-03 10:00:00,2025-09-03 14:00:00,10.699999809265137,8.140812873840332,5.525660355634679,11.803985411594212,8.548929876147728,5.84938425451584,12.312446548676222,7.988303275927971,5.377478121639261,11.66795341969616,8.245422840118408,5.809559375236772,11.552624741540049,0.10460996627807617,8.136311292648315,5.450090590815679,11.941242120696666,-0.0045015811920166016,7.9902870655059814,5.5408253255605,11.35704326246903,-0.15052580833435059
2025 H2,2025-09-04 08:00:00,2025-09-04 10:00:00,2025-09-04 14:00:00,7.300000190734863,5.144657611846924,3.3866939549033757,7.607123623161444,6.8340707480472,4.6193271420362345,9.92171054187275,5.458151658473198,3.582257590088817,8.102003111752543,5.249267578125,3.6027920367608934,7.484707749361443,0.10460996627807617,5.249267578125,3.4118836053220214,7.851853030731487,0.10460996627807617,5.033908843994141,3.389931432817838,7.2935363558197706,-0.1107487678527832
2025 H2,2025-09-05 08:00:00,2025-09-05 10:00:00,2025-09-05 14:00:00,9.699999809265137,8.420056343078613,5.7250133083674895,12.195135449972339,8.477317559167464,5.798017213107437,12.212609692149716,8.12763683659095,5.476339576071716,11.864327640958374,8.415554761886597,5.93486715649654,11.783614952311822,-0.0045015811920166016,8.52466630935669,5.724263061403715,12.491332429468697,0.10460996627807617,8.269530534744263,5.743987109192411,11.74086010891643,-0.15052580833435059
2025 H2,2025-09-06 08:00:00,2025-09-06 10:00:00,2025-09-06 14:00:00,11.699999809265137,7.448042392730713,5.031088928943644,10.833587783272126,8.105691848393178,5.531452548274278,11.69451525905997,7.4912866806033716,5.0248295331939605,10.967467144911671,7.474844932556152,5.242003287696738,10.506401602261086,0.026802539825439453,7.552652359008789,5.0380366583776395,11.114511142056022,0.10460996627807617,7.297516584396362,5.0368046336041505,10.40483842811191,-0.15052580833435059
2025 H2,2025-09-07 08:00:00,2025-09-07 10:00:00,2025-09-07 14:00:00,10.699999809265137,9.17894458770752,6.266786452690862,13.258147476076374,8.541883681890145,5.844330065970304,12.302623240133558,8.30883632016854,5.604906192783825,12.119706943054407,9.205747127532959,6.5168699404447965,12.856468883507636,0.026802539825439453,9.283554553985596,6.260026102895119,13.566269151928639,0.10460996627807617,9.068195819854736,6.325050882288137,12.838616099179335,-0.1107487678527832
2025 H2,2025-09-08 08:00:00,2025-09-08 10:00:00,2025-09-08 14:00:00,9.800000190734863,8.562529563903809,5.826725471356768,12.394704685899844,8.50614014099967,5.8186914604562565,12.252792108924453,8.173075615043945,5.508579789442584,11.928368240303978,8.674365282058716,6.125489655275123,12.135005191034725,0.11183571815490723,8.700469732284546,5.848377484362641,12.740351381306223,0.1379401683807373,8.457880973815918,5.881020255407193,11.999745560199013,-0.10464859008789062
2025 H2,2025-09-09 08:00:00,2025-09-09 10:00:00,2025-09-09 14:00:00,8.399999618530273,7.71504020690918,5.221699662920252,11.207584731339214,8.468154788438708,5.791444818255733,12.199835601529466,7.864338809185805,5.289521512895747,11.493240123740405,8.34083080291748,5.879830491959689,11.682161310616674,0.6257905960083008,7.923042058944702,5.299525900804619,11.639154253739381,0.20800185203552246,7.610391616821289,5.264434843953318,10.834881460470148,-0.10464859008789062
2025 H2,2025-09-10 08:00:00,2025-09-10 10:00:00,2025-09-10 14:00:00,10.100000381469727,9.704886436462402,6.642258297389836,13.994860047676717,8.394760859761941,5.73879983855896,12.09751494725936,8.23581221477589,5.55309333999089,12.016788078700264,10.155138969421387,7.216128398332903,14.145469909203543,0.4502525329589844,10.01466178894043,6.7761761930145346,14.601855116622826,0.30977535247802734,9.606967687606812,6.7170308770997895,13.579151660491686,-0.09791874885559082
2025 H2,2025-09-11 08:00:00,2025-09-11 10:00:00,2025-09-11 14:00:00,8.699999809265137,7.771538257598877,5.262033831734881,11.286724325027285,8.370597869904469,5.721467885720433,12.063828605951384,7.697453704426231,5.171111389009291,11.258035250402717,8.708157539367676,6.1503787692235035,12.180885356009803,0.9366192817687988,8.212399959564209,5.5038079805610165,12.049018862278576,0.44086170196533203,7.679651498794556,5.314824424036273,10.930078349252584,-0.09188675880432129
2025 H2,2025-09-12 08:00:00,2025-09-12 10:00:00,2025-09-12 14:00:00,9.899999618530273,8.541865348815918,5.8119732112415585,12.365759305201308,8.462999650275272,5.787747071741258,12.192648670413424,8.29420125956214,5.594522166348474,12.099080551135382,9.478484630584717,6.717750122238729,13.226767958840083,0.9366192817687988,8.98272705078125,6.047646665973101,13.140158281706348,0.44086170196533203,8.485660791397095,5.901231282380022,12.037928590971324,-0.05620455741882324
2025 H2,2025-09-13 08:00:00,2025-09-13 10:00:00,2025-09-13 14:00:00,9.800000190734863,9.113227844238281,6.219871024765857,13.16609480676885,8.6557120518663,5.925978403024218,12.461314749096848,8.442251452922566,5.699568340256429,12.30773983817677,10.04984712600708,7.138577476989787,14.002513873381185,0.9366192817687988,9.70568323135376,6.5580422412240305,14.164198583723138,0.5924553871154785,9.14003038406372,6.377313655813075,12.937351858249455,0.026802539825439453
2025 H2,2025-09-14 08:00:00,2025-09-14 10:00:00,2025-09-14 14:00:00,9.899999618530273,8.253317832946777,5.605978064966015,11.961576631873262,8.606952701961541,5.891003643775821,12.393337892237032,8.176771489698178,5.511202126386957,11.93357713975113,9.189937114715576,6.505225343668102,12.835003433902196,0.9366192817687988,8.845773220062256,5.950959437768918,12.946168319464418,0.5924553871154785,8.357927799224854,5.808299968393909,11.862361103657927,0.10460996627807617
2025 H2,2025-09-15 08:00:00,2025-09-15 10:00:00,2025-09-15 14:00:00,8.300000190734863,8.649852752685547,5.889065821063675,12.517022564045572,8.696651776522113,5.955344196791556,12.518390034313821,8.378661036024111,5.6544489801206925,12.21811664518037,9.715166091918945,6.892073838075677,13.548113301155421,1.0653133392333984,9.320630073547363,6.286200830552154,13.618785234188833,0.6707773208618164,8.787792921066284,6.12104556317068,12.453205630525337,0.1379401683807373
2025 H2,2025-09-16 08:00:00,2025-09-16 10:00:00,2025-09-16 14:00:00,9.199999809265137,8.255256652832031,5.60736219570324,11.964292432083713,8.815040198516893,6.0402634290034865,12.683438847136758,8.345976384125604,5.631258212520053,12.17205148303813,9.32056999206543,6.601440773730624,13.012365304379864,1.0653133392333984,8.926033973693848,6.007622254438427,13.059854665328286,0.6707773208618164,8.393196821212769,5.83395971769284,11.91083795732835,0.1379401683807373
2025 H2,2025-09-17 08:00:00,2025-09-17 10:00:00,2025-09-17 14:00:00,9.300000190734863,8.333842277526855,5.663464765865401,12.074371175193441,8.638079883695733,5.913330965394359,12.436733220134709,8.03185875273766,5.408382074465963,11.72933972748525,9.270461559295654,6.564534257495888,12.94433246652887,0.9366192817687988,9.049185276031494,6.094565116936328,13.234293864035648,0.7153429985046387,8.541844129562378,5.942107107419688,12.115151924918251,0.20800185203552246
2025 H2,2025-09-18 08:00:00,2025-09-18 10:00:00,2025-09-18 14:00:00,9.600000381469727,7.818078994750977,5.295259437328957,11.35191622073338,8.651288226357817,5.922805222241078,12.455147362658137,7.7962055270486355,5.241178849898495,11.397214297959,8.715532302856445,6.155810526182976,12.19089816345333,0.8974533081054688,8.599594593048096,5.7771612390317895,12.597465531754622,0.7815155982971191,8.127854347229004,5.640911513432611,11.546127864480674,0.30977535247802734
2025 H2,2025-09-19 08:00:00,2025-09-19 10:00:00,2025-09-19 14:00:00,9.600000381469727,8.321634292602539,5.654749439959235,12.057270851290824,8.97357280147951,6.153977816756181,12.904453854109848,8.161575967228993,5.500420434991025,11.91216084293535,9.219087600708008,6.526695639685405,12.874581408649735,0.8974533081054688,9.219087600708008,6.21451345830201,13.47495413162934,0.8974533081054688,8.729860782623291,6.0788974097768165,12.373578591276047,0.40822649002075195
2025 H2,2025-09-20 08:00:00,2025-09-20 10:00:00,2025-09-20 14:00:00,8.5,7.7356791496276855,5.236433880996831,11.236494711789065,9.118008910458036,6.257580882592094,13.105816520441534,8.16401173240062,5.502148685431028,11.915593766679493,8.72541618347168,6.163090330803177,12.204317630199068,0.9897370338439941,8.633132457733154,5.8008384385614535,12.644970658626752,0.8974533081054688,8.143905639648438,5.652589527627267,11.568190176106574,0.40822649002075195
2025 H2,2025-09-21 08:00:00,2025-09-21 10:00:00,2025-09-21 14:00:00,7.599999904632568,8.43989372253418,5.73917528744523,12.22292264140257,9.202753538531605,6.318367643905717,13.223961521624846,8.53368527844978,5.764443456724659,12.436605031885293,9.296863079071045,6.583979849073039,12.980178135902555,0.8569693565368652,9.337347030639648,6.2980027366162314,13.642464176633212,0.8974533081054688,8.828558921813965,6.15070460388533,12.50923801649994,0.38866519927978516
2025 H2,2025-09-22 08:00:00,2025-09-22 10:00:00,2025-09-22 14:00:00,8.899999618530273,8.454806327819824,5.74982145190072,12.243811459843732,9.07256837636672,6.224986687979848,13.042466523208336,8.478008410323957,5.724939003275165,12.358135052588812,9.31177568435669,6.5949634755537465,13.000425164222033,0.8569693565368652,9.352259635925293,6.308530798977119,13.663587322448874,0.8974533081054688,8.84347152709961,6.1615541736056,12.529735216125287,0.38866519927978516
2025 H2,2025-09-23 08:00:00,2025-09-23 10:00:00,2025-09-23 14:00:00,10.199999809265137,8.938319206237793,6.095003096649273,12.92109168940614,8.907804350509261,6.10680254179215,12.81276410463146,8.700683679151748,5.882933967573113,12.671969582492075,9.795288562774658,6.951086684974919,13.656896569093425,0.8569693565368652,9.835772514343262,6.649883207813219,14.348465171687325,0.8974533081054688,9.326984405517578,6.513330847403379,13.194317950028843,0.38866519927978516
2025 H2,2025-09-24 08:00:00,2025-09-24 10:00:00,2025-09-24 14:00:00,10.5,8.468123435974121,5.759328585011701,12.262465387113174,8.650750518586877,5.922419528012764,12.454397728295723,7.975459989191102,5.368365413972433,11.649852321730963,9.325092792510986,6.604771965684629,13.018505966386972,0.8569693565368652,9.36557674407959,6.317932465716741,13.682450506446443,0.8974533081054688,8.91630220413208,6.214541662585728,12.629840120492373,0.448178768157959
2025 H2,2025-09-25 08:00:00,2025-09-25 10:00:00,2025-09-25 14:00:00,9.800000190734863,7.860292911529541,5.325396109743102,11.411047326692875,8.631365537719867,5.908514809426837,12.42737255113071,7.857779923783224,5.284867781610408,11.483996148296509,8.604332447052002,6.0739081585235635,12.039920746263764,0.7440395355224609,8.75774621963501,5.888813774272274,12.821481376430379,0.8974533081054688,8.360668182373047,5.810293716465227,11.866127727890417,0.5003752708435059
2025 H2,2025-09-26 08:00:00,2025-09-26 10:00:00,2025-09-26 14:00:00,7.599999904632568,8.487422943115234,5.773106575040849,12.289499154382716,9.03700220738177,6.1994753101606985,12.99288267143705,8.279080166807328,5.583793285128216,12.077769154224033,9.347400188446045,6.621202099790291,13.048792993273258,0.8599772453308105,9.477159976959229,6.396708455001265,13.840503968839677,0.9897370338439941,9.079878330230713,6.333550417305932,12.854673571546824,0.5924553871154785
2025 H2,2025-09-27 08:00:00,2025-09-27 10:00:00,2025-09-27 14:00:00,8.399999618530273,7.986693859100342,5.415634216994814,11.588103340315028,8.987127444550325,6.16370047259605,12.923350784311141,8.11216340429981,5.465360699094157,11.842519663024214,8.846671104431152,6.252398586152004,12.368946933497636,0.8599772453308105,8.88414716720581,5.978050834665854,13.000523575672812,0.8974533081054688,8.57914924621582,5.969248204250294,12.16642736662987,0.5924553871154785
2025 H2,2025-09-28 08:00:00,2025-09-28 10:00:00,2025-09-28 14:00:00,9.399999618530273,8.035064697265625,5.450166338518422,11.655858748369308,8.826089172634864,6.048188785073094,12.698842549883661,8.03064369279189,5.407519951996042,11.727627243791426,8.901352167129517,6.292672995401281,12.443188087460083,0.8662874698638916,8.932518005371094,6.012199877767179,13.06903905289628,0.8974533081054688,8.705842018127441,6.061422712700024,12.340565083495518,0.6707773208618164
2025 H2,2025-09-28 15:00:00,2025-09-28 17:00:00,2025-09-28 21:00:00,15.300000190734863,9.752189636230469,6.676028227885244,14.061119962206346,8.730291397670467,5.979473674587488,12.56528802856696,8.49183675391651,5.734750639132646,12.377624472018084,10.61847710609436,7.5573922439187635,14.774549818113984,0.8662874698638916,10.649642944335938,7.224462798469569,15.501282096597253,0.8974533081054688,10.467532634735107,7.343129349757358,14.761988004241989,0.7153429985046387
2025 H2,2025-09-28 18:00:00,2025-09-28 20:00:00,2025-09-29 00:00:00,8.300000190734863,5.550553798675537,3.6764647544425584,8.17568234179013,7.63449074817667,5.193463115071371,11.037599820191936,5.8277148122345,3.844474034652809,8.622858792047868,6.416841268539429,4.462748634456057,9.069936964651687,0.8662874698638916,6.448007106781006,4.2581746638200615,9.549822592306095,0.8974533081054688,6.265896797180176,4.286256316135803,8.986889229363824,0.7153429985046387
2025 H2,2025-09-29 08:00:00,2025-09-29 10:00:00,2025-09-29 14:00:00,9.199999809265137,8.55815315246582,5.823601134931225,12.388574431514321,9.332014549472364,6.411085712269792,13.40416813339137,7.705407097220102,5.176754566256277,11.269244619551525,9.613577604293823,6.817250560624054,13.41018535721269,1.055424451828003,9.537370443344116,6.439216087486413,13.925789835173273,0.9792172908782959,9.323988914489746,6.511151497240859,13.190200683032415,0.7658357620239258
2025 H2,2025-09-30 08:00:00,2025-09-30 10:00:00,2025-09-30 14:00:00,8.300000190734863,8.039642333984375,5.453434330421365,11.662270868885871,8.490874954080589,5.807741842825597,12.231510458776048,7.5791343233153095,5.087160142457379,11.09127803688338,9.095066785812378,6.435350212072034,12.70619681700407,1.055424451828003,9.018859624862671,6.073155689105015,13.191338717076142,0.9792172908782959,8.783681869506836,6.118054594143907,12.447555038769568,0.7440395355224609
2025 H2,2025-10-01 08:00:00,2025-10-01 10:00:00,2025-10-01 14:00:00,9.800000190734863,8.87936019897461,6.0529120417709885,12.838504913011194,8.475306245666136,5.79657451123345,12.209805660302553,8.374555089842136,5.651535684792274,12.212329798277201,9.934784650802612,7.053830162527694,13.846292130141162,1.055424451828003,9.858577489852905,6.66598315813747,14.380767563776825,0.9792172908782959,9.62339973449707,6.728985906752067,13.60173731463536,0.7440395355224609
2025 H2,2025-10-02 08:00:00,2025-10-02 10:00:00,2025-10-02 14:00:00,9.699999809265137,8.78933048248291,5.988639491851466,12.71239586861005,8.631787760607867,5.908817667112302,12.427961184590272,8.223451820163744,5.544323259165413,11.999367560234335,9.739336252212524,6.909875959674046,13.580929426210476,0.9500057697296143,9.733026027679443,6.577345820935549,14.202928628724155,0.9436955451965332,9.533370018005371,6.663485367626755,13.477992533908141,0.7440395355224609
2025 H2,2025-10-03 08:00:00,2025-10-03 10:00:00,2025-10-03 14:00:00,10.399999618530273,8.822880744934082,6.012591149173468,12.759391368562726,9.171058425407997,6.295632948857195,13.179774423721213,8.54951666879483,5.775676315970863,12.458917509480164,9.772886514663696,6.934586836414553,13.626481031779264,0.9500057697296143,9.7289719581604,6.574483712276846,14.197186191372849,0.9060912132263184,9.607404232025146,6.717348482173617,13.5797516856326,0.7845234870910645
2025 H2,2025-10-05 08:00:00,2025-10-05 10:00:00,2025-10-05 14:00:00,9.699999809265137,7.693270206451416,5.206157978510986,11.177090422778392,9.088897039590963,6.236699130131591,13.06523079723731,8.356211891293214,5.638520620231653,12.186477223252467,8.64327597618103,6.102591354356929,12.092794856590736,0.9500057697296143,8.63696575164795,5.803544683151822,12.65040037561889,0.9436955451965332,8.55311918258667,5.950310199471253,12.13064935197399,0.8598489761352539
2025 H2,2025-10-06 08:00:00,2025-10-06 10:00:00,2025-10-06 14:00:00,9.800000190734863,7.511368274688721,5.076297511931006,10.922291455468185,8.833009302013034,6.053152548114275,12.708490107636381,7.743297788665908,5.203639179324083,11.322647080454358,8.657636880874634,6.113168635124322,12.11229283420465,1.146268606185913,8.490585565567017,5.700202597852887,12.443058334715543,0.9792172908782959,8.417459487915039,5.851611864245617,11.944186705807493,0.9060912132263184
2025 H2,2025-10-06 12:00:00,2025-10-06 14:00:00,2025-10-06 18:00:00,5.199999809265137,8.160649299621582,5.539821653880773,11.831771267166003,8.811580110323279,6.037781530623253,12.678615035492037,8.23529498081248,5.5527263465568515,12.016059098429526,9.306917905807495,6.59138556115929,12.993829698307705,1.146268606185913,9.139866590499878,6.1585846839672795,13.362740543310107,0.9792172908782959,9.0667405128479,6.323992083068776,12.83661579690727,0.9060912132263184
2025 H2,2025-10-07 08:00:00,2025-10-07 10:00:00,2025-10-07 14:00:00,9.300000190734863,7.517312049865723,5.080540795167488,10.93061719320142,9.224331347460291,6.333845263559439,13.254043785472883,7.646281920303367,5.134803431470429,11.185914655695225,8.628058910369873,6.091383482640306,12.07213445845665,1.1107468605041504,8.467317819595337,5.683775938936156,12.410100445631285,0.9500057697296143,8.461007595062256,5.883295008513793,12.004043064130183,0.9436955451965332
2025 H2,2025-10-08 08:00:00,2025-10-08 10:00:00,2025-10-08 14:00:00,9.800000190734863,8.77116870880127,5.975673733976532,12.686955780460567,9.2146783845919,6.326921257127544,13.240586303442065,8.51228731281324,5.749260940791969,12.406447122918651,9.704241752624512,6.884027701263213,13.53328119081459,0.9330730438232422,9.704241752624512,6.557024580147193,14.16215678319232,0.9330730438232422,9.704241752624512,6.787801995235623,13.71285371260433,0.9330730438232422
2025 H2,2025-10-09 08:00:00,2025-10-09 10:00:00,2025-10-09 14:00:00,12.699999809265137,8.642662048339844,5.8839323504494665,12.506950191400797,8.811156314775248,6.037477544879145,12.678024209540446,8.64868704528376,5.846040753724836,12.5986864593486,9.575735092163086,6.789378300185713,13.35880611125835,0.9330730438232422,9.611256837844849,6.491378707902156,14.030447140515825,0.9685947895050049,9.604946613311768,6.71556045754171,13.576373717772107,0.9622845649719238
2025 H2,2025-10-09 14:00:00,2025-10-09 16:00:00,2025-10-09 20:00:00,8.699999809265137,7.251197814941406,4.890560851711312,10.55785791797987,8.21609740693913,5.610645725323846,11.848434925020769,7.383335714963299,4.948234996889965,10.815322990185368,8.380533695220947,5.909072983859131,11.736066417701295,1.129335880279541,8.30662226676941,5.570327432195532,12.18248122489469,1.055424451828003,8.230415105819702,5.7155289313538455,11.687096414394887,0.9792172908782959
2025 H2,2025-10-09 20:00:00,2025-10-09 22:00:00,2025-10-10 02:00:00,9.0,8.819849014282227,6.010426785369412,12.75514467457894,8.592591453367396,5.880702415128029,12.373316449335942,8.783820351911444,5.941921998501132,12.789140917910727,10.155410528182983,7.216328410332672,14.145838607887049,1.3355615139007568,10.036014556884766,6.79125090787418,14.632100511187815,1.216165542602539,9.815896272659302,6.86903552059867,13.866321530090808,0.9960472583770752
2025 H2,2025-10-10 08:00:00,2025-10-10 10:00:00,2025-10-10 14:00:00,10.199999809265137,10.368236541748047,7.11582640820381,14.92404711102467,9.026097784922475,6.191653640039961,12.977680492447742,9.358112675352649,6.349400097062901,13.598538217857884,11.703798055648804,8.356766980475939,16.248103471579377,1.3355615139007568,11.51450514793396,7.8350417709996005,16.726326955435134,1.146268606185913,11.347453832626343,7.983310337720127,15.971429285780598,0.9792172908782959
2025 H2,2025-10-10 18:00:00,2025-10-10 20:00:00,2025-10-11 00:00:00,9.600000381469727,8.00958251953125,5.431974516925362,11.620164610827086,8.615918201456356,5.897434537275945,12.405836961175117,8.214273471264736,5.537810937818518,11.98643175992219,9.345144033432007,6.619540367082819,13.045729783754373,1.3355615139007568,9.155851125717163,6.169869511826257,13.385382037651498,1.146268606185913,8.988799810409546,6.267286828087902,12.72948722304523,0.9792172908782959
2025 H2,2025-10-11 08:00:00,2025-10-11 10:00:00,2025-10-11 14:00:00,9.0,8.726767539978027,5.94397557418126,12.624760883166749,8.605363278553904,5.889863560876142,12.391122029891006,8.518573206915567,5.753720976338377,12.41530634932045,10.096200227737427,7.172718067844054,14.065448051913576,1.3694326877593994,9.87303614616394,6.676190739735823,14.401247707903659,1.146268606185913,9.722814798355103,6.8013146947748355,13.738382144336986,0.9960472583770752
2025 H2,2025-10-12 08:00:00,2025-10-12 10:00:00,2025-10-12 14:00:00,10.5,8.680227279663086,5.910750309003008,12.559569655389877,8.861572198645845,6.0736405249868275,12.748310489567288,8.347029730984401,5.632005594572066,12.173536051207709,9.86931848526001,7.005612168711661,13.757407908885432,1.1890912055969238,9.840766668319702,6.653409001160305,14.355539203397381,1.1605393886566162,9.676274538040161,6.767454628782715,13.67441310686711,0.9960472583770752
2025 H2,2025-10-14 08:00:00,2025-10-14 10:00:00,2025-10-14 14:00:00,9.199999809265137,8.765679359436035,5.971754867019585,12.679266579274453,8.761019915852303,6.001515037476224,12.608127567774126,8.907648945135545,6.029782200797047,12.963662716167196,9.954770565032959,7.068550448659916,13.873427252654057,1.1890912055969238,10.101240873336792,6.837299650801679,14.724491140929826,1.3355615139007568,9.76172661781311,6.829624737860236,13.79186598005441,0.9960472583770752
2025 H2,2025-10-15 08:00:00,2025-10-15 10:00:00,2025-10-15 14:00:00,9.100000381469727,7.494121074676514,5.063984671605016,10.898132455563578,9.12444341097937,6.262196307265658,13.114787048591673,7.714134872766016,5.182947191926098,11.281545389861453,8.863553762435913,6.264833221547628,12.39186872671773,1.3694326877593994,8.82968258857727,5.93959970763088,12.923376543740918,1.3355615139007568,8.490168333053589,5.904510715217704,12.044124153677032,0.9960472583770752
2025 H2,2025-10-16 08:00:00,2025-10-16 10:00:00,2025-10-16 14:00:00,12.199999809265137,8.483294486999512,5.770159254843381,12.283716223191835,8.98442392350483,6.161761254828097,12.919581725382216,8.337515272248451,5.625254792939653,12.160126543719974,9.945149660110474,7.061464334325708,13.860364831253278,1.461855173110962,9.818856000900269,6.637940418136616,14.324503565160194,1.3355615139007568,9.49361252784729,6.634560062282008,13.423346333813424,1.0103180408477783
2025 H2,2025-10-16 13:00:00,2025-10-16 15:00:00,2025-10-16 19:00:00,9.699999809265137,6.435590744018555,4.308295926047158,9.415397046958686,9.140063304237724,6.273400353407857,13.136563205375197,6.8347880495938105,4.559023526473816,10.04220974955917,7.897445917129517,5.553262874873063,11.080172176791871,1.461855173110962,7.7711522579193115,5.192294114906181,11.424008050006622,1.3355615139007568,7.445908784866333,5.144766421239795,10.60880175293787,1.0103180408477783
2025 H2,2025-10-17 08:00:00,2025-10-17 10:00:00,2025-10-17 14:00:00,10.399999618530273,8.020082473754883,5.43947047335274,11.634872412261958,8.697307758771913,5.955814728521426,12.519304558637556,8.270766570559806,5.5778945324322855,12.066052120788394,9.611327171325684,6.815593042392434,13.407129916586172,1.5912446975708008,9.389515161514282,6.334832608028963,13.716358376492193,1.3694326877593994,9.041174173355103,6.305391457791973,12.801475165593326,1.0210916996002197
2025 H2,2025-10-18 08:00:00,2025-10-18 10:00:00,2025-10-18 14:00:00,10.800000190734863,7.364879131317139,4.971718366878539,10.717096919645833,9.000580704256745,6.17335040681907,12.942106372955115,7.550807016892628,5.067061045730252,11.051354039299872,9.209938526153564,6.519957044005757,12.862159597165252,1.8450593948364258,8.79487133026123,5.9150235124327795,12.874067702572548,1.4299921989440918,8.418630123138428,5.852463552346379,11.945795730079414,1.053750991821289
2025 H2,2025-10-18 14:00:00,2025-10-18 16:00:00,2025-10-18 20:00:00,8.0,7.795190334320068,5.2789191373984075,11.31985495022132,8.678860256932424,5.94258245744253,12.493586348808803,8.01306653599911,5.395048417664664,11.702854314277799,9.897789239883423,7.026581820118482,13.79606300396074,2.1025989055633545,9.312285661697388,6.280309808384081,13.606965687913936,1.5170953273773193,8.848941326141357,6.165533690592913,12.537253390228452,1.053750991821289
2025 H2,2025-10-19 08:00:00,2025-10-19 10:00:00,2025-10-19 14:00:00,6.5,6.849116325378418,4.603513378757917,9.994642633114989,8.331266473590793,5.6932557352372735,12.008995539010712,6.941012056264081,4.634392732177723,10.191919959288777,8.951715230941772,6.329767055811397,12.511566641021343,2.1025989055633545,8.440361022949219,5.664744868864632,12.371917154692358,1.5912446975708008,7.9258341789245605,5.49393304394752,11.26845353201054,1.0767178535461426
2025 H2,2025-10-20 08:00:00,2025-10-20 10:00:00,2025-10-20 14:00:00,10.5,7.249671936035156,4.889471521076996,10.555720544474347,8.84117840440831,6.059012191241354,12.719878895741259,7.701202158547938,5.173771032705915,11.263318254408249,9.267929792404175,6.562669527534918,12.94089505536105,2.0182578563690186,8.840916633605957,5.947530764905015,12.939289146984637,1.5912446975708008,8.326389789581299,5.785354693043825,11.819012482336051,1.0767178535461426
2025 H2,2025-10-21 08:00:00,2025-10-21 10:00:00,2025-10-21 14:00:00,10.100000381469727,7.734928607940674,5.235898066491077,11.235443391196036,8.775550743685475,6.011937904190767,12.628385426125385,7.914549813313727,5.32514776742467,11.56400661235591,9.958966255187988,7.071640713077766,13.879123792980947,2.2240376472473145,9.326173305511475,6.2901142642333365,13.62663701426516,1.5912446975708008,8.951094150543213,6.239854318628117,12.677661239423873,1.216165542602539
2025 H2,2025-10-21 14:00:00,2025-10-21 16:00:00,2025-10-21 20:00:00,11.0,7.583797454833984,5.12800497339953,11.02374656441235,8.766930244404586,6.005754477062658,12.616367332225002,7.935331162684774,5.339892775117828,11.59329547341781,10.082120180130005,7.162347647599686,14.046331397433258,2.4983227252960205,9.344515800476074,6.30306377420444,13.652618470109989,1.7607183456420898,8.919358968734741,6.216765591942122,12.63404160729286,1.3355615139007568
2025 H2,2025-10-21 20:00:00,2025-10-21 22:00:00,2025-10-22 02:00:00,10.0,6.285286903381348,4.200993454408903,9.204859077372527,8.248607212644172,5.633964793973591,11.893757810031923,6.758793282435318,4.505102897626062,9.935104087795098,9.003345012664795,6.367794095813056,12.581665033129974,2.7180581092834473,8.257533550262451,5.535671578392529,12.112948899937468,1.9722466468811035,7.654719591140747,5.296685375548905,10.895809736999249,1.3694326877593994
2025 H2,2025-10-22 08:00:00,2025-10-22 10:00:00,2025-10-22 14:00:00,9.300000190734863,6.416075229644775,4.294363727650094,9.388060707752276,8.748793425035727,5.9927450564654485,12.591082254049482,6.542776099536179,4.351832050443265,9.630653344777896,9.22962999343872,6.534460460234808,12.888894945425184,2.8135547637939453,8.51867413520813,5.7200326816742875,12.482844739633927,2.1025989055633545,7.846067428588867,5.435899259605394,11.158815076906407,1.4299921989440918
2025 H2,2025-10-22 18:00:00,2025-10-22 20:00:00,2025-10-23 00:00:00,11.0,6.757560729980469,4.538151498204079,9.866396215208319,8.844114125083056,6.061117964267868,12.723971671064911,6.931035604740145,4.627314132427323,10.177859327452113,9.571115493774414,6.78597581334856,13.352534025488728,2.8135547637939453,8.981598377227783,6.0468498403796955,13.138559557969522,2.2240376472473145,8.274656057357788,5.747716150086549,11.747905079140033,1.5170953273773193
2025 H2,2025-10-23 00:00:00,2025-10-23 02:00:00,2025-10-23 06:00:00,6.699999809265137,6.286812782287598,4.202082785043218,9.206996450878046,8.485046059847326,5.803560815537683,12.223384224326256,6.2898120915479625,4.172346292455145,9.274130409171505,9.274885892868042,6.5677929253446194,12.95033943884652,2.9880731105804443,8.510850429534912,5.714509269792653,12.471762754119746,2.2240376472473145,7.874863386154175,5.456849572664874,11.19839478007117,1.5880506038665771
2025 H2,2025-10-23 08:00:00,2025-10-23 10:00:00,2025-10-23 14:00:00,9.100000381469727,6.051201820373535,4.033879241798646,8.876964607890335,7.830391570279354,5.333981479302793,11.310710970541676,6.1815811389812305,4.095553096799733,9.121591645892716,8.964656114578247,6.339298444155066,12.529136638513258,2.913454294204712,8.27523946762085,5.548171674689276,12.138028667489657,2.2240376472473145,7.639252424240112,5.28543233810514,10.874550298991725,1.5880506038665771
2025 H2,2025-10-23 19:00:00,2025-10-23 21:00:00,2025-10-24 01:00:00,6.5,7.194738388061523,4.850254256578365,10.47877242655866,8.79638373599287,6.026881271807401,12.657429319015831,7.632832017577771,5.125260311068564,11.166958604036003,10.125461101531982,7.194269668124652,14.105175901542996,2.930722713470459,9.693061113357544,6.5491312264921815,14.146319827206112,2.4983227252960205,8.825075387954712,6.148170181310942,12.504449940402768,1.6303369998931885
2025 H2,2025-10-24 08:00:00,2025-10-24 10:00:00,2025-10-24 14:00:00,7.0,7.319864273071289,4.939582091918778,10.65404239744526,8.807999523212072,6.03521319916627,12.673623232729938,7.742797354016557,5.203284105520988,11.321941776835532,10.250586986541748,7.286429016386773,14.275060860526716,2.930722713470459,9.81818699836731,6.637468112979224,14.323555948175501,2.4983227252960205,8.950201272964478,6.239204711308899,12.676433989750072,1.6303369998931885
2025 H2,2025-10-25 08:00:00,2025-10-25 10:00:00,2025-10-25 14:00:00,7.199999809265137,7.754249572753906,5.249691375232267,11.262507215280491,8.504959035990016,5.817844261643303,12.251145495375779,7.945938565129995,5.347419053987722,11.60824535616597,10.684972286224365,7.606368140975358,14.864831145180077,2.930722713470459,10.252572298049927,6.94413723189662,14.938846425568448,2.4983227252960205,9.345494270324707,6.526797580069537,13.219759540329308,1.5912446975708008
2025 H2,2025-10-26 08:00:00,2025-10-26 10:00:00,2025-10-26 14:00:00,7.199999809265137,7.190264701843262,4.847060475324883,10.472505914612157,8.864471003128775,6.075719818273073,12.752351798932274,7.245679214708919,4.850563468490952,10.621312387782677,10.12098741531372,7.190974650421703,14.099101922528693,2.930722713470459,9.688587427139282,6.545972875111803,14.139983018545797,2.4983227252960205,8.781509399414062,6.116474027550393,12.444569004316248,1.5912446975708008
2025 H2,2025-10-27 08:00:00,2025-10-27 10:00:00,2025-10-27 14:00:00,10.399999618530273,6.961272239685059,4.683581903706651,10.151744929204646,8.488239612962841,5.805851530068954,12.22783645150795,7.964739588082852,5.3607589590694085,11.634743180693915,9.249079465866089,6.548785639255986,12.915301734278827,2.2878072261810303,9.459594964981079,6.384307835663897,13.815623788471362,2.4983227252960205,8.55251693725586,5.94987203976809,12.129821572888268,1.5912446975708008
2025 H2,2025-10-27 13:15:10,2025-10-27 15:15:10,2025-10-27 19:15:10,9.600000381469727,7.728858947753906,5.231564913477266,11.2269413201486,9.08662600187293,6.235070129794477,13.062064676151127,8.406566918902648,5.674249063858357,12.257446695979562,10.016666173934937,7.114138609544839,13.95746368507381,2.2878072261810303,10.227181673049927,6.926211854119789,14.902881557998178,2.4983227252960205,9.320103645324707,6.5083247947377965,13.18486042650791,1.5912446975708008
2025 H2,2025-10-27 16:46:34,2025-10-27 18:46:34,2025-10-27 22:46:34,5.599999904632568,3.5667271614074707,2.2602035293253477,5.396838963931915,7.48308451334974,5.084860424056797,10.8265198945445,3.79953522259046,2.4054181235832357,5.7643788565523035,5.854534387588501,4.048591038945747,8.306485969686438,2.2878072261810303,6.284785270690918,4.142942641239188,9.31862498612052,2.7180581092834473,5.1579718589782715,3.480192678589073,7.464059502885146,1.5912446975708008
2025 H2,2025-10-27 20:00:00,2025-10-27 22:00:00,2025-10-28 02:00:00,7.699999809265137,7.065034866333008,4.757658429335009,10.297090335155493,8.629786295402269,5.907382029355717,12.425170882544478,7.253292577638398,4.855965384072158,10.63204252493951,8.4960036277771,5.994120404122458,11.892841370818504,1.4309687614440918,9.783092975616455,6.61269229058345,14.273846581795492,2.7180581092834473,8.582130193710327,5.971416973359018,12.17052464371172,1.5170953273773193
2025 H2,2025-10-28 08:00:00,2025-10-28 10:00:00,2025-10-28 14:00:00,9.899999618530273,8.973204612731934,6.119907918276296,12.969957391176141,9.0312365060573,6.195339610728377,12.984844536096945,8.66183906924399,5.855372519964442,12.617222686018781,9.333047151565552,6.610630613927192,13.029305697886343,0.35984253883361816,11.265747547149658,7.659422857762284,16.373971148151764,2.2925429344177246,10.442373275756836,7.324824820526991,14.727406762832763,1.4691686630249023
2025 H2,2025-10-28 12:00:00,2025-10-28 14:00:00,2025-10-28 18:00:00,7.800000190734863,6.131168365478516,4.090967656184859,8.988977674022559,8.647845975167787,5.920336118225562,12.450348418109506,6.2855746121044485,4.169339670224864,9.268158181648749,6.491010904312134,4.517377021644831,9.170637994898946,0.35984253883361816,8.42371129989624,5.652990428963911,12.348333446741806,2.2925429344177246,7.600337028503418,5.257119693121266,10.821061547721536,1.4691686630249023
2025 H2,2025-10-29 08:00:00,2025-10-29 10:00:00,2025-10-29 14:00:00,9.199999809265137,7.478560924530029,5.052876222461589,10.876336589241014,9.027188560006,6.192436045794241,12.979201174365443,7.549901960828272,5.066418880566028,11.050078469516182,7.831144332885742,5.504429567582767,10.990153697250806,0.3525834083557129,9.018929243087769,6.073204838465655,13.19143732867968,1.5403683185577393,8.995656251907349,6.272275187843859,12.738911320807365,1.5170953273773193
2025 H2,2025-10-30 08:00:00,2025-10-30 10:00:00,2025-10-30 14:00:00,9.899999618530273,7.879878997802734,5.339378689682004,11.438482519423916,9.097199823267626,6.242654661957793,13.076805954384174,8.122213603194407,5.4724916248763416,11.856684233082325,8.50798487663269,6.002944989745259,11.909108460319983,0.628105878829956,9.420247316360474,6.356529020996901,13.759889320657305,1.5403683185577393,9.46817398071289,6.6160524115107044,13.388381351584966,1.5882949829101562
2025 H2,2025-10-31 08:00:00,2025-10-31 10:00:00,2025-10-31 14:00:00,10.199999809265137,8.186590194702148,5.558340955495776,11.86810795261833,8.970062694023452,6.151460039889766,12.899560309126802,8.100198120304574,5.4568709614255155,11.825656006374913,9.201429843902588,6.513690118415114,12.850607254217987,1.0148396492004395,10.003599643707275,6.768366494264446,14.58618600298921,1.817009449005127,9.817171573638916,6.8699633575947985,13.86807441620701,1.6305813789367676
2025 H2,2025-11-01 08:00:00,2025-11-01 10:00:00,2025-11-01 14:00:00,7.800000190734863,7.347801685333252,4.959526714585614,10.693175702543712,8.98395146449327,6.161422363103405,12.918923056251808,7.6007916238045246,5.10252666445866,11.12180144773986,8.866033792495728,6.266659845622775,12.395235894150408,1.5182321071624756,9.164811134338379,6.176195135532603,13.398073553653582,1.817009449005127,8.97838306427002,6.2597081916703,12.715169528653231,1.6305813789367676
2025 H2,2025-11-02 08:00:00,2025-11-02 10:00:00,2025-11-02 14:00:00,10.100000381469727,7.921079158782959,5.368791638055977,11.49619360786068,8.873234497263802,6.082005814664451,12.764569246202841,7.788114515244288,5.235438027723265,11.385810971045213,9.439311265945435,6.688897644958677,13.173581798003104,1.5182321071624756,9.461447477340698,6.385615679952189,13.818247802716224,1.5403683185577393,9.551660537719727,6.676792517186456,13.503132636972317,1.6305813789367676
2025 H2,2025-11-03 03:00:00,2025-11-03 05:00:00,2025-11-03 09:00:00,8.5,6.547746181488037,4.3883641105800715,9.572498675119126,8.693725266585302,5.953245030566455,12.514310099953295,6.722293173062689,4.479204945385756,9.883661488324233,8.065978288650513,5.67739253452928,11.308990658443687,1.5182321071624756,8.088114500045776,5.4160644211159585,11.872973172482048,1.5403683185577393,8.308464527130127,5.772313284048356,11.794374421061,1.7607183456420898
2025 H2,2025-11-03 08:00:00,2025-11-03 10:00:00,2025-11-03 14:00:00,9.5,7.628101348876953,5.159633688366864,11.085805204145194,9.082401943259267,6.232040240483966,13.056175790669487,7.419070325246391,4.973589803939707,10.86568670896971,9.146333456039429,6.473109808460306,12.775802208151351,1.5182321071624756,9.168469667434692,6.1787780017621845,13.403255728503963,1.5403683185577393,9.388819694519043,6.558318712792679,13.279309823566466,1.7607183456420898
2025 H2,2025-11-04 08:00:00,2025-11-04 10:00:00,2025-11-04 14:00:00,9.399999618530273,6.842249870300293,4.5986113909035,9.985024452340138,9.054065776981409,6.211714895795686,13.016671500255681,6.962923462502554,4.649939550037602,10.222801502230523,8.748203992843628,6.179874305277175,12.235256920340195,1.905954122543335,8.382618188858032,5.623979345566592,12.290126596908873,1.5403683185577393,8.789396286010742,6.122212080986899,12.455409436681897,1.9471464157104492
2025 H2,2025-11-05 08:00:00,2025-11-05 10:00:00,2025-11-05 14:00:00,8.899999618530273,6.964375972747803,4.685797670300014,10.156092480500726,8.530533784398127,5.836188859554455,12.286800011179615,6.906847483699315,4.610151915265094,10.143769023503896,9.10879397392273,6.445460739638916,12.724834389788528,2.1444180011749268,8.504744291305542,5.710198433233134,12.463113638440825,1.5403683185577393,8.911522388458252,6.211064138544163,12.623270320369448,1.9471464157104492
2025 H2,2025-11-06 08:00:00,2025-11-06 10:00:00,2025-11-06 14:00:00,9.600000381469727,7.17108678817749,4.833369291330661,10.445642469293844,9.20198070153238,6.317813293036827,13.222884086626738,7.386057123458082,4.950165920068981,10.819158494505773,9.315504789352417,6.5977100845865655,13.005488216117294,2.1444180011749268,8.779040575027466,5.903847250798505,12.851644031807467,1.6079537868499756,9.11823320388794,6.361455258068848,12.907391891846888,1.9471464157104492
2025 H2,2025-11-07 08:00:00,2025-11-07 10:00:00,2025-11-07 14:00:00,9.899999618530273,7.313760757446289,4.935224769381517,10.64549290342317,8.814180744946391,6.039646948640803,12.68224065740589,7.50279821752652,5.032997323334113,10.983691298576145,9.627756357192993,6.827693680576854,13.42943602508631,2.313995599746704,8.921714544296265,6.004572805922214,13.053736355666233,1.6079537868499756,9.345248222351074,6.526618569454467,13.219421350299035,2.031487464904785
2025 H2,2025-11-08 08:00:00,2025-11-08 10:00:00,2025-11-08 14:00:00,8.800000190734863,6.892605304718018,4.634560323083362,10.055559781810038,8.885338729650035,6.090688100511618,12.781444115821163,6.999685529197186,4.676023369069293,10.274613299652465,9.114859104156494,6.449927908437959,12.733069091991936,2.2222537994384766,8.609181642532349,5.783929543623364,12.611045227610507,1.716576337814331,8.995204210281372,6.27194630787664,12.738289994937798,2.1025989055633545
2025 H2,2025-11-09 08:00:00,2025-11-09 10:00:00,2025-11-09 14:00:00,10.5,8.510086059570312,5.789285858287011,12.321244494373484,9.26802959382484,6.365189726706764,13.314964807675805,9.076249180246247,6.14940926251418,13.201284863458582,10.779743671417236,7.6761703972598365,14.993503424981057,2.269657611846924,10.416040182113647,7.059542960437017,15.17039254947611,1.905954122543335,10.665420532226562,7.487101412284726,15.033982579343276,2.15533447265625
2025 H2,2025-11-09 11:00:00,2025-11-09 13:00:00,2025-11-09 17:00:00,11.199999809265137,6.955931186676025,4.679768906070725,10.144263454006097,8.577485457271175,5.869866984021902,12.352256731838406,7.370912408703338,4.939420278311931,10.79781380517141,9.22558879852295,6.531483986664939,12.883408165192156,2.269657611846924,8.86188530921936,5.962334316682495,12.968990489175305,1.905954122543335,9.111265659332275,6.356386066000276,12.897815084245511,2.15533447265625
2025 H2,2025-11-09 15:00:09,2025-11-09 17:00:09,2025-11-09 21:00:09,8.100000381469727,7.669301509857178,5.189046636740836,11.143516292581957,9.000715529960456,6.17344711640476,12.94229433747023,8.289161638509336,5.590946399930837,12.091977799615997,9.938959121704102,7.05690479826426,13.851959860825527,2.269657611846924,9.753524541854858,6.591817446208969,14.231964004879957,2.0842230319976807,9.878764152526855,6.914774640807604,13.952732687563604,2.2094626426696777
2025 H2,2025-11-09 22:00:00,2025-11-10 00:00:00,2025-11-10 04:00:00,7.300000190734863,5.726035118103027,3.8017415219628345,8.421487642146632,8.226903608878366,5.618396942515064,11.863500171867917,5.944921712793794,3.92763594197562,8.788048095431584,7.995692729949951,5.625624898427626,11.21356308759325,2.269657611846924,7.810258150100708,5.219902253368764,11.479400078896065,2.0842230319976807,7.995692729949951,5.544758181835163,11.364473284325932,2.269657611846924
2025 H2,2025-11-10 08:00:00,2025-11-10 10:00:00,2025-11-10 14:00:00,8.100000381469727,5.242317199707031,3.456413498410296,7.743920203019419,7.360264604667549,4.996762515748745,10.655293014605933,5.790551138260321,3.8181052628819665,8.5704809765295,7.451779842376709,5.225015086747119,10.475085844544088,2.2094626426696777,7.326540231704712,4.878405089566394,10.794231798222539,2.0842230319976807,7.511974811553955,5.192832332524824,10.699608725397145,2.269657611846924
2025 H2,2025-11-11 08:00:00,2025-11-11 10:00:00,2025-11-11 14:00:00,9.100000381469727,6.872768402099609,4.6203986844214455,10.027773258309027,8.656298397919748,5.926398985170937,12.46213219153247,7.028752469011978,4.696647258477687,10.315579723272492,9.082231044769287,6.425896264722129,12.688769572909367,2.2094626426696777,8.95699143409729,6.029477729549533,13.10370474636101,2.0842230319976807,9.082231044769287,6.335262119582579,12.85790734985953,2.2094626426696777
2025 H2,2025-11-12 08:00:00,2025-11-12 10:00:00,2025-11-12 14:00:00,11.5,9.00830078125,6.144963203697187,13.019118317661599,8.817586192583036,6.042089653710852,12.68698829302843,8.59723724726902,5.809535536763531,12.52617403684846,10.980838537216187,7.824283409762755,15.26653240715709,1.9725377559661865,11.09252381324768,7.537129654262731,16.12860622902073,2.0842230319976807,11.09252381324768,7.797837647599331,15.621030988661605,2.0842230319976807
2025 H2,2025-11-12 15:06:58,2025-11-12 17:06:58,2025-11-12 21:06:58,8.100000381469727,5.810255527496338,3.8618667859080253,8.539459304854718,7.770126940892692,5.290754059164719,11.226694262084143,6.034444921514423,3.991155416949701,8.914220500082399,8.019718170166016,5.643320428907591,11.246182724412229,2.2094626426696777,8.019718170166016,5.367777699082006,11.776092337669288,2.2094626426696777,7.8944785594940186,5.471120465419651,11.225355603879706,2.0842230319976807
2025 H2,2025-11-13 08:00:00,2025-11-13 10:00:00,2025-11-13 14:00:00,7.300000190734863,8.536789894104004,5.808349825219169,12.358649866578567,8.856514052216781,6.070012350002024,12.74125877750681,8.62015516022377,5.825796502151069,12.558474132303068,10.50932765007019,7.477000063439343,14.626356254021998,1.9725377559661865,10.746252536773682,7.292667635542784,15.63812595916625,2.2094626426696777,10.483936309814453,7.355063737681734,14.78453466166705,1.9471464157104492
2025 H2,2025-11-14 08:00:00,2025-11-14 10:00:00,2025-11-14 14:00:00,10.399999618530273,7.178220272064209,4.838461912046084,10.455634690432161,8.775767264543365,6.012093213170312,12.628687284279621,7.403086314093462,4.962248655527766,10.843159130345674,8.898881673812866,6.290853395452553,12.439833868181347,1.7206614017486572,9.26244330406189,6.245121895920163,13.536365858577298,2.0842230319976807,9.084174394607544,6.336675991213804,12.860578461232334,1.905954122543335
2025 H2,2025-11-14 20:00:00,2025-11-14 22:00:00,2025-11-15 02:00:00,8.300000190734863,6.3915205001831055,4.276834014833203,9.353665692543876,8.588611045705548,5.877847295034027,12.367767244877685,6.7015524630973,4.464488772603092,9.854429903711745,8.112181901931763,5.711423022201936,11.371721874663034,1.7206614017486572,8.600983142852783,5.778141533128959,12.599432360449871,2.2094626426696777,8.475743532180786,5.894016044449402,12.024297435448908,2.0842230319976807
2025 H2,2025-11-15 08:00:00,2025-11-15 10:00:00,2025-11-15 14:00:00,9.199999809265137,6.360649108886719,4.254794813606073,9.310422618951838,8.186603194610447,5.5894897218612964,11.807316168237175,6.636556351719095,4.418372028921752,9.762825550128616,8.056392192840576,5.670332058256498,11.295975497804797,1.6957430839538574,8.344439029693604,5.597025465887614,12.236047250563807,1.9837899208068848,8.266603231430054,5.741857368560812,11.736836565126064,1.905954122543335
2025 H2,2025-11-16 08:00:00,2025-11-16 10:00:00,2025-11-16 14:00:00,9.899999618530273,7.6494646072387695,5.17488499807892,11.115729769080948,8.879328040145195,6.086376672677586,12.773064435187655,8.045293363803216,5.4179143449638625,11.748274227353093,9.345207691192627,6.619587253126662,13.045816212681935,1.6957430839538574,9.807132005691528,6.629663463820984,14.30789696587102,2.157667398452759,9.555418729782104,6.679526765563711,13.508298227521882,1.905954122543335
2025 H2,2025-11-17 08:00:00,2025-11-17 10:00:00,2025-11-17 14:00:00,9.199999809265137,6.956616401672363,4.680258083608698,10.14522326829592,8.768219278866193,6.006679092957776,12.618164413425943,7.325707853641094,4.907346253653685,10.734103316071627,8.714714765548706,6.1552083829457445,12.189788182956631,1.7580983638763428,9.114283800125122,6.140523640489502,13.326503480697195,2.157667398452759,8.862570524215698,6.175449525680511,12.555986561817996,1.905954122543335
2025 H2,2025-11-18 08:00:00,2025-11-18 10:00:00,2025-11-18 14:00:00,9.800000190734863,7.515182971954346,5.079020838516794,10.92763488923199,9.165533245204731,6.291669773634582,13.172071606014747,7.8146800582122165,5.2542870989958335,11.423251970815206,9.338454723358154,6.6146134692096785,13.03664762487544,1.8232717514038086,9.548502683639526,6.447075272236598,13.941558235832366,2.0333197116851807,9.374625205993652,6.5479916042861595,13.259799666936447,1.8594422340393066
2025 H2,2025-11-19 08:00:00,2025-11-19 10:00:00,2025-11-19 14:00:00,9.699999809265137,6.513147830963135,4.363664219278626,9.524035066739849,8.569618005298503,5.8642237127481875,12.341288483540541,6.657329491579244,4.4331112117139755,9.792102840853106,8.546467542648315,6.031288744669447,11.961356851107695,2.0333197116851807,8.670815229415894,5.827441876566271,12.698346890730146,2.157667398452759,8.372590065002441,5.818967405220938,11.882514214589683,1.8594422340393066
2025 H2,2025-11-20 08:00:00,2025-11-20 10:00:00,2025-11-20 14:00:00,6.099999904632568,7.444841384887695,5.0288037175223455,10.829103974415073,8.421093740806748,5.757688239996996,12.134226398273078,7.231121747208883,4.840234496755364,10.600795354196029,9.661954402923584,6.85288167110434,13.475867134011622,2.2171130180358887,9.602508783340454,6.485202720434199,14.018055849566977,2.157667398452759,9.304283618927002,6.496815036644514,13.163115987294184,1.8594422340393066
2025 H2,2025-11-21 08:00:00,2025-11-21 10:00:00,2025-11-21 14:00:00,10.399999618530273,6.102329254150391,4.070379307196307,8.948581314768186,8.167473360701223,5.5757680185009395,11.78064669901867,6.52295311628644,4.337767033042327,9.602715187737774,8.135648965835571,5.728707290080095,11.403583397068694,2.0333197116851807,8.25999665260315,5.537410489504802,12.116437791979129,2.157667398452759,7.961771488189697,5.520079001341448,11.317848938641086,1.8594422340393066
2025 H2,2025-11-22 08:00:00,2025-11-22 10:00:00,2025-11-22 14:00:00,9.300000190734863,7.201605319976807,4.855156584848606,10.488391275262732,8.547067529764695,5.848048405770708,12.309850196309956,7.712959669711251,5.182113349148415,11.279889079754925,9.234925031661987,6.538360430825553,12.89608408419776,2.0333197116851807,9.234925031661987,6.225694432888674,13.49738725830161,2.0333197116851807,8.995874166488647,6.272433730190924,12.739210841822542,1.7942688465118408
2025 H2,2025-11-23 08:00:00,2025-11-23 10:00:00,2025-11-23 14:00:00,9.899999618530273,7.774590492248535,5.264212833419333,11.29099973996755,8.47358417269133,5.795339279676433,12.207404867257955,8.028613807662767,5.406079685952162,11.724766360099181,9.991703510284424,7.09575278304109,13.92357156842616,2.2171130180358887,9.807910203933716,6.630212859413905,14.308999254480447,2.0333197116851807,9.634032726287842,6.736721871297446,13.616352236117914,1.8594422340393066
2025 H2,2025-11-23 20:51:00,2025-11-23 22:51:00,2025-11-24 02:51:00,9.899999618530273,7.686849594116211,5.201574279451283,11.168096755824688,8.571935861633769,5.865886295769836,12.344519875850564,7.910106161703279,5.3219948596893785,11.557743809479058,9.9039626121521,7.031128712752379,13.8044446677114,2.2171130180358887,9.720169305801392,6.568269179591128,14.184717564611638,2.0333197116851807,9.646724939346313,6.745956008984639,13.633797532882886,1.9598753452301025
2025 H2,2025-11-24 00:38:00,2025-11-24 02:38:00,2025-11-24 06:38:00,10.699999809265137,5.848109245300293,3.888890696034617,8.592482866022186,8.09597537630939,5.524482987102154,11.680969236947039,6.179961175618671,4.094403682879729,9.119308498585761,8.065222263336182,5.676835696907446,11.307964193539911,2.2171130180358887,7.881428956985474,5.270147712080046,11.580210856278644,2.0333197116851807,7.8079845905303955,5.408192336586464,11.106470666320043,1.9598753452301025
2025 H2,2025-11-24 08:00:00,2025-11-24 10:00:00,2025-11-24 14:00:00,9.0,5.770280838012695,3.833328706199736,8.483464794514576,7.594205524314653,5.1645667903953045,10.981436993956907,6.377463096760349,4.2345373813538405,9.39766416377831,8.095328569412231,5.699009985995051,11.348839897016314,2.325047731399536,7.803600549697876,5.215202093277864,11.469969837741163,2.0333197116851807,7.927948236465454,5.495471112865944,11.27135927910202,2.157667398452759
2025 H2,2025-11-24 18:00:00,2025-11-24 20:00:00,2025-11-25 00:00:00,8.399999618530273,7.518234729766846,5.081199499785424,10.931909636243038,8.655490781580996,5.925819687311796,12.461006269624892,8.097147523782201,5.45470646919799,11.821356550352856,9.861419916152954,6.999794611608646,13.746683924086623,2.3431851863861084,9.686951398849487,6.544817865136738,14.137665645862626,2.1687166690826416,9.675902128219604,6.767183684421534,13.673901233972453,2.157667398452759
2025 H2,2025-11-25 08:00:00,2025-11-25 10:00:00,2025-11-25 14:00:00,9.899999618530273,7.264472007751465,4.900037347398206,10.576451731619477,8.508430500905165,5.820334320470661,12.25598516764565,7.343103159757452,4.919688759326964,10.758619948503638,9.607657194137573,6.812889982943411,13.402147143245351,2.3431851863861084,9.433188676834106,6.3656654158448385,13.77822027216453,2.1687166690826416,9.422139406204224,6.582560253962927,13.325107373276143,2.157667398452759
2025 H2,2025-11-26 08:00:00,2025-11-26 10:00:00,2025-11-26 14:00:00,9.699999809265137,7.221442222595215,4.869318223510524,10.516177798763744,8.559771672616321,5.857161003427585,12.32756141891318,7.2757596075678075,4.87190643406062,10.663707153945394,9.589761734008789,6.799709385322134,13.377850256076586,2.368319511413574,9.453995943069458,6.380355015166312,13.807692984027819,2.232553720474243,9.394550323486328,6.5624879949087545,13.287186505317996,2.1731081008911133
2025 H2,2025-11-27 08:00:00,2025-11-27 10:00:00,2025-11-27 14:00:00,13.100000381469727,8.356730461120605,5.679804725380126,12.10643177777628,8.726434198274696,5.976706930967984,12.559910592409212,8.293139480661958,5.593768801503291,12.097584098997913,10.676653623580933,7.600241171103609,14.853536794200117,2.319923162460327,10.589284181594849,7.181850471113471,15.415786174039688,2.232553720474243,10.529838562011719,7.388459624985945,14.847626764523554,2.1731081008911133
2025 H2,2025-11-27 10:45:00,2025-11-27 12:45:00,2025-11-27 16:45:00,10.5,8.249153137207031,5.6030048731659825,11.95574293806163,8.60840486757805,5.892045272569589,12.395362399422691,8.012399815259613,5.394575358757009,11.701914650026097,10.569076299667358,7.521006917864283,14.707477733285499,2.319923162460327,10.481706857681274,7.105902589902546,15.263406931381612,2.232553720474243,10.422261238098145,7.310192437344108,14.699763004893331,2.1731081008911133
2025 H2,2025-11-27 20:00:00,2025-11-27 22:00:00,2025-11-28 02:00:00,8.600000381469727,9.712515830993652,6.64770495056141,14.005546915204327,9.004216982773611,6.175958685353053,12.94717581675874,8.756799219606837,5.922749672556582,12.751057818701227,12.247862339019775,8.75748830016334,16.98678626657237,2.535346508026123,12.037563562393188,8.204312699877121,17.46721957259359,2.325047731399536,11.98142409324646,8.44455130879282,16.842813912380468,2.2689082622528076
2025 H2,2025-11-28 08:00:00,2025-11-28 10:00:00,2025-11-28 14:00:00,9.0,7.701115608215332,5.211758840050482,11.188079862242883,8.727893748374173,5.977753856602552,12.561945394521745,8.196639732135463,5.525299256575984,11.9615790842784,10.207964658737183,7.255036263787449,14.217191999816531,2.5068490505218506,10.026163339614868,6.784296105023737,14.618146631576037,2.325047731399536,9.921627521514893,6.945959608247798,14.011647881383453,2.2205119132995605
2025 H2,2025-11-29 08:00:00,2025-11-29 10:00:00,2025-11-29 14:00:00,7.300000190734863,6.507770538330078,4.359825350040135,9.516502828920542,8.26024865631333,5.642315124534352,11.909987492164388,6.604287468460286,4.395476261981628,9.717346364849792,8.827693700790405,6.238421101388543,12.343181078264127,2.319923162460327,8.740324258804321,5.87651414677184,12.79680382264468,2.232553720474243,8.728282451629639,6.0777491052499215,12.371409193988846,2.2205119132995605
2025 H2,2025-11-30 08:00:00,2025-11-30 10:00:00,2025-11-30 14:00:00,8.699999809265137,8.095797538757324,5.493523740259097,11.740930221464424,8.540916418288248,5.843636254185033,12.301274749238164,7.649515532230227,5.1370977787665035,11.190472050345731,10.292001485824585,7.31693216337519,14.331289837540126,2.1962039470672607,10.328351259231567,6.997635974314992,15.046184480598988,2.232553720474243,10.268905639648438,7.198619561545189,14.48897754823581,2.1731081008911133
2025 H2,2025-12-01 08:00:00,2025-12-01 10:00:00,2025-12-01 14:00:00,7.800000190734863,6.650984764099121,4.462066519218704,9.717110026856668,8.198527966001853,5.598043281523622,11.82394084595628,6.825553317410072,4.5524711994491245,10.029194483656847,8.555019855499268,6.037587805638453,11.972968431859243,1.9040350914001465,8.883538484573364,5.977621114399701,12.999661399563786,2.232553720474243,8.824092864990234,6.147455353069957,12.503099474206312,2.1731081008911133
2025 H2,2025-12-02 08:00:00,2025-12-02 10:00:00,2025-12-02 14:00:00,8.399999618530273,6.82775354385376,4.588262409461683,9.964718736108452,7.9926063237608895,5.450337049273197,11.536859372837915,6.605653959346798,4.39644582936989,9.719272272595378,8.369189500808716,5.900717609881088,11.720664264883153,1.541435956954956,8.88819169998169,5.980906210535428,13.006252504585278,2.0604381561279297,8.985420942306519,6.26482855440888,12.724843008792336,2.157667398452759
2025 H2,2025-12-03 08:00:00,2025-12-03 10:00:00,2025-12-03 14:00:00,6.800000190734863,6.468075752258301,4.331487094420078,9.46090039303282,7.73802656369492,5.2677286708757505,11.181942173506645,6.623643854419384,4.4092102142280725,9.744626908037533,7.679363012313843,5.392637610377599,10.784078324294686,1.211287260055542,8.52851390838623,5.726979405177776,12.496782409119096,2.0604381561279297,8.513073205947876,5.921175007649534,12.075606630622847,2.044997453689575
2025 H2,2025-12-04 08:00:00,2025-12-04 10:00:00,2025-12-04 14:00:00,7.800000190734863,9.159367561340332,6.2528103406526006,13.23072497400052,8.42793891017019,5.762598234715313,12.143769452044483,8.505590382688506,5.744509262522833,12.397008589719364,10.318088293075562,7.336145958780527,14.366708217833716,1.1587207317352295,11.063402652740479,7.5165705776984,16.087357197886842,1.9040350914001465,11.204365015029907,7.879206992062764,15.774755398002444,2.044997453689575
2025 H2,2025-12-05 08:00:00,2025-12-05 10:00:00,2025-12-05 14:00:00,9.0,8.376189231872559,5.6936964142942275,12.133688633405455,8.53750723468868,5.841190869333485,12.296521905198832,8.154030532539576,5.495066716589145,11.901526442621678,9.499813795089722,6.733459756577008,13.255726828835746,1.123624563217163,10.199806213378906,6.906885214605505,14.864105246594132,1.8236169815063477,10.301230430603027,7.222137254559738,14.53340759116611,1.9250411987304688
2025 H2,2025-12-06 08:00:00,2025-12-06 10:00:00,2025-12-06 14:00:00,8.300000190734863,6.907101631164551,4.644909304525179,10.075865498041722,8.567572151584312,5.862756235407923,12.338436298157484,7.321650639530877,4.90446753523171,10.728385151276319,7.713644742965698,5.417887237614408,10.83062305327084,0.8065431118011475,8.730718612670898,5.869732713241468,12.78319778533306,1.8236169815063477,8.83214282989502,6.153312053076915,12.514164055778071,1.9250411987304688
2025 H2,2025-12-07 08:00:00,2025-12-07 10:00:00,2025-12-07 14:00:00,10.199999809265137,6.091494560241699,4.062644378861025,8.933404627020538,8.469793748215272,5.792620433265267,12.20212052399763,6.228209252834352,4.128637180282763,9.187308473218915,6.898037672042847,4.817165683570162,9.723263262930516,0.8065431118011475,7.771304607391357,5.192401671212518,11.42422384731711,1.6798100471496582,7.983851909637451,5.536143469444879,11.34819821682268,1.892357349395752
2025 H2,2025-12-08 08:00:00,2025-12-08 10:00:00,2025-12-08 14:00:00,8.199999809265137,6.114383220672607,4.078984678791572,8.965465897532592,7.9857676967054765,5.445431747309168,11.527325439892305,6.257408966679752,4.149355276956903,9.22846202617619,7.2380077838897705,5.067564902996006,10.18484488133264,1.123624563217163,7.794193267822266,5.208560701761374,11.456644775957436,1.6798100471496582,8.00674057006836,5.5527959666036235,11.379658409929293,1.892357349395752
2025 H2,2025-12-09 08:00:00,2025-12-09 10:00:00,2025-12-09 14:00:00,9.100000381469727,6.546220302581787,4.387274779945756,9.570361301613604,8.523552914685311,5.831181527872898,12.277067773523616,6.635372635953613,4.417532146113522,9.761157242360294,7.505224943161011,5.264379169212552,10.547648917755625,0.9590046405792236,7.896115064620972,5.280515870699122,11.601013176671833,1.3498947620391846,8.373404264450073,5.819559770773709,11.883633322102641,1.8271839618682861
2025 H2,2025-12-10 04:00:00,2025-12-10 06:00:00,2025-12-10 10:00:00,9.800000190734863,2.0363476276397705,1.167659880262895,3.2531612084620627,8.603247382619216,5.888345842714293,12.388172196569531,2.313099261365356,1.3507460090675822,3.669422674044449,3.2123053073883057,2.1025020264966368,4.719098924389025,1.1759576797485352,3.386242389678955,2.09661742693361,5.212947758311841,1.3498947620391846,3.8579795360565186,2.534391655012718,5.677235427282884,1.821631908416748
2025 H2,2025-12-10 07:35:00,2025-12-10 09:35:00,2025-12-10 13:35:00,8.0,1.5400254726409912,0.8133336452550914,2.5579383962500137,8.906618695235448,6.105952079104805,12.811111147424473,1.7275520366367625,0.9352822112566818,2.8441629180947525,2.7159831523895264,1.7369443616763687,4.045236206550112,1.1759576797485352,2.889920234680176,1.7462218723790068,4.509926049444112,1.3498947620391846,3.3616573810577393,2.1732956747176693,4.995046494187164,1.821631908416748
2025 H2,2025-12-10 18:00:00,2025-12-10 20:00:00,2025-12-11 00:00:00,7.800000190734863,,,,8.566353480287209,5.861882090545401,12.336737312332525,8.566353480287209,5.787622552500105,12.482647009606497,,,,1.3145651817321777,,,,1.3498947620391846,,,,1.8657991886138916
2025 H2,2025-12-11 08:00:00,2025-12-11 10:00:00,2025-12-11 14:00:00,7.300000190734863,6.689657211303711,4.489674923313771,9.771280422495693,8.917018007542193,6.113411437053337,12.82560913735865,6.80930712887619,4.5409440281071936,10.006297396934595,8.004222393035889,5.631907277096389,11.225143916479187,1.3145651817321777,7.900944471359253,5.283925355114005,11.607853850100911,1.211287260055542,8.555456399917603,5.952010626854507,12.13386182955804,1.8657991886138916
2025 H2,2025-12-11 15:00:00,2025-12-11 17:00:00,2025-12-11 21:00:00,10.5,6.563005447387695,4.399257757339044,9.593873078103572,7.668130514498549,5.217592696999311,11.084498016835791,6.88958506064129,4.597903694216091,10.11943967407086,7.877570629119873,5.538624068607296,11.053187252864706,1.3145651817321777,7.7389631271362305,5.1695691000790776,11.378413354097585,1.1759576797485352,8.428804636001587,5.859865953507287,11.95978047769743,1.8657991886138916
2025 H2,2025-12-12 08:00:00,2025-12-12 10:00:00,2025-12-12 14:00:00,7.599999904632568,8.554338455200195,5.820877808345436,12.383230997750513,8.65688884492782,5.92682250890529,12.46295535123065,8.484785198577903,5.729747343347564,12.367686136403046,9.804370403289795,6.957775760563317,13.669227096092618,1.2500319480895996,9.677963018417358,6.538472211382736,14.12493394225499,1.123624563217163,10.420137643814087,7.308647430029752,14.696844149661143,1.8657991886138916
2025 H2,2025-12-13 08:00:00,2025-12-13 10:00:00,2025-12-13 14:00:00,6.699999809265137,7.2090959548950195,4.860504177015622,10.498883775387183,8.565153360963754,5.861021252890898,12.335064190364648,7.9051929971825246,5.318508818077605,11.550819283527769,8.45912790298462,5.966960214499799,11.842774743970057,1.2500319480895996,8.268187284469604,5.543192945448171,12.128039514677713,1.059091329574585,9.027160882949829,6.295196178808178,12.78221406363676,1.8180649280548096
2025 H2,2025-12-14 08:00:00,2025-12-14 10:00:00,2025-12-14 14:00:00,6.400000095367432,9.445478439331055,6.457065962071474,13.63149452901194,8.529733030687641,5.835614484213187,12.285683656665784,8.621177344021186,5.826521773050836,12.559914779812894,10.369847297668457,7.374268175695157,14.436982057428265,0.9243688583374023,10.369847297668457,7.026931518053008,15.104962061972953,0.9243688583374023,11.263543367385864,7.92226182034516,15.856095343538772,1.8180649280548096
2025 H2,2025-12-14 12:22:00,2025-12-14 14:22:00,2025-12-14 18:22:00,11.0,7.849594593048096,5.317758540333261,11.39606166670228,8.007428209626177,5.460968689989453,11.55752300383023,8.428126115104286,5.6895459778448165,12.287831840412759,8.773963451385498,6.198846997543195,12.27023085524972,0.9243688583374023,8.773963451385498,5.900262882185998,12.844452476679493,0.9243688583374023,9.667659521102905,6.761186828816732,13.662571867958393,1.8180649280548096
2025 H2,2025-12-15 08:00:00,2025-12-15 10:00:00,2025-12-15 14:00:00,8.800000190734863,7.316812515258789,4.937403430650148,10.649767650434217,7.963395830221071,5.42938455542171,11.496136156838535,7.405242329615283,4.963778414971592,10.846197779951067,8.093992471694946,5.698025905883809,11.347025860649005,0.7771799564361572,8.123857736587524,5.4412985781316845,11.923602125836156,0.8070452213287354,9.071343898773193,6.327341246785584,12.842943096427096,1.7545313835144043
2025 H2,2025-12-16 08:00:00,2025-12-16 10:00:00,2025-12-16 14:00:00,7.400000095367432,8.066804885864258,5.4728257773754665,11.700318789001058,8.4826356916801,5.801831874390737,12.220023858525584,8.09457095887742,5.452878317008997,11.817725185990247,8.798214673995972,6.216708824216121,12.30315703961328,0.7314097881317139,8.873850107192993,5.970781273923634,12.985938176545217,0.8070452213287354,9.698880672454834,6.783901575961945,13.70548497130524,1.6320757865905762
2025 H2,2025-12-17 08:00:00,2025-12-17 10:00:00,2025-12-17 14:00:00,8.399999618530273,8.065279006958008,5.471736446741149,11.69818141549553,7.898195595342179,5.382616858102481,11.405238574277531,8.127057218687266,5.47592831930988,11.863510737881155,8.548463106155396,6.032758543122533,11.96406625232011,0.4831840991973877,8.8265540599823,5.937391016157141,12.918945100379133,0.761275053024292,9.415173768997192,6.5774924495735405,13.315533187302906,1.3498947620391846
2025 H2,2025-12-18 08:00:00,2025-12-18 10:00:00,2025-12-18 14:00:00,9.300000190734863,9.411145210266113,6.432555341967742,13.583402289279247,8.510773122788928,5.822014667656476,12.259251086341866,8.484134298535578,5.729285509712018,12.36676876955817,9.447129249572754,6.694655848193456,13.184196370901104,0.035984039306640625,10.142554998397827,6.8664667665870605,14.7830110488329,0.7314097881317139,10.622432470321655,7.455825725317711,14.97489599658367,1.211287260055542
2025 H2,2025-12-19 08:00:00,2025-12-19 10:00:00,2025-12-19 14:00:00,9.399999618530273,9.089938163757324,6.203244435127976,13.133471807782367,8.839906410530428,6.058099798444253,12.718105571323841,9.050973290662661,6.131475240054568,13.16566147803679,8.959966659545898,6.335844505591897,12.52276970751601,-0.12997150421142578,9.821347951889038,6.6396996959360015,14.328033320229345,0.7314097881317139,10.26589584350586,7.196429803788768,14.484840619028319,1.1759576797485352
2025 H2,2025-12-20 08:00:00,2025-12-20 10:00:00,2025-12-20 14:00:00,9.100000381469727,8.253730773925781,5.6062728650689255,11.962155058578192,9.009086147449556,6.17945130497605,12.953964063748293,8.570773349352653,5.7907585857869295,12.488876293790995,8.123759269714355,5.719950136070911,11.38744060984506,-0.12997150421142578,9.015005826950073,6.070434969018019,13.185879956940495,0.761275053024292,9.377355337142944,6.549977893581849,13.263552199917674,1.123624563217163
2025 H2,2025-12-21 08:00:00,2025-12-21 10:00:00,2025-12-21 14:00:00,8.800000190734863,7.712790489196777,5.2200935810662825,11.204433441277008,8.599769578418952,5.885851236759643,12.383323686514135,7.824659027981193,5.261367485518681,11.437316151821264,7.582818984985352,5.321529744595071,10.652999306379693,-0.12997150421142578,8.47406554222107,5.688539723884323,12.419658341533234,0.761275053024292,8.810048818588257,6.137237697759279,12.483796098495965,1.0972583293914795
2025 H2,2025-12-22 08:00:00,2025-12-22 10:00:00,2025-12-22 14:00:00,9.0,7.43659782409668,5.02291860877046,10.817556814051489,8.254595467094179,5.638260129291149,11.902106213289624,7.455095173285896,4.9991505436204235,10.916459483642132,7.519593238830566,5.2749618936779195,10.567156930188846,0.08299541473388672,8.243424654006958,5.525710921835481,12.092964177805127,0.8068268299102783,8.560222387313843,5.955478090221971,12.14041262287694,1.123624563217163
2025 H2,2025-12-23 08:00:00,2025-12-23 10:00:00,2025-12-23 14:00:00,8.300000190734863,7.712790489196777,5.2200935810662825,11.204433441277008,8.810080427303284,6.036705817910189,12.67652428288388,8.051648538021393,5.422423536887123,11.757231095907532,8.209967136383057,5.783445078037837,11.504486094813604,0.4971766471862793,8.502347230911255,5.708506146685581,12.459718292338142,0.7895567417144775,8.810048818588257,6.137237697759279,12.483796098495965,1.0972583293914795
2025 H2,2025-12-24 08:00:00,2025-12-24 10:00:00,2025-12-24 14:00:00,5.099999904632568,5.930509567260742,3.9477165927825646,8.707905042895717,8.148643834699921,5.562261724017046,11.754395897967614,5.65733743206179,3.7235860337568343,8.382731968381592,6.704193592071533,4.674393114383276,9.460078762196762,0.773684024810791,6.72006630897522,4.450244137375514,9.935184243631605,0.7895567417144775,7.027767896652222,4.840550716963026,10.034072046553549,1.0972583293914795
2025 H2,2025-12-25 08:00:00,2025-12-25 10:00:00,2025-12-25 14:00:00,9.0,11.069826126098633,7.6166938255453625,15.906798090279455,8.715680563232432,5.968993419664347,12.544918630633296,9.767624210614045,6.639961149189707,14.1756964305111,11.88906192779541,8.49321994312404,16.49963851821129,0.8192358016967773,11.88906192779541,8.099472905636459,17.256872579470063,0.8192358016967773,12.167084455490112,8.579627306974828,17.098001884872794,1.0972583293914795
2025 H2,2025-12-26 08:00:00,2025-12-26 10:00:00,2025-12-26 14:00:00,6.199999809265137,8.086642265319824,5.486987756453205,11.728105980431286,8.553780106356957,5.852863292571073,12.31920839856376,8.391798701060663,5.663770558261524,12.23663263464106,9.023374080657959,6.38254616611732,12.608858746039456,0.9367318153381348,8.905878067016602,5.993392504614461,13.031304579837846,0.8192358016967773,9.14918565750122,6.383974515908654,12.949935673329286,1.0625433921813965
2025 H2,2025-12-27 08:00:00,2025-12-27 10:00:00,2025-12-27 14:00:00,8.899999618530273,8.73697280883789,5.951261153629889,12.639055904343374,8.136763917044584,5.55374033764299,11.737833752173204,8.607427932513717,5.816766141939775,12.540536605848596,9.673704624176025,6.861536097264654,13.491820554483857,0.9367318153381348,9.510656833648682,6.420356703537675,13.887951009424789,0.773684024810791,9.761349201202393,6.82935015084119,13.791347225385884,1.024376392364502
2025 H2,2025-12-28 08:00:00,2025-12-28 10:00:00,2025-12-28 14:00:00,10.899999618530273,8.933530807495117,6.091584640952463,12.914384344174122,8.534554425307865,5.839072838691113,12.29240530600286,8.853338628206023,5.991247357527469,12.887118729615842,9.968173503875732,7.078422155928565,13.891624588204474,1.0346426963806152,9.707214832305908,6.559123527158134,14.166368039001002,0.773684024810791,9.955592155456543,6.970670358443005,14.058331869108516,1.0220613479614258
2025 H2,2025-12-28 22:00:00,2025-12-29 00:00:00,2025-12-29 04:00:00,10.5,8.233893394470215,5.592110885991185,11.934367867147962,8.852231566995053,6.066940551671913,12.735288437756786,8.723003047461727,5.898770247092844,12.703426099860046,9.296436786651611,6.58366587062213,12.979599353421339,1.0625433921813965,9.053129196166992,6.097349461880595,13.239880278918346,0.8192358016967773,9.25595474243164,6.461653674495178,13.096688518034494,1.0220613479614258
2025 H2,2025-12-29 00:30:00,2025-12-29 02:30:00,2025-12-29 06:30:00,7.900000095367432,7.177953243255615,4.8382712791850775,10.455260650068691,8.599705671972046,5.885805397087882,12.383234592639788,7.380218240170811,4.946023052469142,10.810929277128972,8.240496635437012,5.805931062735264,11.545936372621188,1.0625433921813965,7.997189044952393,5.351872494683307,11.74418067717326,0.8192358016967773,8.200014591217041,5.693411233178661,11.645311266555984,1.0220613479614258
2025 H2,2025-12-29 08:00:00,2025-12-29 10:00:00,2025-12-29 14:00:00,4.699999809265137,4.371773719787598,2.834929265752572,6.524507206507225,6.996536970095257,4.735863088746481,10.148209523961063,4.923873864928591,3.2031710334153454,7.3490015725268485,5.562394618988037,3.8334204475564064,7.9098441988623565,1.1906208992004395,5.191009521484375,3.3707543430912934,7.7693326795396205,0.8192358016967773,5.393835067749023,3.6517934337212314,7.788250694286321,1.0220613479614258
2025 H2,2025-12-30 08:00:00,2025-12-30 10:00:00,2025-12-30 14:00:00,9.699999809265137,6.743064880371094,4.527802857178088,9.84609116690586,8.476434746223527,5.797383977220661,12.211378936423046,7.310108473777654,4.896278012992886,10.712117829888106,7.948991894721985,5.59122819036382,11.150156786997737,1.2059270143508911,7.677481651306152,5.1261641551227735,11.291327150577457,0.9344167709350586,7.7651262283325195,5.377011011804134,11.047562354274065,1.0220613479614258
2025 H2,2025-12-31 08:00:00,2025-12-31 10:00:00,2025-12-31 14:00:00,9.0,7.749412536621094,5.246238197121491,11.25573174126799,8.470615234042187,5.793209679616549,12.203265781770295,8.072893752501294,5.437497671167613,11.787173720133794,9.099928140640259,6.438930760513898,12.712797138476127,1.350515604019165,8.784055233001709,5.907387519642217,12.858747106661031,1.0346426963806152,8.77147388458252,6.10917275351021,12.430775307849059,1.0220613479614258
